6, 1, 0.000000, 0.000000, 0.00, 0.00, 1, 0.00, 1500, 1500, 1500, 177.50, 13168.75, 0.00, 13167.50
8, 0, 40.316036, -87.699760, 27.40, 0.00, 1, 0.00, 1500, 1500, 1520, 161.25, 13165.00, 0.00, 13163.75
9, 0, 40.316036, -87.699760, 26.06, 0.00, 1, 0.00, 1500, 1500, 1520, 158.75, 13168.75, 0.00, 13165.00
10, 0, 40.316036, -87.699760, 28.09, 0.00, 1, 0.00, 1500, 1500, 1520, 207.50, 13148.75, 0.00, 13162.50
11, 0, 40.316034, -87.699760, 27.19, 0.00, 1, 0.00, 1500, 1500, 1520, 243.75, 13161.25, 0.00, 13157.50
12, 0, 40.316034, -87.699760, 27.70, 0.00, 1, 0.00, 1500, 1500, 1520, 176.25, 13165.00, 0.00, 13165.00
13, 0, 40.316034, -87.699760, 27.94, 0.00, 1, 0.00, 1500, 1500, 1520, 168.75, 13168.75, 0.00, 13166.25
14, 0, 40.316034, -87.699760, 28.15, 0.00, 1, 0.00, 1500, 1500, 1520, 157.50, 13165.00, 0.00, 13161.25
15, 0, 40.316034, -87.699760, 24.99, 0.00, 1, 0.00, 1500, 1500, 1520, 172.50, 13166.25, 0.00, 13161.25
17, 0, 40.316034, -87.699760, 27.24, 0.00, 1, 0.00, 1500, 1500, 1520, 183.75, 13166.25, 0.00, 13165.00
18, 0, 40.316034, -87.699760, 29.05, 0.00, 1, 0.00, 1500, 1500, 1520, 157.50, 13166.25, 0.00, 13165.00
19, 0, 40.316034, -87.699760, 25.08, 0.00, 1, 0.00, 1500, 1500, 1520, 158.75, 13166.25, 1.25, 13165.00
20, 0, 40.316034, -87.699760, 27.57, 0.00, 1, 0.00, 1500, 1500, 1520, 160.00, 13168.75, 0.00, 13163.75
21, 0, 40.316032, -87.699760, 25.38, 0.00, 1, 0.00, 1500, 1500, 1520, 162.50, 13167.50, 0.00, 13165.00
22, 0, 40.316034, -87.699760, 24.13, 0.00, 1, 0.00, 1500, 1500, 1520, 168.75, 13143.75, 0.00, 13147.50
23, 0, 40.316032, -87.699760, 25.27, 0.00, 1, 0.00, 1500, 1500, 1520, 172.50, 13167.50, 0.00, 13166.25
24, 0, 40.316032, -87.699760, 24.24, 0.00, 1, 0.00, 1500, 1500, 1520, 283.75, 13155.00, 0.00, 13158.75
25, 0, 40.316034, -87.699753, 26.44, 0.00, 1, 0.00, 1500, 1500, 1520, 162.50, 13166.25, 0.00, 13163.75
27, 1, 40.316034, -87.699753, 23.46, 44.66, 1, 13.83, 1600, 1600, 1776, 290.00, 13153.75, 0.00, 13150.00
28, 1, 40.316036, -87.699753, 23.76, 44.66, 1, 14.64, 1775, 1775, 1792, 841.25, 13082.50, 1.25, 13083.75
29, 1, 40.316036, -87.699753, 28.39, 44.66, 1, 15.19, 1925, 1925, 1803, 850.00, 13080.00, 0.00, 13082.50
30, 1, 40.316038, -87.699753, 27.87, 44.66, 1, 15.87, 2000, 2000, 1817, 847.50, 13070.00, 0.00, 13076.25
31, 1, 40.316040, -87.699753, 26.18, 44.66, 1, 16.73, 2000, 2000, 1834, 958.75, 13076.25, 2.50, 13082.50
32, 1, 40.316040, -87.699753, 23.94, 44.66, 1, 16.87, 2000, 2000, 1837, 987.50, 13052.50, 0.00, 13071.25
33, 1, 40.316042, -87.699745, 27.40, 44.66, 1, 17.62, 2000, 2000, 1852, 945.00, 13062.50, 0.00, 13072.50
34, 1, 40.316042, -87.699745, 27.19, 44.66, 1, 18.58, 2000, 2000, 1871, 907.50, 13078.75, 1.25, 13073.75
35, 1, 40.316042, -87.699745, 26.93, 44.66, 1, 19.89, 2000, 2000, 1897, 952.50, 13071.25, 0.00, 13075.00
36, 1, 40.316044, -87.699745, 28.41, 44.66, 1, 20.97, 2000, 2000, 1919, 895.00, 13043.75, 0.00, 13048.75
37, 1, 40.316044, -87.699745, 28.80, 44.66, 1, 21.67, 2000, 2000, 1933, 968.75, 13070.00, 0.00, 13076.25
38, 0, 40.316044, -87.699745, 28.52, 44.66, 1, 21.59, 1950, 1950, 1520, 663.75, 13085.00, 0.00, 13086.25
39, 0, 40.316044, -87.699745, 27.03, 44.66, 1, 21.59, 1775, 1775, 1520, 550.00, 13107.50, 1.25, 13111.25
41, 0, 40.316046, -87.699745, 26.83, 44.66, 1, 21.59, 1600, 1600, 1520, 280.00, 13146.25, 1.25, 13142.50
42, 0, 40.316046, -87.699738, 25.08, 44.66, 1, 21.59, 1500, 1500, 1520, 163.75, 13161.25, 0.00, 13158.75
43, 0, 40.316048, -87.699738, 26.38, 44.66, 1, 21.59, 1500, 1500, 1520, 163.75, 13162.50, 0.00, 13158.75
44, 0, 40.316048, -87.699738, 27.03, 44.66, 1, 21.59, 1500, 1500, 1520, 162.50, 13161.25, 0.00, 13157.50
45, 0, 40.316048, -87.699738, 23.53, 44.66, 1, 21.59, 1500, 1500, 1520, 176.25, 13161.25, 0.00, 13157.50
46, 0, 40.316050, -87.699738, 27.70, 44.66, 1, 21.59, 1500, 1500, 1520, 168.75, 13162.50, 0.00, 13160.00
47, 0, 40.316050, -87.699738, 25.57, 44.66, 1, 21.59, 1500, 1500, 1520, 167.50, 13162.50, 0.00, 13161.25
48, 0, 40.316050, -87.699738, 25.46, 44.66, 1, 21.59, 1500, 1500, 1520, 161.25, 13161.25, 1.25, 13158.75
49, 0, 40.316050, -87.699738, 26.44, 44.66, 1, 21.59, 1500, 1500, 1520, 158.75, 13161.25, 0.00, 13158.75
51, 0, 40.316051, -87.699738, 27.73, 44.66, 1, 21.59, 1500, 1500, 1520, 158.75, 13161.25, 0.00, 13157.50
6, 1, 0.000000, 0.000000, 0.00, 0.00, 1, 0.00, 1500, 1500, 1500, 221.25, 13126.25, 0.00, 13126.25
7, 0, 0.000000, 0.000000, 259.19, 0.00, 1, 0.00, 1475, 1525, 500, 2727.50, 12840.00, 0.00, 12852.50
9, 0, 0.000000, 0.000000, 257.37, 0.00, 1, 0.00, 1500, 150031.496674, -96.322029, 237.80, 0.00, 1, 0.00, 1500, 1500, 1500, 206.25, 14413.75, 7.50, 14421.25
51, 0, 41.496674, -86.322029, 240.84, 0.00, 1, 0.00, 1500, 1500, 1500, 155.00, 14423.75, 6.25, 14425.00
52, 0, 41.496674, -86.322029, 239.61, 0.00, 1, 0.00, 1500, 1500, 1500, 152.50, 14422.50, 7.50, 14422.50
53, 0, 41.496675, -86.322037, 240.75, 0.00, 1, 0.00, 1500, 1500, 1500, 145.00, 14426.25, 6.25, 14423.75
54, 0, 41.496675, -86.322037, 238.04, 0.00, 1, 0.00, 1500, 1500, 1500, 163.75, 14428.75, 7.50, 14425.00
55, 0, 41.496677, -86.322029, 239.15, 0.00, 1, 0.00, 1500, 1500, 1500, 163.75, 14428.75, 7.50, 14426.25
56, 0, 41.496677, -86.322029, 238.86, 0.00, 1, 0.00, 1500, 1500, 1500, 153.75, 14430.00, 6.25, 14425.00
57, 0, 41.496677, -86.322029, 237.81, 0.00, 1, 0.00, 1500, 1500, 1500, 216.25, 14416.25, 7.50, 14418.75
58, 0, 41.496677, -86.322029, 238.43, 0.00, 1, 0.00, 1500, 1500, 1500, 165.00, 14428.75, 7.50, 14427.50
59, 0, 41.496677, -86.322029, 240.54, 0.00, 1, 0.00, 1500, 1500, 1500, 161.25, 14427.50, 7.50, 14425.00
60, 0, 41.496679, -86.322029, 239.27, 0.00, 1, 0.00, 1500, 1500, 1500, 143.75, 14428.75, 7.50, 14426.25
61, 0, 41.496679, -86.322029, 238.09, 0.00, 1, 0.00, 1500, 1500, 1500, 145.00, 14427.50, 8.75, 14427.50
63, 0, 41.496681, -86.322029, 238.94, 0.00, 1, 0.00, 1500, 1500, 1500, 148.75, 14426.25, 6.25, 14423.75
64, 0, 41.496681, -86.322029, 238.08, 0.00, 1, 0.00, 1500, 1500, 1500, 157.50, 14430.00, 7.50, 14426.25
65, 0, 41.496683, -86.322037, 241.71, 0.00, 1, 0.00, 1500, 1500, 1500, 130.00, 14431.25, 6.25, 14428.75
66, 0, 41.496683, -86.322037, 238.19, 0.00, 1, 0.00, 1500, 1500, 1500, 151.25, 14430.00, 5.00, 14423.75
67, 0, 41.496683, -86.322037, 238.60, 0.00, 1, 0.00, 1500, 1500, 1500, 147.50, 14431.25, 7.50, 14427.50
68, 0, 41.496685, -86.322037, 238.37, 0.00, 1, 0.00, 1500, 1500, 1500, 155.00, 14426.25, 6.25, 14425.00
69, 0, 41.496685, -86.322037, 239.61, 0.00, 1, 0.00, 1500, 1500, 1500, 160.00, 14430.00, 7.50, 14427.50
70, 0, 41.496685, -86.322037, 238.31, 0.00, 1, 0.00, 1500, 1500, 1500, 161.25, 14428.75, 6.25, 14427.50
71, 0, 41.496685, -86.322037, 239.02, 0.00, 1, 0.00, 1500, 1500, 1500, 158.75, 14427.50, 6.25, 14425.00
72, 0, 41.496687, -86.322037, 239.73, 0.00, 1, 0.00, 1500, 1500, 1500, 157.50, 14426.25, 7.50, 14423.75
73, 0, 41.496687, -86.322037, 240.06, 0.00, 1, 0.00, 1500, 1500, 1500, 145.00, 14425.00, 6.25, 14422.50
74, 0, 41.496687, -86.322037, 239.73, 0.00, 1, 0.00, 1500, 1500, 1500, 201.25, 14412.50, 7.50, 14422.50
76, 0, 41.496687, -86.322037, 239.73, 0.00, 1, 0.00, 1500, 1500, 1500, 150.00, 14427.50, 6.25, 14423.75
77, 0, 41.496689, -86.322037, 237.84, 0.00, 1, 0.00, 1500, 1500, 1500, 145.00, 14430.00, 6.25, 14426.25
78, 0, 41.496689, -86.322037, 238.60, 0.00, 1, 0.00, 1500, 1500, 1500, 151.25, 14425.00, 7.50, 14423.75
79, 0, 41.496689, -86.322037, 241.13, 0.00, 1, 0.00, 1500, 1500, 1500, 158.75, 14430.00, 7.50, 14425.00
80, 0, 41.496689, -86.322044, 237.80, 0.00, 1, 0.00, 1500, 1500, 1500, 147.50, 14426.25, 6.25, 14423.75
81, 0, 41.496687, -86.322044, 237.41, 0.00, 1, 0.00, 1500, 1500, 1500, 146.25, 14426.25, 7.50, 14426.25
82, 0, 41.496687, -86.322044, 238.63, 0.00, 1, 0.00, 1500, 1500, 1500, 143.75, 14432.50, 8.75, 14428.75
83, 0, 41.496687, -86.322044, 237.47, 0.00, 1, 0.00, 1500, 1500, 1500, 168.75, 14428.75, 7.50, 14425.00
84, 0, 41.496687, -86.322044, 238.94, 0.00, 1, 0.00, 1500, 1500, 1500, 155.00, 14428.75, 7.50, 14426.25
85, 0, 41.496687, -86.322044, 236.98, 0.00, 1, 0.00, 1500, 1500, 1500, 153.75, 14427.50, 7.50, 14423.75
86, 0, 41.496687, -86.322044, 239.49, 0.00, 1, 0.00, 1500, 1500, 1500, 146.25, 14432.50, 7.50, 14427.50
87, 0, 41.496687, -86.322044, 241.87, 0.00, 1, 0.00, 1500, 1500, 1500, 156.25, 14428.75, 7.50, 14422.50
89, 0, 41.496687, -86.322052, 238.60, 0.00, 1, 0.00, 1500, 1500, 1500, 145.00, 14427.50, 7.50, 14426.25
90, 0, 41.496689, -86.322052, 240.75, 0.00, 1, 0.00, 1500, 1500, 1500, 147.50, 14430.00, 6.25, 14423.75
91, 0, 41.496689, -86.322052, 238.60, 0.00, 1, 0.00, 1500, 1500, 1500, 1030.00, 14496.25, 6772.50, 15191.25
92, 0, 41.496689, -86.322052, 239.38, 0.00, 1, 0.00, 1500, 1500, 1500, 157.50, 14423.75, 6.25, 14401.25
93, 0, 41.496689, -86.322052, 238.63, 0.00, 1, 0.00, 1500, 1500, 1500, 151.25, 14426.25, 7.50, 14426.25
94, 0, 41.496689, -86.322052, 240.51, 0.00, 1, 0.00, 1500, 1500, 1500, 226.25, 14415.00, 6.25, 14422.50
95, 0, 41.496689, -86.322060, 240.54, 0.00, 1, 0.00, 1500, 1500, 1500, 96.25, 14435.00, 7.50, 14430.00
96, 0, 41.496689, -86.322060, 239.51, 0.00, 1, 0.00, 1500, 1500, 1500, 161.25, 14426.25, 6.25, 14427.50
97, 0, 41.496689, -86.322060, 239.15, 0.00, 1, 0.00, 1500, 1500, 1500, 151.25, 14428.75, 6.25, 14428.75
98, 0, 41.496691, -86.322060, 241.15, 0.00, 1, 0.00, 1500, 1500, 1500, 151.25, 14428.75, 6.25, 14427.50
99, 0, 41.496691, -86.322060, 237.38, 0.00, 1, 0.00, 1500, 1500, 1500, 148.75, 14431.25, 7.50, 14427.50
101, 0, 41.496691, -86.322067, 237.94, 0.00, 1, 0.00, 1500, 1500, 1500, 151.25, 14431.25, 7.50, 14427.50
102, 0, 41.496691, -86.322067, 237.12, 0.00, 1, 0.00, 1500, 1500, 1500, 147.50, 14430.00, 6.25, 14425.00
103, 0, 41.496691, -86.322067, 239.61, 0.00, 1, 0.00, 1500, 1500, 1500, 147.50, 14427.50, 7.50, 14426.25
104, 0, 41.496693, -86.322060, 239.62, 0.00, 1, 0.00, 1500, 1500, 1500, 158.75, 14428.75, 7.50, 14425.00
105, 0, 41.496695, -86.322060, 237.65, 0.00, 1, 0.00, 1500, 1500, 1500, 147.50, 14427.50, 7.50, 14422.50
106, 0, 41.496695, -86.322060, 241.00, 0.00, 1, 0.00, 1500, 1500, 1500, 157.50, 14431.25, 7.50, 14427.50
107, 0, 41.496695, -86.322060, 238.31, 0.00, 1, 0.00, 1500, 1500, 1500, 160.00, 14427.50, 5.00, 14425.00
108, 0, 41.496695, -86.322060, 242.77, 0.00, 1, 0.00, 1500, 1500, 1500, 162.50, 14431.25, 6.25, 14427.50
109, 0, 41.496696, -86.322060, 239.73, 0.00, 1, 0.00, 1500, 1500, 1500, 150.00, 14430.00, 7.50, 14427.50
110, 0, 41.496695, -86.322060, 240.07, 0.00, 1, 0.00, 1500, 1500, 1500, 148.75, 14431.25, 7.50, 14425.00
111, 0, 41.496695, -86.322060, 236.91, 0.00, 1, 0.00, 1500, 1500, 1500, 153.75, 14432.50, 7.50, 14430.00
112, 0, 41.496696, -86.322060, 240.42, 0.00, 1, 0.00, 1500, 1500, 1500, 152.50, 14428.75, 5.00, 14425.00
114, 0, 41.496696, -86.322060, 238.27, 0.00, 1, 0.00, 1500, 1500, 1500, 151.25, 14426.25, 6.25, 14425.00
115, 0, 41.496695, -86.322052, 238.86, 0.00, 1, 0.00, 1500, 1500, 1500, 156.25, 14428.75, 7.50, 14425.00
116, 0, 41.496695, -86.322052, 240.42, 0.00, 1, 0.00, 1500, 1500, 1500, 251.25, 14422.50, 6.25, 14423.75
117, 0, 41.496695, -86.322052, 240.94, 0.00, 1, 0.00, 1500, 1500, 1500, 151.25, 14423.75, 7.50, 14426.25
118, 0, 41.496695, -86.322052, 237.04, 0.00, 1, 0.00, 1500, 1500, 1500, 157.50, 14430.00, 6.25, 14426.25
119, 0, 41.496695, -86.322052, 238.94, 0.00, 1, 0.00, 1500, 1500, 1500, -16.25, 14438.75, 7.50, 14435.00
120, 0, 41.496695, -86.322052, 238.37, 0.00, 1, 0.00, 1500, 1500, 1500, 151.25, 14430.00, 6.25, 14427.50
121, 0, 41.496693, -86.322052, 240.97, 0.00, 1, 0.00, 1500, 1500, 1500, 160.00, 14428.75, 6.25, 14427.50
122, 0, 41.496693, -86.322052, 239.26, 0.00, 1, 0.00, 1500, 1500, 1500, 147.50, 14428.75, 5.00, 14426.25
124, 0, 41.496693, -86.322052, 239.62, 0.00, 1, 0.00, 1500, 1500, 1500, 146.25, 14428.75, 7.50, 14425.00
125, 0, 41.496693, -86.322052, 239.61, 0.00, 1, 0.00, 1500, 1500, 1500, 160.00, 14428.75, 7.50, 14423.75
126, 0, 41.496693, -86.322052, 238.53, 0.00, 1, 0.00, 1500, 1500, 1500, 158.75, 14426.25, 7.50, 14426.25
127, 0, 41.496695, -86.322052, 238.13, 0.00, 1, 0.00, 1500, 1500, 1500, 147.50, 14427.50, 6.25, 14425.00
128, 0, 41.496695, -86.322052, 237.44, 0.00, 1, 0.00, 1500, 1500, 1500, 146.25, 14428.75, 6.25, 14423.75
129, 0, 41.496695, -86.322052, 240.29, 0.00, 1, 0.00, 1500, 1500, 1500, 146.25, 14426.25, 6.25, 14425.00
130, 0, 41.496695, -86.322052, 239.38, 0.00, 1, 0.00, 1500, 1500, 1500, 203.75, 14427.50, 6.25, 14422.50
131, 0, 41.496695, -86.322052, 238.47, 0.00, 1, 0.00, 1500, 1500, 1500, 145.00, 14426.25, 6.25, 14425.00
132, 0, 41.496695, -86.322052, 238.67, 0.00, 1, 0.00, 1500, 1500, 1500, 148.75, 14427.50, 7.50, 14426.25
133, 0, 41.496695, -86.322052, 238.08, 0.00, 1, 0.00, 1500, 1500, 1500, 146.25, 14433.75, 5.00, 14431.25
134, 0, 41.496695, -86.322052, 239.29, 0.00, 1, 0.00, 1500, 1500, 1500, 156.25, 14432.50, 7.50, 14430.00
135, 0, 41.496695, -86.322052, 239.49, 0.00, 1, 0.00, 1500, 1500, 1500, 187.50, 14408.75, 8.75, 14418.75
137, 0, 41.496695, -86.322052, 238.63, 0.00, 1, 0.00, 1500, 1500, 1500, 145.00, 14428.75, 7.50, 14425.00
138, 0, 41.496696, -86.322052, 241.61, 0.00, 1, 0.00, 1500, 1500, 1500, 147.50, 14427.50, 7.50, 14426.25
139, 0, 41.496696, -86.322052, 239.51, 0.00, 1, 0.00, 1500, 1500, 1500, 1585.00, 14428.75, 8030.00, 15197.50
140, 0, 41.496696, -86.322052, 239.06, 0.00, 1, 0.00, 1500, 1500, 1500, 250.00, 14426.25, 7.50, 14425.00
141, 0, 41.496696, -86.322052, 239.95, 0.00, 1, 0.00, 1500, 1500, 1500, 153.75, 14430.00, 6.25, 14426.25
142, 0, 41.496696, -86.322052, 238.70, 0.00, 1, 0.00, 1500, 1500, 1500, 147.50, 14430.00, 6.25, 14423.75
143, 0, 41.496695, -86.322052, 239.29, 0.00, 1, 0.00, 1500, 1500, 1500, 150.00, 14427.50, 7.50, 14427.50
144, 0, 41.496695, -86.322052, 238.47, 0.00, 1, 0.00, 1500, 1500, 1500, 146.25, 14426.25, 6.25, 14423.75
145, 0, 41.496695, -86.322052, 240.30, 0.00, 1, 0.00, 1500, 1500, 1500, 146.25, 14430.00, 7.50, 14427.50
146, 0, 41.496695, -86.322052, 239.26, 0.00, 1, 0.00, 1500, 1500, 1500, 161.25, 14432.50, 7.50, 14430.00
147, 0, 41.496695, -86.322052, 237.76, 0.00, 1, 0.00, 1500, 1500, 1500, 156.25, 14430.00, 6.25, 14427.50
148, 0, 41.496695, -86.322052, 238.70, 0.00, 1, 0.00, 1500, 1500, 1500, 165.00, 14427.50, 8.75, 14426.25
150, 0, 41.496695, -86.322052, 239.73, 0.00, 1, 0.00, 1500, 1500, 1500, 153.75, 14426.25, 7.50, 14421.25
151, 0, 41.496695, -86.322052, 240.36, 0.00, 1, 0.00, 1500, 1500, 1500, 165.00, 14430.00, 7.50, 14427.50
152, 0, 41.496695, -86.322044, 241.03, 0.00, 1, 0.00, 1500, 1500, 1500, 163.75, 14427.50, 7.50, 14425.00
153, 0, 41.496695, -86.322044, 237.14, 0.00, 1, 0.00, 1500, 1500, 1500, 150.00, 14428.75, 7.50, 14428.75
154, 0, 41.496695, -86.322044, 240.39, 0.00, 1, 0.00, 1500, 1500, 1500, 156.25, 14426.25, 7.50, 14426.25
155, 0, 41.496693, -86.322044, 238.60, 0.00, 1, 0.00, 1500, 1500, 1500, 152.50, 14428.75, 7.50, 14422.50
156, 0, 41.496693, -86.322044, 239.27, 0.00, 1, 0.00, 1500, 1500, 1500, 147.50, 14428.75, 7.50, 14426.25
157, 0, 41.496693, -86.322044, 237.29, 0.00, 1, 0.00, 1500, 1500, 1500, 145.00, 14431.25, 5.00, 14427.50
158, 0, 41.496693, -86.322044, 239.62, 0.00, 1, 0.00, 1500, 1500, 1500, 155.00, 14430.00, 7.50, 14425.00
159, 0, 41.496693, -86.322044, 236.10, 0.00, 1, 0.00, 1500, 1500, 1500, 161.25, 14431.25, 6.25, 14426.25
160, 0, 41.496693, -86.322044, 241.06, 0.00, 1, 0.00, 1500, 1500, 1500, 156.25, 14430.00, 7.50, 14427.50
161, 0, 41.496693, -86.322044, 240.05, 0.00, 1, 0.00, 1500, 1500, 1500, 158.75, 14430.00, 6.25, 14425.00
163, 0, 41.496693, -86.322044, 240.40, 0.00, 1, 0.00, 1500, 1500, 1500, 151.25, 14427.50, 6.25, 14415.00
164, 0, 41.496693, -86.322044, 239.06, 0.00, 1, 0.00, 1500, 1500, 1500, 147.50, 14426.25, 7.50, 14422.50
165, 0, 41.496691, -86.322044, 240.40, 0.00, 1, 0.00, 1500, 1500, 1500, 145.00, 14426.25, 7.50, 14427.50
166, 0, 41.496691, -86.322044, 238.73, 0.00, 1, 0.00, 1500, 1500, 1500, 152.50, 14431.25, 7.50, 14426.25
167, 0, 41.496691, -86.322044, 238.60, 0.00, 1, 0.00, 1500, 1500, 1500, 152.50, 14427.50, 6.25, 14422.50
168, 0, 41.496691, -86.322044, 239.49, 0.00, 1, 0.00, 1500, 1500, 1500, 147.50, 14428.75, 6.25, 14426.25
169, 0, 41.496691, -86.322044, 238.47, 0.00, 1, 0.00, 1500, 1500, 1500, 162.50, 14431.25, 6.25, 14428.75
170, 0, 41.496691, -86.322044, 238.27, 0.00, 1, 0.00, 1500, 1500, 1500, 160.00, 14430.00, 7.50, 14427.50
171, 0, 41.496691, -86.322044, 238.47, 0.00, 1, 0.00, 1500, 1500, 1500, 150.00, 14427.50, 8.75, 14425.00
172, 0, 41.496691, -86.322044, 235.93, 0.00, 1, 0.00, 1500, 1500, 1500, 142.50, 14428.75, 7.50, 14427.50
173, 0, 41.496691, -86.322044, 238.96, 0.00, 1, 0.00, 1500, 1500, 1500, 151.25, 14431.25, 8.75, 14427.50
174, 0, 41.496691, -86.322044, 238.70, 0.00, 1, 0.00, 1500, 1500, 1500, 146.25, 14430.00, 7.50, 14425.00
176, 0, 41.496691, -86.322044, 240.30, 0.00, 1, 0.00, 1500, 1500, 1500, 155.00, 14423.75, 7.50, 14425.00
177, 0, 41.496691, -86.322044, 239.04, 0.00, 1, 0.00, 1500, 1500, 1500, 155.00, 14425.00, 7.50, 14423.75
178, 0, 41.496693, -86.322044, 237.23, 0.00, 1, 0.00, 1500, 1500, 1500, -1077.50, 14491.25, 4323.75, 14487.50
179, 0, 41.496693, -86.322044, 240.28, 0.00, 1, 0.00, 1500, 1500, 1500, 153.75, 14427.50, 6.25, 14422.50
180, 0, 41.496693, -86.322044, 238.70, 0.00, 1, 0.00, 1500, 1500, 1500, 163.75, 14430.00, 7.50, 14426.25
181, 0, 41.496693, -86.322044, 239.95, 0.00, 1, 0.00, 1500, 1500, 1500, 161.25, 14431.25, 8.75, 14427.50
182, 0, 41.496693, -86.322044, 237.94, 0.00, 1, 0.00, 1500, 1500, 1500, 148.75, 14430.00, 6.25, 14426.25
183, 0, 41.496693, -86.322044, 236.82, 0.00, 1, 0.00, 1500, 1500, 1500, 146.25, 14428.75, 7.50, 14427.50
184, 0, 41.496693, -86.322044, 240.17, 0.00, 1, 0.00, 1500, 1500, 1500, 163.75, 14426.25, 8.75, 14426.25
185, 0, 41.496693, -86.322044, 241.27, 0.00, 1, 0.00, 1500, 1500, 1500, 156.25, 14431.25, 6.25, 14427.50
186, 0, 41.496693, -86.322044, 239.49, 0.00, 1, 0.00, 1500, 1500, 1500, 233.75, 14427.50, 7.50, 14431.25
187, 0, 41.496693, -86.322044, 239.95, 0.00, 1, 0.00, 1500, 1500, 1500, 160.00, 14427.50, 6.25, 14426.25
189, 0, 41.496693, -86.322052, 240.51, 0.00, 1, 0.00, 1500, 1500, 1500, 158.75, 14427.50, 7.50, 14425.00
190, 0, 41.496693, -86.322052, 239.61, 0.00, 1, 0.00, 1500, 1500, 1500, 161.25, 14427.50, 6.25, 14423.75
191, 0, 41.496695, -86.322052, 239.62, 0.00, 1, 0.00, 1500, 1500, 1500, 160.00, 14427.50, 5.00, 14426.25
192, 0, 41.496695, -86.322052, 240.30, 0.00, 1, 0.00, 1500, 1500, 1500, 138.75, 14430.00, 7.50, 14428.75
193, 0, 41.496696, -86.322052, 240.94, 0.00, 1, 0.00, 1500, 1500, 1500, 145.00, 14430.00, 6.25, 14427.50
194, 0, 41.496696, -86.322052, 236.65, 0.00, 1, 0.00, 1500, 1500, 1500, 148.75, 14427.50, 6.25, 14423.75
195, 0, 41.496696, -86.322052, 238.04, 0.00, 1, 0.00, 1500, 1500, 1500, 158.75, 14430.00, 7.50, 14428.75
196, 0, 41.496696, -86.322052, 237.89, 0.00, 1, 0.00, 1500, 1500, 1500, 156.25, 14428.75, 6.25, 14426.25
197, 0, 41.496698, -86.322052, 239.49, 0.00, 1, 0.00, 1500, 1500, 1500, 150.00, 14665.00, 6.25, 14836.25
198, 0, 41.496698, -86.322052, 239.06, 0.00, 1, 0.00, 1500, 1500, 1500, 431.25, 15142.50, 8665.00, 15217.50
199, 0, 41.496698, -86.322052, 238.31, 0.00, 1, 0.00, 1500, 1500, 1500, 156.25, 14426.25, 6.25, 14427.50
200, 0, 41.496698, -86.322052, 238.37, 0.00, 1, 0.00, 1500, 1500, 1500, 387.50, 14390.00, 6.25, 14373.75
201, 0, 41.496700, -86.322052, 239.95, 0.00, 1, 0.00, 1500, 1500, 1500, 160.00, 14430.00, 7.50, 14426.25
203, 0, 41.496700, -86.322052, 239.04, 0.00, 1, 0.00, 1500, 1500, 1500, 152.50, 14425.00, 7.50, 14423.75
204, 0, 41.496702, -86.322052, 240.94, 0.00, 1, 0.00, 1500, 1500, 1500, 430.00, 14378.75, 6.25, 14368.75
205, 0, 41.496702, -86.322052, 239.62, 0.00, 1, 0.00, 1500, 1500, 1500, 147.50, 14427.50, 6.25, 14425.00
206, 0, 41.496706, -86.322052, 240.82, 0.00, 1, 0.00, 1500, 1500, 1500, 167.50, 14427.50, 6.25, 14422.50
207, 0, 41.496706, -86.322052, 239.29, 0.00, 1, 0.00, 1500, 1500, 1500, 146.25, 14428.75, 7.50, 14426.25
208, 0, 41.496706, -86.322052, 237.94, 0.00, 1, 0.00, 1500, 1500, 1500, 152.50, 14427.50, 6.25, 14427.50
209, 0, 41.496706, -86.322052, 237.65, 0.00, 1, 0.00, 1500, 1500, 1500, 155.00, 14428.75, 7.50, 14427.50
210, 0, 41.496706, -86.322052, 240.65, 0.00, 1, 0.00, 1500, 1500, 1500, 153.75, 14428.75, 7.50, 14428.75
211, 0, 41.496708, -86.322052, 240.06, 0.00, 1, 0.00, 1500, 1500, 1500, 157.50, 14431.25, 6.25, 14426.25
213, 0, 41.496708, -86.322052, 239.61, 0.00, 1, 0.00, 1500, 1500, 1500, 158.75, 14430.00, 7.50, 14428.75
214, 0, 41.496708, -86.322052, 239.18, 0.00, 1, 0.00, 1500, 1500, 1500, 160.00, 14430.00, 7.50, 14425.00
215, 0, 41.496708, -86.322052, 240.75, 0.00, 1, 0.00, 1500, 1500, 1500, 160.00, 14432.50, 7.50, 14428.75
216, 0, 41.496710, -86.322052, 238.63, 0.00, 1, 0.00, 1500, 1500, 1500, 152.50, 14428.75, 7.50, 14423.75
217, 0, 41.496710, -86.322052, 239.73, 0.00, 1, 0.00, 1500, 1500, 1500, 163.75, 14427.50, 5.00, 14423.75
218, 0, 41.496710, -86.322052, 238.21, 0.00, 1, 0.00, 1500, 1500, 1500, 152.50, 14430.00, 5.00, 14427.50
219, 0, 41.496710, -86.322052, 240.49, 0.00, 1, 0.00, 1500, 1500, 1500, 158.75, 14426.25, 7.50, 14423.75
220, 0, 41.496710, -86.322052, 242.29, 0.00, 1, 0.00, 1500, 1500, 1500, 153.75, 14426.25, 7.50, 14422.50
221, 0, 41.496710, -86.322060, 245.21, 0.00, 1, 0.00, 1500, 1500, 1500, 152.50, 14426.25, 7.50, 14425.00
222, 0, 41.496710, -86.322060, 247.72, 0.00, 1, 0.00, 1500, 1500, 1500, 158.75, 14428.75, 7.50, 14425.00
223, 0, 41.496712, -86.322060, 250.02, 0.00, 1, 0.00, 1500, 1500, 1500, 160.00, 14428.75, 7.50, 14426.25
224, 0, 41.496712, -86.322052, 250.87, 0.00, 1, 0.00, 1500, 1500, 1500, 156.25, 14423.75, 5.00, 14421.25
226, 0, 41.496712, -86.322052, 249.46, 0.00, 1, 0.00, 1500, 1500, 1500, 163.75, 14426.25, 7.50, 14421.25
227, 0, 41.496714, -86.322044, 246.44, 0.00, 1, 0.00, 1500, 1500, 1500, 162.50, 14428.75, 7.50, 14427.50
228, 0, 41.496716, -86.322044, 249.98, 0.00, 1, 0.00, 1500, 1500, 1500, 150.00, 14430.00, 6.25, 14426.25
229, 0, 41.496716, -86.322037, 250.35, 0.00, 1, 0.00, 1500, 1500, 1500, 157.50, 14430.00, 6.25, 14423.75
230, 0, 41.496716, -86.322037, 250.93, 0.00, 1, 0.00, 1500, 1500, 1500, 243.75, 14426.25, 7.50, 14422.50
231, 0, 41.496717, -86.322037, 249.66, 0.00, 1, 0.00, 1500, 1500, 1500, 145.00, 14423.75, 7.50, 14423.75
232, 0, 41.496717, -86.322044, 250.60, 0.00, 1, 0.00, 1500, 1500, 1500, 158.75, 14428.75, 6.25, 14426.25
233, 0, 41.496717, -86.322044, 245.18, 0.00, 1, 0.00, 1500, 1500, 1500, 151.25, 14432.50, 7.50, 14427.50
234, 0, 41.496716, -86.322052, 233.12, 0.00, 1, 0.00, 1500, 1500, 1500, 152.50, 14432.50, 6.25, 14426.25
235, 0, 41.496717, -86.322060, 217.19, 0.00, 1, 0.00, 1500, 1500, 1500, 157.50, 14431.25, 8.75, 14430.00
237, 0, 41.496714, -86.322067, 197.37, 0.00, 1, 0.00, 1500, 1500, 1500, 146.25, 14428.75, 6.25, 14425.00
238, 0, 41.496714, -86.322067, 178.23, 0.00, 1, 0.00, 1500, 1500, 1500, 152.50, 14433.75, 7.50, 14428.75
239, 0, 41.496704, -86.322083, 166.01, 0.00, 1, 0.00, 1500, 1500, 1500, 158.75, 14432.50, 7.50, 14428.75
240, 0, 41.496696, -86.322083, 158.26, 0.00, 1, 0.00, 1500, 1500, 1500, 143.75, 14430.00, 7.50, 14427.50
241, 0, 41.496683, -86.322075, 156.27, 0.00, 1, 0.00, 1500, 1500, 1500, 226.25, 14426.25, 7.50, 14423.75
242, 0, 41.496672, -86.322067, 152.69, 0.00, 1, 0.00, 1500, 1500, 1500, 162.50, 14431.25, 6.25, 14428.75
243, 0, 41.496672, -86.322067, 149.98, 0.00, 1, 0.00, 1500, 1500, 1500, 150.00, 14431.25, 6.25, 14427.50
244, 0, 41.496658, -86.322060, 151.34, 0.00, 1, 0.00, 1500, 1500, 1500, 148.75, 14428.75, 7.50, 14427.50
245, 0, 41.496651, -86.322060, 150.70, 0.00, 1, 0.00, 1500, 1500, 1500, 142.50, 14433.75, 7.50, 14428.75
246, 0, 41.496645, -86.322052, 149.52, 0.00, 1, 0.00, 1500, 1500, 1500, 152.50, 14433.75, 8.75, 14428.75
248, 0, 41.496639, -86.322044, 152.05, 0.00, 1, 0.00, 1500, 1500, 1500, 147.50, 14431.25, 5.00, 14426.25
249, 0, 41.496639, -86.322044, 153.09, 0.00, 1, 0.00, 1500, 1500, 1500, 148.75, 14427.50, 7.50, 14425.00
250, 0, 41.496630, -86.322044, 158.41, 0.00, 1, 0.00, 1500, 1500, 1500, 147.50, 14427.50, 6.25, 14426.25
251, 0, 41.496628, -86.322037, 158.08, 0.00, 1, 0.00, 1500, 1500, 1500, 146.25, 14430.00, 6.25, 14430.00
252, 0, 41.496628, -86.322037, 159.57, 0.00, 1, 0.00, 1500, 1500, 1500, 166.25, 14430.00, 6.25, 14430.00
253, 0, 41.496618, -86.322037, 158.34, 0.00, 1, 0.00, 1500, 1500, 1500, 160.00, 14432.50, 6.25, 14430.00
254, 0, 41.496618, -86.322037, 159.31, 0.00, 1, 0.00, 1500, 1500, 1500, 165.00, 14430.00, 6.25, 14428.75
255, 0, 41.496614, -86.322029, 162.53, 0.00, 1, 0.00, 1500, 1500, 1500, 158.75, 14430.00, 8.75, 14428.75
257, 0, 41.496613, -86.322029, 166.20, 0.00, 1, 0.00, 1500, 1500, 1500, 158.75, 14431.25, 7.50, 14427.50
258, 0, 41.496611, -86.322029, 167.14, 0.00, 1, 0.00, 1500, 1500, 1500, 157.50, 14431.25, 7.50, 14428.75
259, 0, 41.496607, -86.322021, 163.05, 0.00, 1, 0.00, 1500, 1500, 1500, 155.00, 14432.50, 7.50, 14430.00
260, 0, 41.496599, -86.322029, 167.94, 0.00, 1, 0.00, 1500, 1500, 1500, 157.50, 14431.25, 6.25, 14427.50
261, 0, 41.496599, -86.322029, 161.69, 0.00, 1, 0.00, 1500, 1500, 1500, 146.25, 14428.75, 6.25, 14428.75
262, 0, 41.496592, -86.322029, 161.41, 0.00, 1, 0.00, 1500, 1500, 1500, 143.75, 14428.75, 8.75, 14426.25
263, 0, 41.496590, -86.322021, 158.89, 0.00, 1, 0.00, 1500, 1500, 1500, 201.25, 14427.50, 7.50, 14425.00
264, 0, 41.496586, -86.322021, 162.05, 0.00, 1, 0.00, 1500, 1500, 1500, 157.50, 14435.00, 6.25, 14431.25
265, 0, 41.496586, -86.322021, 158.72, 0.00, 1, 0.00, 1500, 1500, 1500, 160.00, 14432.50, 10.00, 14431.25
266, 0, 41.496580, -86.322021, 153.37, 0.00, 1, 0.00, 1500, 1500, 1500, 150.00, 14427.50, 6.25, 14425.00
268, 0, 41.496578, -86.322014, 150.06, 0.00, 1, 0.00, 1500, 1500, 1500, 160.00, 14428.75, 7.50, 14426.25
269, 0, 41.496576, -86.322014, 147.14, 0.00, 1, 0.00, 1500, 1500, 1500, 236.25, 14428.75, 7.50, 14427.50
270, 0, 41.496576, -86.322014, 144.97, 0.00, 1, 0.00, 1500, 1500, 1500, 148.75, 14431.25, 7.50, 14428.75
271, 0, 41.496571, -86.322006, 141.04, 0.00, 1, 0.00, 1500, 1500, 1500, 153.75, 14427.50, 8.75, 14422.50
272, 0, 41.496569, -86.322006, 144.32, 0.00, 1, 0.00, 1500, 1500, 1500, 160.00, 14426.25, 6.25, 14423.75
273, 0, 41.496569, -86.322006, 146.51, 0.00, 1, 0.00, 1500, 1500, 1500, 160.00, 14428.75, 6.25, 14425.00
274, 0, 41.496567, -86.322006, 148.99, 0.00, 1, 0.00, 1500, 1500, 1500, 152.50, 14430.00, 7.50, 14427.50
275, 0, 41.496567, -86.322006, 144.97, 0.00, 1, 0.00, 1500, 1500, 1500, 146.25, 14430.00, 7.50, 14427.50
276, 0, 41.496569, -86.322006, 151.60, 0.00, 1, 0.00, 1500, 1500, 1500, 281.25, 14428.75, 6.25, 14380.00
277, 0, 41.496567, -86.322006, 160.90, 0.00, 1, 0.00, 1500, 1500, 1500, 158.75, 14430.00, 6.25, 14426.25
279, 0, 41.496567, -86.321999, 163.13, 0.00, 1, 0.00, 1500, 1500, 1500, 156.25, 14427.50, 7.50, 14422.50
280, 0, 41.496565, -86.321999, 181.64, 0.00, 1, 0.00, 1500, 1500, 1500, 132.50, 14433.75, 7.50, 14428.75
281, 0, 41.496561, -86.321999, 193.63, 0.00, 1, 0.00, 1500, 1500, 1500, 1118.75, 15217.50, 11258.75, 15475.00
282, 0, 41.496559, -86.321999, 202.93, 0.00, 1, 0.00, 1500, 1500, 1500, 156.25, 14432.50, 5.00, 14426.25
283, 0, 41.496557, -86.322006, 212.10, 0.00, 1, 0.00, 1500, 1500, 1500, 150.00, 14432.50, 7.50, 14427.50
284, 0, 41.496557, -86.322006, 222.04, 0.00, 1, 0.00, 1500, 1500, 1500, 148.75, 14426.25, 6.25, 14423.75
285, 0, 41.496553, -86.322014, 229.29, 0.00, 1, 0.00, 1500, 1500, 1500, 161.25, 14428.75, 7.50, 14427.50
286, 0, 41.496553, -86.322014, 226.79, 0.00, 1, 0.00, 1500, 1500, 1500, 157.50, 14435.00, 7.50, 14432.50
287, 0, 41.496553, -86.322014, 245.26, 0.00, 1, 0.00, 1500, 1500, 1500, 165.00, 14431.25, 7.50, 14427.50
288, 0, 41.496550, -86.322014, 249.69, 0.00, 1, 0.00, 1500, 1500, 1500, -362.50, 14448.75, 6.25, 14415.00
289, 0, 41.496546, -86.322021, 249.42, 0.00, 1, 0.00, 1500, 1500, 1500, 158.75, 14431.25, 7.50, 14427.50
291, 0, 41.496546, -86.322021, 257.55, 0.00, 1, 0.00, 1500, 1500, 1500, 156.25, 14430.00, 7.50, 14425.00
292, 0, 41.496546, -86.322021, 255.99, 0.00, 1, 0.00, 1500, 1500, 1500, 145.00, 14432.50, 7.50, 14430.00
293, 0, 41.496544, -86.322029, 251.31, 0.00, 1, 0.00, 1500, 1500, 1500, 160.00, 14422.50, 7.50, 14408.75
294, 0, 41.496544, -86.322029, 254.17, 0.00, 1, 0.00, 1500, 1500, 1500, 162.50, 14423.75, 7.50, 14427.50
295, 0, 41.496540, -86.322044, 262.42, 0.00, 1, 0.00, 1500, 1500, 1500, 238.75, 14426.25, 7.50, 14422.50
296, 0, 41.496540, -86.322044, 259.74, 0.00, 1, 0.00, 1500, 1500, 1500, 166.25, 14406.25, 7.50, 14427.50
297, 0, 41.496540, -86.322052, 259.43, 0.00, 1, 0.00, 1500, 1500, 1500, 158.75, 14428.75, 6.25, 14425.00
298, 0, 41.496540, -86.322052, 261.68, 0.00, 1, 0.00, 1500, 1500, 1500, 160.00, 14423.75, 7.50, 14427.50
300, 0, 41.496538, -86.322060, 258.63, 0.00, 1, 0.00, 1500, 1500, 1500, 157.50, 14426.25, 7.50, 14425.00
301, 0, 41.496538, -86.322067, 258.42, 0.00, 1, 0.00, 1500, 1500, 1500, 153.75, 14425.00, 7.50, 14425.00
302, 0, 41.496536, -86.322067, 259.72, 0.00, 1, 0.00, 1500, 1500, 1500, 146.25, 14428.75, 7.50, 14428.75
303, 0, 41.496536, -86.322067, 259.43, 0.00, 1, 0.00, 1500, 1500, 1500, 153.75, 14435.00, 7.50, 14431.25
304, 0, 41.496532, -86.322083, 256.11, 0.00, 1, 0.00, 1500, 1500, 1500, 158.75, 14431.25, 6.25, 14428.75
305, 0, 41.496532, -86.322090, 254.21, 0.00, 1, 0.00, 1500, 1500, 1500, 156.25, 14405.00, 7.50, 14403.75
306, 0, 41.496532, -86.322098, 251.82, 0.00, 1, 0.00, 1500, 1500, 1500, 147.50, 14430.00, 7.50, 14425.00
307, 0, 41.496531, -86.322098, 244.52, 0.00, 1, 0.00, 1500, 1500, 1500, 146.25, 14431.25, 8.75, 14428.75
308, 0, 41.496529, -86.322105, 246.80, 0.00, 1, 0.00, 1500, 1500, 1500, 147.50, 14431.25, 7.50, 14428.75
309, 0, 41.496527, -86.322113, 248.48, 0.00, 1, 0.00, 1500, 1500, 1500, 156.25, 14406.25, 6.25, 14403.75
310, 0, 41.496525, -86.322113, 248.30, 0.00, 1, 0.00, 1500, 1500, 1500, 161.25, 14430.00, 7.50, 14430.00
312, 0, 41.496521, -86.322121, 247.37, 0.00, 1, 0.00, 1500, 1500, 1500, 158.75, 14430.00, 7.50, 14426.25
313, 0, 41.496517, -86.322121, 248.28, 0.00, 1, 0.00, 1500, 1500, 1500, 147.50, 14431.25, 6.25, 14427.50
314, 0, 41.496517, -86.322128, 248.92, 0.00, 1, 0.00, 1500, 1500, 1500, 147.50, 14428.75, 7.50, 14426.25
315, 0, 41.496517, -86.322128, 251.75, 0.00, 1, 0.00, 1500, 1500, 1500, 151.25, 14427.50, 6.25, 14422.50
316, 0, 41.496515, -86.322136, 253.91, 0.00, 1, 0.00, 1500, 1500, 1500, 150.00, 14425.00, 6.25, 14421.25
317, 0, 41.496515, -86.322144, 259.96, 0.00, 1, 0.00, 1500, 1500, 1500, 147.50, 14425.00, 5.00, 14425.00
318, 0, 41.496513, -86.322151, 257.50, 0.00, 1, 0.00, 1500, 1500, 1500, 157.50, 14423.75, 6.25, 14420.00
319, 0, 41.496513, -86.322151, 261.59, 0.00, 1, 0.00, 1500, 1500, 1500, 170.00, 14400.00, 6.25, 14398.75
320, 0, 41.496513, -86.322151, 261.14, 0.00, 1, 0.00, 1500, 1500, 1500, 161.25, 14423.75, 6.25, 14420.00
321, 0, 41.496511, -86.322166, 265.02, 0.00, 1, 0.00, 1500, 1500, 1500, 158.75, 14423.75, 6.25, 14418.75
322, 0, 41.496513, -86.322166, 265.96, 0.00, 1, 0.00, 1500, 1500, 1500, 157.50, 14425.00, 5.00, 14420.00
323, 0, 41.496513, -86.322174, 263.69, 0.00, 1, 0.00, 1500, 1500, 1500, 155.00, 14421.25, 6.25, 14420.00
325, 0, 41.496513, -86.322174, 264.33, 0.00, 1, 0.00, 1500, 1500, 1500, 158.75, 14422.50, 5.00, 14421.25
326, 0, 41.496515, -86.322182, 261.84, 0.00, 1, 0.00, 1500, 1500, 1500, 147.50, 14422.50, 433.75, 14520.00
327, 0, 41.496513, -86.322189, 261.85, 0.00, 1, 0.00, 1500, 1500, 1500, 32.50, 14440.00, 5.00, 14421.25
328, 0, 41.496513, -86.322197, 259.11, 0.00, 1, 0.00, 1500, 1500, 1500, 93.75, 14426.25, 6.25, 14421.25
329, 0, 41.496513, -86.322197, 254.87, 0.00, 1, 0.00, 1500, 1500, 1500, 152.50, 14422.50, 238.75, 14536.25
330, 0, 41.496511, -86.322205, 256.06, 0.00, 1, 0.00, 1500, 1500, 1500, 148.75, 14421.25, 6.25, 14417.50
331, 0, 41.496511, -86.322212, 254.17, 0.00, 1, 0.00, 1500, 1500, 1500, 152.50, 14423.75, 3.75, 14423.75
332, 0, 41.496511, -86.322212, 249.71, 0.00, 1, 0.00, 1500, 1500, 1500, 155.00, 14423.75, 5.00, 14420.00
333, 0, 41.496506, -86.322220, 247.49, 0.00, 1, 0.00, 1500, 1500, 1500, 160.00, 14422.50, 5.00, 14421.25
334, 0, 41.496506, -86.322220, 250.45, 0.00, 1, 0.00, 1500, 1500, 1500, 160.00, 14420.00, 5.00, 14421.25
335, 0, 41.496496, -86.322227, 255.93, 0.00, 1, 0.00, 1500, 1500, 1500, 146.25, 14420.00, 5.00, 14418.75
337, 0, 41.496496, -86.322227, 252.73, 0.00, 1, 0.00, 1500, 1500, 1500, 140.00, 14423.75, 5.00, 14420.00
338, 0, 41.496496, -86.322227, 246.32, 0.00, 1, 0.00, 1500, 1500, 1500, 167.50, 14560.00, 1631.25, 14570.00
339, 0, 41.496492, -86.322243, 252.43, 0.00, 1, 0.00, 1500, 1500, 1500, 96.25, 14447.50, 1291.25, 14515.00
340, 0, 41.496492, -86.322243, 250.19, 0.00, 1, 0.00, 1500, 1500, 1500, 147.50, 14422.50, 5.00, 14421.25
341, 0, 41.496485, -86.322258, 251.54, 0.00, 1, 0.00, 1500, 1500, 1500, -142.50, 14428.75, 7.50, 14422.50
342, 0, 41.496485, -86.322258, 255.11, 0.00, 1, 0.00, 1500, 1500, 1500, 156.25, 14425.00, 6.25, 14420.00
343, 0, 41.496481, -86.322266, 253.40, 0.00, 1, 0.00, 1500, 1500, 1500, 151.25, 14425.00, 7.50, 14420.00
344, 0, 41.496481, -86.322266, 251.06, 0.00, 1, 0.00, 1500, 1500, 1500, 160.00, 14423.75, 5.00, 14418.75
345, 0, 41.496481, -86.322266, 251.03, 0.00, 1, 0.00, 1500, 1500, 1500, 157.50, 14420.00, 6.25, 14420.00
346, 0, 41.496481, -86.322281, 248.93, 0.00, 1, 0.00, 1500, 1500, 1500, 150.00, 14423.75, 6.25, 14417.50
347, 0, 41.496477, -86.322289, 252.15, 0.00, 1, 0.00, 1500, 1500, 1500, 167.50, 14421.25, 6.25, 14418.75
349, 0, 41.496477, -86.322289, 252.90, 0.00, 1, 0.00, 1500, 1500, 1500, 155.00, 14571.25, 7.50, 14427.50
350, 0, 41.496477, -86.322289, 250.53, 0.00, 1, 0.00, 1500, 1500, 1500, -1522.50, 14453.75, 7.50, 14440.00
351, 0, 41.496477, -86.322289, 254.28, 0.00, 1, 0.00, 1500, 1500, 1500, 148.75, 14761.25, 6.25, 14898.75
352, 0, 41.496477, -86.322289, 252.26, 0.00, 1, 0.00, 1500, 1500, 1500, 170.00, 14432.50, 6.25, 14428.75
353, 0, 41.496464, -86.322319, 257.93, 0.00, 1, 0.00, 1500, 1500, 1500, 160.00, 14431.25, 7.50, 14426.25
354, 0, 41.496460, -86.322342, 255.13, 0.00, 1, 0.00, 1500, 1500, 1500, 160.00, 14432.50, 8.75, 14430.00
355, 0, 41.496458, -86.322350, 261.39, 0.00, 1, 0.00, 1500, 1500, 1500, 152.50, 14433.75, 7.50, 14428.75
356, 0, 41.496458, -86.322350, 265.87, 0.00, 1, 0.00, 1500, 1500, 1500, 175.00, 14406.25, 7.50, 14412.50
357, 0, 41.496450, -86.322357, 267.42, 0.00, 1, 0.00, 1500, 1500, 1500, 156.25, 14430.00, 7.50, 14428.75
358, 0, 41.496450, -86.322365, 273.13, 0.00, 1, 0.00, 1500, 1500, 1500, 148.75, 14430.00, 8.75, 14430.00
359, 0, 41.496450, -86.322372, 267.92, 0.00, 1, 0.00, 1500, 1500, 1500, 152.50, 14425.00, 7.50, 14423.75
361, 0, 41.496450, -86.322380, 267.41, 0.00, 1, 0.00, 1500, 1500, 1500, 151.25, 14430.00, 7.50, 14427.50
362, 0, 41.496450, -86.322380, 270.95, 0.00, 1, 0.00, 1500, 1500, 1500, 161.25, 14431.25, 8.75, 14427.50
363, 0, 41.496452, -86.322388, 289.71, 0.00, 1, 0.00, 1500, 1500, 1500, 166.25, 14430.00, 8.75, 14428.75
364, 0, 41.496450, -86.322395, 312.30, 0.00, 1, 0.00, 1500, 1500, 1500, 165.00, 14430.00, 6.25, 14425.00
365, 0, 41.496456, -86.322403, 332.60, 0.00, 1, 0.00, 1500, 1500, 1500, 151.25, 14430.00, 6.25, 14428.75
366, 0, 41.496458, -86.322403, 350.64, 0.00, 1, 0.00, 1500, 1500, 1500, 147.50, 14433.75, 7.50, 14431.25
367, 0, 41.496464, -86.322411, 4.84, 0.00, 1, 0.00, 1500, 1500, 1500, 147.50, 14428.75, 8.75, 14427.50
368, 0, 41.496464, -86.322411, 15.36, 0.00, 1, 0.00, 1500, 1500, 1500, 153.75, 14431.25, 8.75, 14427.50
369, 0, 41.496471, -86.322411, 28.46, 0.00, 1, 0.00, 1500, 1500, 1500, 155.00, 14431.25, 8.75, 14426.25
370, 0, 41.496473, -86.322411, 26.35, 0.00, 1, 0.00, 1500, 1500, 1500, 156.25, 14432.50, 6.25, 14428.75
371, 0, 41.496473, -86.322411, 29.15, 0.00, 1, 0.00, 1500, 1500, 1500, 145.00, 14430.00, 7.50, 14427.50
373, 0, 41.496473, -86.322411, 27.29, 0.00, 1, 0.00, 1500, 1500, 1500, 145.00, 14426.25, 6.25, 14425.00
374, 0, 41.496473, -86.322411, 24.45, 0.00, 1, 0.00, 1500, 1500, 1500, 152.50, 14426.25, 6.25, 14402.50
375, 0, 41.496473, -86.322411, 26.35, 0.00, 1, 0.00, 1500, 1500, 1500, 161.25, 14425.00, 6.25, 14421.25
376, 0, 41.496471, -86.322411, 26.19, 0.00, 1, 0.00, 1500, 1500, 1500, 160.00, 14427.50, 8.75, 14422.50
377, 0, 41.496473, -86.322411, 27.45, 0.00, 1, 0.00, 1500, 1500, 1500, 152.50, 14425.00, 7.50, 14425.00
378, 0, 41.496473, -86.322411, 27.26, 0.00, 1, 0.00, 1500, 1500, 1500, 153.75, 14423.75, 7.50, 14422.50
379, 0, 41.496473, -86.322411, 27.64, 0.00, 1, 0.00, 1500, 1500, 1500, 151.25, 14427.50, 7.50, 14423.75
380, 0, 41.496473, -86.322411, 26.71, 0.00, 1, 0.00, 1500, 1500, 1500, 146.25, 14428.75, 7.50, 14426.25
381, 0, 41.496473, -86.322411, 27.52, 0.00, 1, 0.00, 1500, 1500, 1500, 152.50, 14426.25, 7.50, 14422.50
382, 0, 41.496475, -86.322411, 28.31, 0.00, 1, 0.00, 1500, 1500, 1500, 148.75, 14426.25, 8.75, 14423.75
383, 0, 41.496475, -86.322411, 28.81, 0.00, 1, 0.00, 1500, 1500, 1500, 150.00, 14422.50, 8.75, 14422.50
384, 0, 41.496477, -86.322411, 28.49, 0.00, 1, 0.00, 1500, 1500, 1500, 155.00, 14426.25, 7.50, 14422.50
386, 0, 41.496477, -86.322411, 23.81, 0.00, 1, 0.00, 1500, 1500, 1500, 392.50, 14731.25, 3527.50, 14830.00
387, 0, 41.496477, -86.322411, 26.55, 0.00, 1, 0.00, 1500, 1500, 1500, 151.25, 14428.75, 7.50, 14423.75
388, 0, 41.496477, -86.322411, 29.86, 0.00, 1, 0.00, 1500, 1500, 1500, 145.00, 14426.25, 8.75, 14423.75
389, 0, 41.496477, -86.322411, 28.61, 0.00, 1, 0.00, 1500, 1500, 1500, 137.50, 14430.00, 8.75, 14428.75
390, 0, 41.496477, -86.322411, 28.66, 0.00, 1, 0.00, 1500, 1500, 1500, 146.25, 14425.00, 6.25, 14423.75
391, 0, 41.496479, -86.322411, 26.39, 0.00, 1, 0.00, 1500, 1500, 1500, 146.25, 14427.50, 7.50, 14426.25
392, 0, 41.496479, -86.322411, 27.80, 0.00, 1, 0.00, 1500, 1500, 1500, 151.25, 14430.00, 7.50, 14426.25
393, 0, 41.496479, -86.322403, 27.02, 0.00, 1, 0.00, 1500, 1500, 1500, 147.50, 14426.25, 7.50, 14421.25
394, 0, 41.496479, -86.322403, 27.77, 0.00, 1, 0.00, 1500, 1500, 1500, 150.00, 14422.50, 7.50, 14422.50
395, 0, 41.496481, -86.322403, 27.75, 0.00, 1, 0.00, 1500, 1500, 1500, 146.25, 14422.50, 6.25, 14422.50
397, 0, 41.496481, -86.322403, 30.22, 0.00, 1, 0.00, 1500, 1500, 1500, 235.00, 14423.75, 7.50, 14421.25
398, 0, 41.496481, -86.322403, 27.67, 0.00, 1, 0.00, 1500, 1500, 1500, 158.75, 14402.50, 7.50, 14420.00
399, 0, 41.496481, -86.322403, 23.11, 0.00, 1, 0.00, 1500, 1500, 1500, 156.25, 14401.25, 7.50, 14398.75
400, 0, 41.496481, -86.322403, 25.62, 0.00, 1, 0.00, 1500, 1500, 1500, 151.25, 14428.75, 7.50, 14423.75
401, 0, 41.496481, -86.322403, 27.02, 0.00, 1, 0.00, 1500, 1500, 1500, 145.00, 14425.00, 7.50, 14423.75
402, 0, 41.496481, -86.322403, 26.35, 0.00, 1, 0.00, 1500, 1500, 1500, 148.75, 14427.50, 7.50, 14426.25
403, 0, 41.496481, -86.322403, 26.55, 0.00, 1, 0.00, 1500, 1500, 1500, 143.75, 14426.25, 7.50, 14423.75
404, 0, 41.496483, -86.322411, 26.61, 0.00, 1, 0.00, 1500, 1500, 1500, 158.75, 14430.00, 8.75, 14427.50
405, 0, 41.496483, -86.322411, 25.71, 0.00, 1, 0.00, 1500, 1500, 1500, 161.25, 14431.25, 7.50, 14428.75
406, 0, 41.496483, -86.322411, 27.17, 0.00, 1, 0.00, 1500, 1500, 1500, 158.75, 14406.25, 6.25, 14403.75
407, 0, 41.496483, -86.322411, 27.02, 0.00, 1, 0.00, 1500, 1500, 1500, 160.00, 14428.75, 7.50, 14423.75
408, 0, 41.496485, -86.322411, 27.55, 0.00, 1, 0.00, 1500, 1500, 1500, 158.75, 14427.50, 7.50, 14422.50
410, 0, 41.496485, -86.322411, 28.25, 0.00, 1, 0.00, 1500, 1500, 1500, 157.50, 14426.25, 6.25, 14425.00
411, 0, 41.496485, -86.322411, 26.44, 0.00, 1, 0.00, 1500, 1500, 1500, 145.00, 14428.75, 6.25, 14425.00
412, 0, 41.496485, -86.322411, 28.10, 0.00, 1, 0.00, 1500, 1500, 1500, 151.25, 14432.50, 8.75, 14428.75
413, 0, 41.496487, -86.322411, 27.42, 0.00, 1, 0.00, 1500, 1500, 1500, 165.00, 14430.00, 7.50, 14427.50
414, 0, 41.496487, -86.322411, 25.93, 0.00, 1, 0.00, 1500, 1500, 1500, 150.00, 14427.50, 6.25, 14425.00
415, 0, 41.496487, -86.322411, 27.39, 0.00, 1, 0.00, 1500, 1500, 1500, 158.75, 14428.75, 7.50, 14427.50
416, 0, 41.496487, -86.322411, 26.49, 0.00, 1, 0.00, 1500, 1500, 1500, 153.75, 14428.75, 6.25, 14427.50
417, 0, 41.496487, -86.322411, 28.31, 0.00, 1, 0.00, 1500, 1500, 1500, 153.75, 14428.75, 8.75, 14427.50
418, 0, 41.496487, -86.322411, 28.98, 0.00, 1, 0.00, 1500, 1500, 1500, 145.00, 14430.00, 7.50, 14427.50
419, 0, 41.496487, -86.322411, 27.19, 0.00, 1, 0.00, 1500, 1500, 1500, 148.75, 14432.50, 6.25, 14426.25
421, 0, 41.496487, -86.322411, 25.98, 0.00, 1, 0.00, 1500, 1500, 1500, 146.25, 14430.00, 7.50, 14426.25
422, 0, 41.496487, -86.322411, 27.55, 0.00, 1, 0.00, 1500, 1500, 1500, 152.50, 14430.00, 7.50, 14427.50
423, 0, 41.496487, -86.322411, 31.43, 0.00, 1, 0.00, 1500, 1500, 1500, 157.50, 14430.00, 6.25, 14428.75
424, 0, 41.496487, -86.322411, 38.23, 0.00, 1, 0.00, 1500, 1500, 1500, 147.50, 14428.75, 7.50, 14425.00
425, 0, 41.496487, -86.322411, 53.67, 0.00, 1, 0.00, 1500, 1500, 1500, 160.00, 14431.25, 7.50, 14428.75
426, 0, 41.496494, -86.322411, 62.93, 0.00, 1, 0.00, 1500, 1500, 1500, 165.00, 14430.00, 7.50, 14426.25
427, 0, 41.496494, -86.322411, 65.06, 0.00, 1, 0.00, 1500, 1500, 1500, 158.75, 14433.75, 7.50, 14430.00
428, 0, 41.496492, -86.322411, 74.69, 0.00, 1, 0.00, 1500, 1500, 1500, 147.50, 14431.25, 7.50, 14426.25
429, 0, 41.496492, -86.322411, 87.48, 0.00, 1, 0.00, 1500, 1500, 1500, 148.75, 14430.00, 7.50, 14426.25
430, 0, 41.496485, -86.322418, 96.43, 0.00, 1, 0.00, 1500, 1500, 1500, 248.75, 14426.25, 7.50, 14415.00
432, 0, 41.496477, -86.322418, 89.32, 0.00, 1, 0.00, 1500, 1500, 1500, 145.00, 14426.25, 7.50, 14426.25
433, 0, 41.496477, -86.322418, 86.97, 0.00, 1, 0.00, 1500, 1500, 1500, 147.50, 14430.00, 7.50, 14427.50
434, 0, 41.496477, -86.322426, 83.74, 0.00, 1, 0.00, 1500, 1500, 1500, 161.25, 14432.50, 7.50, 14426.25
435, 0, 41.496477, -86.322426, 86.90, 0.00, 1, 0.00, 1500, 1500, 1500, 155.00, 14432.50, 7.50, 14427.50
436, 0, 41.496473, -86.322441, 88.80, 0.00, 1, 0.00, 1500, 1500, 1500, 158.75, 14431.25, 5.00, 14430.00
437, 0, 41.496471, -86.322441, 93.01, 0.00, 1, 0.00, 1500, 1500, 1500, 148.75, 14427.50, 7.50, 14422.50
438, 0, 41.496469, -86.322449, 91.94, 0.00, 1, 0.00, 1500, 1500, 1500, 156.25, 14427.50, 7.50, 14428.75
439, 0, 41.496468, -86.322456, 95.97, 0.00, 1, 0.00, 1500, 1500, 1500, 151.25, 14430.00, 8.75, 14431.25
440, 0, 41.496468, -86.322456, 95.53, 0.00, 1, 0.00, 1500, 1500, 1500, 147.50, 14430.00, 8.75, 14427.50
441, 0, 41.496468, -86.322456, 92.64, 0.00, 1, 0.00, 1500, 1500, 1500, 157.50, 14430.00, 6.25, 14426.25
442, 0, 41.496468, -86.322456, 92.65, 0.00, 1, 0.00, 1500, 1500, 1500, 151.25, 14430.00, 6.25, 14426.25
444, 0, 41.496468, -86.322464, 89.41, 0.00, 1, 0.00, 1500, 1500, 1500, 146.25, 14428.75, 7.50, 14425.00
445, 0, 41.496468, -86.322472, 88.82, 0.00, 1, 0.00, 1500, 1500, 1500, 146.25, 14428.75, 7.50, 14426.25
446, 0, 41.496468, -86.322472, 87.55, 0.00, 1, 0.00, 1500, 1500, 1500, 148.75, 14427.50, 6.25, 14425.00
447, 0, 41.496468, -86.322472, 95.58, 0.00, 1, 0.00, 1500, 1500, 1500, 163.75, 14432.50, 6.25, 14431.25
448, 0, 41.496466, -86.322479, 94.85, 0.00, 1, 0.00, 1500, 1500, 1500, 243.75, 14420.00, 7.50, 14407.50
449, 0, 41.496466, -86.322479, 101.92, 0.00, 1, 0.00, 1500, 1500, 1500, 152.50, 14432.50, 7.50, 14428.75
450, 0, 41.496466, -86.322479, 103.05, 0.00, 1, 0.00, 1500, 1500, 1500, 148.75, 14430.00, 7.50, 14427.50
451, 0, 41.496464, -86.322479, 100.59, 0.00, 1, 0.00, 1500, 1500, 1500, 147.50, 14431.25, 6.25, 14426.25
452, 0, 41.496464, -86.322487, 99.90, 0.00, 1, 0.00, 1500, 1500, 1500, 143.75, 14431.25, 7.50, 14428.75
453, 0, 41.496464, -86.322487, 94.53, 0.00, 1, 0.00, 1500, 1500, 1500, 161.25, 14430.00, 7.50, 14427.50
454, 0, 41.496464, -86.322487, 95.49, 0.00, 1, 0.00, 1500, 1500, 1500, 158.75, 14430.00, 7.50, 14425.00
455, 0, 41.496464, -86.322487, 94.90, 0.00, 1, 0.00, 1500, 1500, 1500, 161.25, 14428.75, 8.75, 14426.25
457, 0, 41.496460, -86.322487, 95.92, 0.00, 1, 0.00, 1500, 1500, 1500, 147.50, 14430.00, 7.50, 14426.25
458, 0, 41.496460, -86.322495, 96.91, 0.00, 1, 0.00, 1500, 1500, 1500, 146.25, 14430.00, 7.50, 14426.25
459, 0, 41.496460, -86.322495, 95.31, 0.00, 1, 0.00, 1500, 1500, 1500, 157.50, 14431.25, 6.25, 14426.25
460, 0, 41.496460, -86.322495, 95.36, 0.00, 1, 0.00, 1500, 1500, 1500, 143.75, 14433.75, 7.50, 14430.00
461, 0, 41.496460, -86.322495, 94.20, 0.00, 1, 0.00, 1500, 1500, 1500, 152.50, 14428.75, 7.50, 14427.50
462, 0, 41.496460, -86.322502, 92.26, 0.00, 1, 0.00, 1500, 1500, 1500, 158.75, 14430.00, 7.50, 14427.50
463, 0, 41.496460, -86.322502, 90.39, 0.00, 1, 0.00, 1500, 1500, 1500, 157.50, 14432.50, 7.50, 14427.50
464, 0, 41.496460, -86.322502, 88.85, 0.00, 1, 0.00, 1500, 1500, 1500, 158.75, 14431.25, 7.50, 14428.75
465, 0, 41.496460, -86.322502, 88.47, 0.00, 1, 0.00, 1500, 1500, 1500, 158.75, 14432.50, 6.25, 14428.75
466, 0, 41.496460, -86.322502, 95.65, 0.00, 1, 0.00, 1500, 1500, 1500, 147.50, 14428.75, 7.50, 14425.00
467, 0, 41.496460, -86.322502, 94.82, 0.00, 1, 0.00, 1500, 1500, 1500, 147.50, 14428.75, 7.50, 14427.50
468, 0, 41.496460, -86.322502, 95.41, 0.00, 1, 0.00, 1500, 1500, 1500, 146.25, 14426.25, 6.25, 14423.75
470, 0, 41.496458, -86.322510, 97.56, 0.00, 1, 0.00, 1500, 1500, 1500, 161.25, 14426.25, 6.25, 14425.00
471, 0, 41.496458, -86.322510, 96.46, 0.00, 1, 0.00, 1500, 1500, 1500, 151.25, 14425.00, 7.50, 14422.50
472, 0, 41.496460, -86.322510, 97.66, 0.00, 1, 0.00, 1500, 1500, 1500, 147.50, 14425.00, 8.75, 14423.75
473, 0, 41.496460, -86.322510, 97.09, 0.00, 1, 0.00, 1500, 1500, 1500, 147.50, 14430.00, 7.50, 14426.25
474, 0, 41.496460, -86.322517, 102.92, 0.00, 1, 0.00, 1500, 1500, 1500, 156.25, 14433.75, 7.50, 14428.75
475, 0, 41.496462, -86.322517, 105.93, 0.00, 1, 0.00, 1500, 1500, 1500, 153.75, 14432.50, 8.75, 14430.00
476, 0, 41.496462, -86.322517, 102.23, 0.00, 1, 0.00, 1500, 1500, 1500, 145.00, 14430.00, 6.25, 14428.75
477, 0, 41.496462, -86.322525, 108.25, 0.00, 1, 0.00, 1500, 1500, 1500, 147.50, 14430.00, 6.25, 14427.50
478, 0, 41.496462, -86.322525, 107.31, 0.00, 1, 0.00, 1500, 1500, 1500, 145.00, 14430.00, 7.50, 14427.50
479, 0, 41.496462, -86.322525, 108.03, 0.00, 1, 0.00, 1500, 1500, 1500, 158.75, 14431.25, 7.50, 14428.75
480, 0, 41.496462, -86.322525, 102.99, 0.00, 1, 0.00, 1500, 1500, 1500, 158.75, 14428.75, 7.50, 14422.50
482, 0, 41.496462, -86.322533, 98.10, 0.00, 1, 0.00, 1500, 1500, 1500, 158.75, 14431.25, 8.75, 14427.50
483, 0, 41.496462, -86.322533, 92.30, 0.00, 1, 0.00, 1500, 1500, 1500, 253.75, 14427.50, 7.50, 14420.00
484, 0, 41.496462, -86.322533, 95.08, 0.00, 1, 0.00, 1500, 1500, 1500, 152.50, 14428.75, 7.50, 14430.00
485, 0, 41.496460, -86.322533, 94.17, 0.00, 1, 0.00, 1500, 1500, 1500, 243.75, 14428.75, 8.75, 14426.25
486, 0, 41.496460, -86.322533, 95.18, 0.00, 1, 0.00, 1500, 1500, 1500, 146.25, 14432.50, 6.25, 14430.00
487, 0, 41.496462, -86.322540, 95.79, 0.00, 1, 0.00, 1500, 1500, 1500, 158.75, 14435.00, 6.25, 14431.25
488, 0, 41.496462, -86.322540, 99.39, 0.00, 1, 0.00, 1500, 1500, 1500, 147.50, 14433.75, 6.25, 14428.75
489, 0, 41.496462, -86.322540, 99.39, 0.00, 1, 0.00, 1500, 1500, 1500, 146.25, 14430.00, 6.25, 14428.75
490, 0, 41.496462, -86.322540, 100.38, 0.00, 1, 0.00, 1500, 1500, 1500, 146.25, 14431.25, 7.50, 14430.00
491, 0, 41.496464, -86.322540, 99.71, 0.00, 1, 0.00, 1500, 1500, 1500, 143.75, 14430.00, 7.50, 14426.25
492, 0, 41.496464, -86.322540, 97.32, 0.00, 1, 0.00, 1500, 1500, 1500, 158.75, 14431.25, 7.50, 14428.75
493, 0, 41.496464, -86.322548, 93.39, 0.00, 1, 0.00, 1500, 1500, 1500, 151.25, 14430.00, 7.50, 14428.75
495, 0, 41.496464, -86.322548, 95.91, 0.00, 1, 0.00, 1500, 1500, 1500, 145.00, 14428.75, 7.50, 14428.75
496, 0, 41.496464, -86.322548, 91.26, 0.00, 1, 0.00, 1500, 1500, 1500, 98.75, 14438.75, 7.50, 14435.00
497, 0, 41.496464, -86.322548, 85.88, 0.00, 1, 0.00, 1500, 1500, 1500, 160.00, 14432.50, 5.00, 14428.75
498, 0, 41.496464, -86.322548, 83.65, 0.00, 1, 0.00, 1500, 1500, 1500, 158.75, 14428.75, 6.25, 14426.25
499, 0, 41.496464, -86.322548, 84.26, 0.00, 1, 0.00, 1500, 1500, 1500, 147.50, 14432.50, 5.00, 14430.00
500, 0, 41.496462, -86.322556, 83.87, 0.00, 1, 0.00, 1500, 1500, 1500, 143.75, 14431.25, 7.50, 14430.00
501, 0, 41.496462, -86.322556, 87.65, 0.00, 1, 0.00, 1500, 1500, 1500, 152.50, 14428.75, 7.50, 14425.00
502, 0, 41.496462, -86.322556, 86.77, 0.00, 1, 0.00, 1500, 1500, 1500, 156.25, 14431.25, 8.75, 14431.25
503, 0, 41.496462, -86.322563, 87.01, 0.00, 1, 0.00, 1500, 1500, 1500, 142.50, 14433.75, 8.75, 14430.00
504, 0, 41.496462, -86.322563, 89.54, 0.00, 1, 0.00, 1500, 1500, 1500, 168.75, 14420.00, 6.25, 14407.50
505, 0, 41.496462, -86.322563, 88.85, 0.00, 1, 0.00, 1500, 1500, 1500, 157.50, 14430.00, 7.50, 14423.75
507, 0, 41.496462, -86.322563, 91.90, 0.00, 1, 0.00, 1500, 1500, 1500, 51.25, 14542.50, 8.75, 14433.75
508, 0, 41.496464, -86.322563, 103.74, 0.00, 1, 0.00, 1500, 1500, 1500, 153.75, 14427.50, 7.50, 14427.50
509, 0, 41.496464, -86.322563, 121.68, 0.00, 1, 0.00, 1500, 1500, 1500, 145.00, 14432.50, 7.50, 14428.75
510, 0, 41.496466, -86.322563, 137.67, 0.00, 1, 0.00, 1500, 1500, 1500, 156.25, 14430.00, 6.25, 14426.25
511, 0, 41.496468, -86.322563, 144.50, 0.00, 1, 0.00, 1500, 1500, 1500, 147.50, 14426.25, 8.75, 14426.25
512, 0, 41.496468, -86.322563, 153.29, 0.00, 1, 0.00, 1500, 1500, 1500, 153.75, 14426.25, 7.50, 14423.75
513, 0, 41.496468, -86.322563, 158.41, 0.00, 1, 0.00, 1500, 1500, 1500, 165.00, 15107.50, 3771.25, 14485.00
514, 0, 41.496468, -86.322563, 163.83, 0.00, 1, 0.00, 1500, 1500, 1500, 158.75, 14432.50, 6.25, 14427.50
515, 0, 41.496468, -86.322563, 163.83, 0.00, 1, 0.00, 1500, 1500, 1500, 153.75, 14426.25, 8.75, 14426.25
516, 0, 41.496468, -86.322563, 168.49, 0.00, 1, 0.00, 1500, 1500, 1500, 146.25, 14426.25, 7.50, 14423.75
517, 0, 41.496466, -86.322563, 171.65, 0.00, 1, 0.00, 1500, 1500, 1500, 160.00, 14431.25, 6.25, 14428.75
519, 0, 41.496466, -86.322563, 171.57, 0.00, 1, 0.00, 1500, 1500, 1500, 160.00, 14431.25, 8.75, 14426.25
520, 0, 41.496468, -86.322563, 173.64, 0.00, 1, 0.00, 1500, 1500, 1500, 147.50, 14427.50, 7.50, 14425.00
521, 0, 41.496466, -86.322563, 173.38, 0.00, 1, 0.00, 1500, 1500, 1500, 147.50, 14428.75, 8.75, 14428.75
522, 0, 41.496466, -86.322563, 174.56, 0.00, 1, 0.00, 1500, 1500, 1500, 156.25, 14427.50, 8.75, 14425.00
523, 0, 41.496466, -86.322563, 173.76, 0.00, 1, 0.00, 1500, 1500, 1500, 157.50, 14417.50, 7.50, 14425.00
524, 0, 41.496466, -86.322563, 178.49, 0.00, 1, 0.00, 1500, 1500, 1500, 405.00, 15356.25, 11165.00, 15457.50
525, 0, 41.496468, -86.322563, 175.74, 0.00, 1, 0.00, 1500, 1500, 1500, 147.50, 14428.75, 7.50, 14425.00
526, 0, 41.496468, -86.322563, 175.84, 0.00, 1, 0.00, 1500, 1500, 1500, 157.50, 14431.25, 8.75, 14427.50
527, 0, 41.496468, -86.322563, 178.03, 0.00, 1, 0.00, 1500, 1500, 1500, 152.50, 14430.00, 7.50, 14427.50
528, 0, 41.496468, -86.322563, 185.79, 0.00, 1, 0.00, 1500, 1500, 1500, 146.25, 14427.50, 6.25, 14425.00
530, 0, 41.496466, -86.322563, 192.96, 0.00, 1, 0.00, 1500, 1500, 1500, 153.75, 14432.50, 8.75, 14427.50
531, 0, 41.496464, -86.322563, 197.77, 0.00, 1, 0.00, 1500, 1500, 1500, 151.25, 14435.00, 8.75, 14430.00
532, 0, 41.496462, -86.322563, 201.14, 0.00, 1, 0.00, 1500, 1500, 1500, 155.00, 14431.25, 7.50, 14426.25
533, 0, 41.496460, -86.322563, 201.83, 0.00, 1, 0.00, 1500, 1500, 1500, 142.50, 14432.50, 6.25, 14431.25
534, 0, 41.496454, -86.322571, 206.44, 0.00, 1, 0.00, 1500, 1500, 1500, 146.25, 14430.00, 6.25, 14427.50
535, 0, 41.496452, -86.322571, 207.16, 0.00, 1, 0.00, 1500, 1500, 1500, 456.25, 15351.25, 11090.00, 15243.75
536, 0, 41.496450, -86.322571, 206.44, 0.00, 1, 0.00, 1500, 1500, 1500, 158.75, 14431.25, 6.25, 14430.00
537, 0, 41.496449, -86.322571, 208.30, 0.00, 1, 0.00, 1500, 1500, 1500, 147.50, 14427.50, 6.25, 14422.50
538, 0, 41.496449, -86.322578, 207.53, 0.00, 1, 0.00, 1500, 1500, 1500, 147.50, 14427.50, 7.50, 14422.50
539, 0, 41.496447, -86.322578, 208.61, 0.00, 1, 0.00, 1500, 1500, 1500, 63.75, 14440.00, 8.75, 14435.00
541, 0, 41.496447, -86.322578, 209.21, 0.00, 1, 0.00, 1500, 1500, 1500, 213.75, 14427.50, 7.50, 14430.00
542, 0, 41.496445, -86.322578, 208.48, 0.00, 1, 0.00, 1500, 1500, 1500, 148.75, 14427.50, 6.25, 14423.75
543, 0, 41.496445, -86.322578, 208.71, 0.00, 1, 0.00, 1500, 1500, 1500, 148.75, 14430.00, 7.50, 14426.25
544, 0, 41.496443, -86.322578, 208.73, 0.00, 1, 0.00, 1500, 1500, 1500, 1480.00, 15238.75, 2377.50, 15316.25
545, 0, 41.496441, -86.322578, 209.02, 0.00, 1, 0.00, 1500, 1500, 1500, 153.75, 14430.00, 7.50, 14428.75
546, 0, 41.496441, -86.322578, 210.79, 0.00, 1, 0.00, 1500, 1500, 1500, 147.50, 14430.00, 7.50, 14428.75
547, 0, 41.496441, -86.322578, 208.48, 0.00, 1, 0.00, 1500, 1500, 1500, 155.00, 14430.00, 6.25, 14426.25
548, 0, 41.496441, -86.322578, 210.92, 0.00, 1, 0.00, 1500, 1500, 1500, 150.00, 14431.25, 6.25, 14426.25
549, 0, 41.496441, -86.322586, 209.92, 0.00, 1, 0.00, 1500, 1500, 1500, 152.50, 14426.25, 7.50, 14425.00
551, 0, 41.496441, -86.322586, 210.77, 0.00, 1, 0.00, 1500, 1500, 1500, 60.00, 14438.75, 8.75, 14432.50
552, 0, 41.496441, -86.322586, 214.13, 0.00, 1, 0.00, 1500, 1500, 1500, 156.25, 14430.00, 6.25, 14427.50
553, 0, 41.496439, -86.322586, 213.25, 0.00, 1, 0.00, 1500, 1500, 1500, 143.75, 14428.75, 6.25, 14426.25
554, 0, 41.496439, -86.322586, 214.36, 0.00, 1, 0.00, 1500, 1500, 1500, 145.00, 14431.25, 7.50, 14426.25
555, 0, 41.496439, -86.322586, 218.63, 0.00, 1, 0.00, 1500, 1500, 1500, 855.00, 14643.75, 5992.50, 15387.50
556, 0, 41.496439, -86.322586, 220.64, 0.00, 1, 0.00, 1500, 1500, 1500, 148.75, 14430.00, 6.25, 14407.50
557, 0, 41.496439, -86.322586, 219.63, 0.00, 1, 0.00, 1500, 1500, 1500, 146.25, 14428.75, 7.50, 14425.00
558, 0, 41.496441, -86.322586, 222.68, 0.00, 1, 0.00, 1500, 1500, 1500, 145.00, 14428.75, 8.75, 14423.75
560, 0, 41.496441, -86.322586, 234.30, 0.00, 1, 0.00, 1500, 1500, 1500, 88.75, 14440.00, 7.50, 14437.50
561, 0, 41.496441, -86.322578, 225.47, 0.00, 1, 0.00, 1500, 1500, 1500, 156.25, 14428.75, 7.50, 14426.25
562, 0, 41.496441, -86.322578, 237.21, 0.00, 1, 0.00, 1500, 1500, 1500, -1596.25, 14463.75, 8.75, 14440.00
563, 0, 41.496443, -86.322578, 229.95, 0.00, 1, 0.00, 1500, 1500, 1500, 161.25, 14430.00, 7.50, 14427.50
564, 1, 41.496443, -86.322578, 232.77, 249.12, 1, 14.62, 1650, 1650, 1792, 1136.25, 14341.25, 7.50, 14347.50
565, 1, 41.496443, -86.322578, 242.96, 249.12, 1, 11.85, 1800, 1800, 1736, 6401.25, 14373.75, 7340.00, 14690.00
566, 1, 41.496443, -86.322578, 250.29, 249.12, 1, 3.11, 1975, 1975, 1562, 15397.50, 13525.00, 11378.75, 13720.00
567, 1, 41.496439, -86.322586, 255.10, 249.16, 1, -2.18, 2000, 2000, 1456, 17526.25, 13081.25, 11422.50, 13301.25
568, 1, 41.496437, -86.322594, 260.07, 249.14, 1, -4.32, 2000, 2000, 1413, 17468.75, 12992.50, 11426.25, 13207.50
569, 1, 41.496433, -86.322601, 258.34, 249.19, 1, -4.93, 2000, 2000, 1401, 17200.00, 13033.75, 11431.25, 13220.00
570, 1, 41.496429, -86.322609, 256.81, 249.24, 1, -6.00, 2000, 2000, 1379, 17615.00, 12900.00, 11430.00, 13140.00
571, 1, 41.496426, -86.322624, 258.02, 249.20, 1, -5.86, 2000, 2000, 1382, 16792.50, 12890.00, 11432.50, 13116.25
573, 1, 41.496422, -86.322632, 258.61, 249.25, 1, -6.37, 2000, 2000, 1372, 16802.50, 12855.00, 11435.00, 13146.25
574, 1, 41.496420, -86.322647, 255.32, 249.14, 1, -5.56, 2000, 2000, 1388, 16996.25, 12873.75, 11445.00, 13063.75
575, 1, 41.496414, -86.322655, 254.46, 249.26, 1, -5.10, 2000, 2000, 1398, 16785.00, 12826.25, 11441.25, 13126.25
576, 1, 41.496408, -86.322678, 253.18, 249.19, 1, -4.96, 2000, 2000, 1400, 17143.75, 12878.75, 11441.25, 13082.50
577, 1, 41.496405, -86.322685, 255.87, 249.24, 1, -5.41, 2000, 2000, 1391, 16801.25, 12888.75, 11437.50, 13103.75
578, 1, 41.496401, -86.322693, 256.29, 249.29, 1, -5.74, 2000, 2000, 1385, 16781.25, 12825.00, 11446.25, 13055.00
579, 1, 41.496397, -86.322701, 254.34, 249.35, 1, -5.01, 2000, 2000, 1399, 16431.25, 12762.50, 11448.75, 13060.00
580, 1, 41.496393, -86.322716, 252.78, 249.30, 1, -4.96, 2000, 2000, 1400, 16645.00, 12713.75, 11457.50, 13058.75
581, 1, 41.496389, -86.322723, 253.70, 249.36, 1, -5.45, 2000, 2000, 1390, 16360.00, 12791.25, 11450.00, 13011.25
582, 1, 41.496386, -86.322731, 251.86, 249.41, 1, -5.11, 2000, 2000, 1397, 16312.50, 12796.25, 11452.50, 13020.00
584, 1, 41.496382, -86.322739, 252.45, 249.46, 1, -5.01, 2000, 2000, 1399, 16460.00, 12797.50, 11442.50, 13053.75
585, 1, 41.496378, -86.322754, 253.70, 249.42, 1, -5.45, 2000, 2000, 1390, 16112.50, 12805.00, 11447.50, 13030.00
586, 1, 41.496374, -86.322762, 251.48, 249.48, 1, -5.12, 2000, 2000, 1397, 16017.50, 12771.25, 11445.00, 13051.25
587, 1, 41.496374, -86.322762, 252.00, 249.48, 1, -4.66, 2000, 2000, 1406, 16401.25, 12785.00, 11446.25, 12998.75
588, 1, 41.496365, -86.322792, 252.05, 249.47, 1, -5.49, 2000, 2000, 1390, 16487.50, 12825.00, 11432.50, 13011.25
589, 1, 41.496361, -86.322800, 251.17, 249.52, 1, -5.43, 2000, 2000, 1391, 15483.75, 12743.75, 11441.25, 13008.75
590, 1, 41.496357, -86.322807, 251.67, 249.58, 1, -4.04, 2000, 2000, 1419, 16453.75, 12747.50, 11456.25, 12966.25
591, 1, 41.496351, -86.322823, 252.94, 249.62, 1, -5.15, 2000, 2000, 1397, 16395.00, 12750.00, 11446.25, 12897.50
592, 1, 41.496347, -86.322830, 249.88, 249.67, 1, -4.02, 2000, 2000, 1419, 15980.00, 12752.50, 11458.75, 12998.75
593, 1, 41.496344, -86.322838, 250.15, 249.73, 1, -3.79, 2000, 2000, 1424, 16046.25, 12753.75, 11441.25, 13021.25
595, 1, 41.496340, -86.322853, 251.42, 249.69, 1, -3.56, 2000, 2000, 1428, 15703.75, 12718.75, 11442.50, 12972.50
596, 1, 41.496336, -86.322861, 249.85, 249.75, 1, -2.72, 2000, 2000, 1445, 15717.50, 12780.00, 11435.00, 13008.75
597, 1, 41.496332, -86.322868, 248.05, 249.81, 1, -2.03, 2000, 2000, 1459, 15703.75, 12771.25, 11451.25, 12962.50
598, 1, 41.496326, -86.322876, 250.11, 249.96, 1, -2.12, 2000, 2000, 1457, 16571.25, 12752.50, 11441.25, 12995.00
599, 1, 41.496323, -86.322884, 248.83, 250.02, 1, -1.85, 2000, 2000, 1462, 16157.50, 12796.25, 11447.50, 12927.50
600, 1, 41.496313, -86.322906, 249.00, 250.13, 1, -2.27, 2000, 2000, 1454, 16116.25, 12697.50, 11452.50, 12982.50
601, 1, 41.496309, -86.322914, 248.66, 250.19, 1, -2.88, 2000, 2000, 1442, 16512.50, 12735.00, 11456.25, 12943.75
602, 1, 41.496304, -86.322922, 247.89, 250.34, 1, -1.98, 2000, 2000, 1460, 16013.75, 12761.25, 11462.50, 12991.25
603, 1, 41.496300, -86.322929, 249.43, 250.41, 1, -2.17, 2000, 2000, 1456, 15683.75, 12781.25, 11456.25, 12918.75
604, 1, 41.496296, -86.322937, 248.52, 250.48, 1, -3.11, 2000, 2000, 1437, 16213.75, 12743.75, 11460.00, 12982.50
605, 1, 41.496292, -86.322952, 251.61, 250.44, 1, -2.41, 2000, 2000, 1451, 16216.25, 12706.25, 11438.75, 12958.75
606, 1, 41.496286, -86.322960, 251.16, 250.60, 1, -2.82, 2000, 2000, 1443, 16377.50, 12746.25, 11447.50, 12963.75
607, 1, 41.496283, -86.322968, 249.43, 250.67, 1, -3.71, 2000, 2000, 1425, 16091.25, 12711.25, 11445.00, 12975.00
608, 1, 41.496279, -86.322983, 250.34, 250.63, 1, -3.08, 2000, 2000, 1438, 15636.25, 12752.50, 11457.50, 12900.00
609, 1, 41.496275, -86.322990, 250.99, 250.71, 1, -3.31, 2000, 2000, 1433, 15530.00, 12786.25, 11457.50, 12990.00
610, 1, 41.496269, -86.322998, 251.36, 250.87, 1, -3.66, 2000, 2000, 1426, 15872.50, 12768.75, 11456.25, 12965.00
611, 1, 41.496265, -86.323006, 250.65, 250.95, 1, -3.49, 2000, 2000, 1430, 16137.50, 12751.25, 11468.75, 12980.00
612, 1, 41.496262, -86.323013, 252.11, 251.02, 1, -3.82, 2000, 2000, 1423, 16081.25, 12742.50, 11443.75, 12945.00
613, 1, 41.496258, -86.323029, 253.67, 250.99, 1, -4.34, 2000, 2000, 1413, 15991.25, 12742.50, 11467.50, 12955.00
614, 1, 41.496254, -86.323036, 253.06, 251.07, 1, -3.99, 2000, 2000, 1420, 15745.00, 12750.00, 11447.50, 12955.00
615, 1, 41.496250, -86.323044, 253.56, 251.15, 1, -4.47, 2000, 2000, 1410, 15892.50, 12713.75, 11452.50, 12925.00
616, 1, 41.496246, -86.323051, 251.48, 251.23, 1, -4.49, 2000, 2000, 1410, 15697.50, 12691.25, 11461.25, 12922.50
617, 1, 41.496243, -86.323067, 246.36, 251.20, 1, -4.67, 2000, 2000, 1406, 15550.00, 12703.75, 11472.50, 12835.00
618, 1, 41.496239, -86.323074, 252.65, 251.28, 1, -4.33, 2000, 2000, 1413, 15328.75, 12722.50, 11430.00, 12951.25
619, 1, 41.496235, -86.323082, 252.45, 251.36, 1, -4.05, 2000, 2000, 1418, 15978.75, 12628.75, 11462.50, 12923.75
620, 1, 41.496233, -86.323090, 252.30, 251.35, 1, -3.57, 2000, 2000, 1428, 16088.75, 12723.75, 11490.00, 12932.50
621, 1, 41.496229, -86.323105, 253.93, 251.32, 1, -4.68, 2000, 2000, 1406, 15487.50, 12690.00, 11468.75, 12991.25
622, 1, 41.496223, -86.323112, 250.34, 251.50, 1, -3.38, 2000, 2000, 1432, 16167.50, 12690.00, 11463.75, 12942.50
623, 1, 41.496220, -86.323120, 252.04, 251.59, 1, -3.48, 2000, 2000, 1430, 15593.75, 12615.00, 11458.75, 12851.25
624, 1, 41.496216, -86.323128, 252.23, 251.68, 1, -3.70, 2000, 2000, 1426, 15908.75, 12647.50, 11451.25, 12931.25
625, 1, 41.496210, -86.323143, 253.91, 251.76, 1, -4.04, 2000, 2000, 1419, 15720.00, 12643.75, 11470.00, 12848.75
626, 1, 41.496206, -86.323151, 252.42, 251.85, 1, -4.03, 2000, 2000, 1419, 15703.75, 12712.50, 11465.00, 12941.25
627, 1, 41.496202, -86.323158, 251.29, 251.94, 1, -3.71, 2000, 2000, 1425, 15868.75, 12626.25, 11472.50, 12907.50
628, 1, 41.496199, -86.323166, 251.99, 252.04, 1, -4.81, 2000, 2000, 1403, 16040.00, 12667.50, 11460.00, 12873.75
629, 1, 41.496195, -86.323181, 253.11, 252.02, 1, -3.41, 2000, 2000, 1431, 15626.25, 12695.00, 11473.75, 12901.25
630, 1, 41.496191, -86.323189, 253.89, 252.11, 1, -3.92, 2000, 2000, 1421, 15908.75, 12696.25, 11457.50, 12908.75
631, 1, 41.496187, -86.323196, 253.11, 252.21, 1, -3.56, 2000, 2000, 1428, 16223.75, 12625.00, 11471.25, 12918.75
632, 1, 41.496183, -86.323204, 252.62, 252.31, 1, -4.27, 2000, 2000, 1414, 15285.00, 12680.00, 11453.75, 12907.50
633, 1, 41.496180, -86.323219, 253.64, 252.29, 1, -3.96, 2000, 2000, 1420, 15801.25, 12698.75, 11442.50, 12926.25
634, 1, 41.496176, -86.323227, 252.98, 252.40, 1, -4.18, 2000, 2000, 1416, 16141.25, 12643.75, 11465.00, 12862.50
635, 1, 41.496172, -86.323235, 254.10, 252.50, 1, -4.07, 2000, 2000, 1418, 15943.75, 12640.00, 11465.00, 12933.75
636, 1, 41.496168, -86.323250, 253.58, 252.49, 1, -3.50, 2000, 2000, 1429, 16418.75, 12620.00, 11448.75, 12777.50
637, 1, 41.496164, -86.323257, 254.79, 252.59, 1, -4.10, 2000, 2000, 1417, 16220.00, 12635.00, 11436.25, 12815.00
638, 1, 41.496161, -86.323265, 252.42, 252.70, 1, -5.43, 2000, 2000, 1391, 15741.25, 12660.00, 11452.50, 12895.00
639, 1, 41.496159, -86.323273, 252.57, 252.70, 1, -4.77, 2000, 2000, 1404, 15728.75, 12677.50, 11460.00, 12892.50
640, 1, 41.496155, -86.323288, 253.67, 252.68, 1, -4.36, 2000, 2000, 1412, 15747.50, 12647.50, 11471.25, 12876.25
641, 1, 41.496151, -86.323296, 254.46, 252.80, 1, -4.30, 2000, 2000, 1414, 15180.00, 12626.25, 11447.50, 12850.00
643, 1, 41.496147, -86.323303, 253.18, 252.91, 1, -4.64, 2000, 2000, 1407, 15708.75, 12632.50, 11457.50, 12850.00
644, 1, 41.496143, -86.323311, 252.82, 253.03, 1, -4.30, 2000, 2000, 1413, 15886.25, 12700.00, 11451.25, 12892.50
645, 1, 41.496136, -86.323334, 252.70, 253.15, 1, -4.34, 2000, 2000, 1413, 16321.25, 12607.50, 11446.25, 12852.50
646, 1, 41.496132, -86.323341, 253.47, 253.27, 1, -3.47, 2000, 2000, 1430, 16035.00, 12663.75, 11447.50, 12881.25
647, 1, 41.496128, -86.323357, 255.21, 253.26, 1, -4.24, 2000, 2000, 1415, 15620.00, 12611.25, 11442.50, 12830.00
648, 1, 41.496124, -86.323364, 253.47, 253.39, 1, -3.68, 2000, 2000, 1426, 15463.75, 12243.75, 8207.50, 12265.00
649, 1, 41.496120, -86.323372, 253.72, 253.52, 1, -4.94, 2000, 2000, 1401, 16128.75, 12620.00, 11435.00, 12818.75
650, 1, 41.496119, -86.323380, 254.45, 253.52, 1, -4.21, 2000, 2000, 1415, 15471.25, 12648.75, 11441.25, 12856.25
651, 1, 41.496115, -86.323395, 252.94, 253.52, 1, -4.44, 2000, 2000, 1411, 15996.25, 12655.00, 11462.50, 12872.50
652, 1, 41.496111, -86.323402, 253.11, 253.66, 1, -3.46, 2000, 2000, 1430, 16035.00, 12658.75, 11447.50, 12847.50
653, 1, 41.496109, -86.323410, 253.49, 253.66, 1, -3.83, 2000, 2000, 1423, 16346.25, 12600.00, 11448.75, 12822.50
655, 1, 41.496105, -86.323418, 251.93, 253.80, 1, -3.19, 2000, 2000, 1436, 16140.00, 12655.00, 11435.00, 12840.00
656, 1, 41.496101, -86.323425, 254.66, 253.95, 1, -3.46, 2000, 2000, 1430, 16022.50, 12613.75, 11445.00, 12846.25
657, 1, 41.496098, -86.323441, 253.23, 253.95, 1, -3.26, 2000, 2000, 1434, 15812.50, 12647.50, 11446.25, 12807.50
658, 1, 41.496090, -86.323456, 255.10, 254.26, 1, -4.16, 2000, 2000, 1416, 15452.50, 12541.25, 11443.75, 12911.25
659, 1, 41.496088, -86.323471, 254.89, 254.12, 1, -4.60, 2000, 2000, 1407, 15755.00, 12678.75, 11431.25, 12903.75
660, 1, 41.496084, -86.323479, 255.21, 254.27, 1, -4.12, 2000, 2000, 1417, 15695.00, 12543.75, 11451.25, 12756.25
661, 1, 41.496080, -86.323486, 254.99, 254.44, 1, -4.24, 2000, 2000, 1415, 16225.00, 12607.50, 11457.50, 12828.75
662, 1, 41.496077, -86.323494, 252.12, 254.60, 1, -4.58, 2000, 2000, 1408, 15901.25, 12576.25, 11471.25, 12876.25
663, 1, 41.496075, -86.323509, 254.25, 254.46, 1, -3.92, 2000, 2000, 1421, 16193.75, 12650.00, 11467.50, 12832.50
664, 1, 41.496071, -86.323517, 256.51, 254.63, 1, -4.23, 2000, 2000, 1415, 15942.50, 12631.25, 11441.25, 12858.75
665, 1, 41.496067, -86.323524, 253.02, 254.81, 1, -3.73, 2000, 2000, 1425, 15812.50, 12592.50, 11466.25, 12837.50
666, 1, 41.496063, -86.323532, 258.43, 254.98, 1, -3.83, 2000, 2000, 1423, 15683.75, 12685.00, 11470.00, 12851.25
668, 1, 41.496059, -86.323540, 254.13, 255.17, 1, -4.99, 2000, 2000, 1400, 16240.00, 12613.75, 11443.75, 12862.50
669, 1, 41.496056, -86.323555, 254.89, 255.20, 1, -3.81, 2000, 2000, 1423, 15758.75, 12663.75, 11451.25, 12890.00
670, 1, 41.496052, -86.323563, 256.04, 255.39, 1, -4.26, 2000, 2000, 1414, 16321.25, 12631.25, 11420.00, 12827.50
671, 1, 41.496046, -86.323586, 254.78, 255.45, 1, -3.25, 2000, 2000, 1434, 15541.25, 12611.25, 11438.75, 12851.25
672, 1, 41.496042, -86.323593, 257.07, 255.66, 1, -3.91, 2000, 2000, 1421, 16110.00, 12596.25, 11457.50, 12811.25
673, 1, 41.496038, -86.323601, 255.21, 255.87, 1, -3.82, 2000, 2000, 1423, 16382.50, 12578.75, 11455.00, 12815.00
674, 1, 41.496035, -86.323616, 255.98, 255.92, 1, -2.95, 2000, 2000, 1441, 16113.75, 12596.25, 11457.50, 12820.00
675, 1, 41.496031, -86.323624, 255.77, 256.14, 1, -3.60, 2000, 2000, 1428, 15800.00, 12595.00, 11465.00, 12853.75
676, 1, 41.496029, -86.323631, 254.26, 256.17, 1, -3.20, 2000, 2000, 1435, 15865.00, 12593.75, 11448.75, 12797.50
677, 1, 41.496025, -86.323647, 254.67, 256.24, 1, -3.15, 2000, 2000, 1436, 15817.50, 12602.50, 11468.75, 12833.75
678, 1, 41.496021, -86.323654, 254.68, 256.47, 1, -2.28, 2000, 2000, 1454, 15941.25, 12616.25, 11441.25, 12861.25
680, 1, 41.496017, -86.323662, 257.03, 256.72, 1, -2.16, 2000, 2000, 1456, 15588.75, 12537.50, 11455.00, 12818.75
681, 1, 41.496014, -86.323669, 258.19, 256.97, 1, -1.92, 2000, 2000, 1461, 16032.50, 12580.00, 11435.00, 12788.75
682, 1, 41.496010, -86.323685, 254.89, 257.06, 1, -2.63, 2000, 2000, 1447, 16416.25, 12580.00, 11467.50, 12821.25
683, 1, 41.496002, -86.323700, 255.33, 257.60, 1, -2.83, 2000, 2000, 1443, 15255.00, 12556.25, 11488.75, 12853.75
684, 1, 41.495998, -86.323708, 255.54, 257.88, 1, -1.71, 2000, 2000, 1465, 15927.50, 12576.25, 11455.00, 12802.50
685, 1, 41.495995, -86.323723, 256.81, 258.01, 1, -1.37, 2000, 2000, 1472, 15165.00, 12593.75, 11435.00, 12800.00
686, 1, 41.495993, -86.323730, 255.75, 258.07, 1, -0.94, 2000, 2000, 1481, 15137.50, 12586.25, 11445.00, 12832.50
687, 1, 41.495989, -86.323738, 257.27, 258.38, 1, -1.37, 2000, 2000, 1472, 16483.75, 12593.75, 11458.75, 12778.75
688, 1, 41.495985, -86.323746, 257.74, 258.70, 1, -1.67, 2000, 2000, 1466, 15811.25, 12526.25, 11457.50, 12761.25
689, 1, 41.495983, -86.323761, 257.74, 258.60, 1, -1.92, 2000, 2000, 1461, 15975.00, 12557.50, 11431.25, 12805.00
690, 1, 41.495979, -86.323769, 257.07, 258.94, 1, -2.19, 2000, 2000, 1456, 16322.50, 12566.25, 11453.75, 12758.75
691, 1, 41.495975, -86.323776, 257.13, 259.29, 1, -1.62, 2000, 2000, 1467, 16130.00, 12522.50, 11430.00, 12821.25
693, 1, 41.495974, -86.323792, 258.83, 259.21, 1, -2.70, 2000, 2000, 1445, 15703.75, 12617.50, 11455.00, 12792.50
694, 1, 41.495970, -86.323799, 258.76, 259.58, 1, -2.37, 2000, 2000, 1452, 15505.00, 12642.50, 11447.50, 12810.00
695, 1, 41.495966, -86.323807, 258.43, 259.97, 1, -2.29, 2000, 2000, 1454, 15960.00, 12603.75, 11460.00, 12810.00
696, 1, 41.495960, -86.323830, 258.59, 260.32, 1, -2.49, 2000, 2000, 1450, 15745.00, 12530.00, 11456.25, 12796.25
697, 1, 41.495956, -86.323837, 259.66, 260.75, 1, -2.00, 2000, 2000, 1460, 15762.50, 12598.75, 11456.25, 12790.00
698, 1, 41.495955, -86.323853, 259.10, 260.71, 1, -2.06, 2000, 2000, 1458, 16217.50, 12541.25, 11425.00, 12812.50
699, 1, 41.495953, -86.323860, 259.83, 260.86, 1, -2.47, 2000, 2000, 1450, 15587.50, 12518.75, 11451.25, 12757.50
700, 1, 41.495949, -86.323868, 262.36, 261.33, 1, -1.63, 2000, 2000, 1467, 15825.00, 12511.25, 11453.75, 12746.25
701, 1, 41.495947, -86.323883, 261.44, 261.32, 1, -1.89, 2000, 2000, 1462, 15865.00, 12521.25, 11435.00, 12768.75
702, 1, 41.495943, -86.323891, 262.17, 261.84, 1, -2.59, 2000, 2000, 1448, 15912.50, 12592.50, 11462.50, 12811.25
703, 1, 41.495941, -86.323898, 261.82, 262.02, 1, -2.14, 2000, 2000, 1457, 15860.00, 12475.00, 11451.25, 12787.50
705, 1, 41.495939, -86.323906, 262.65, 262.21, 1, -2.01, 2000, 2000, 1459, 15331.25, 12597.50, 11431.25, 12842.50
706, 1, 41.495935, -86.323921, 262.78, 262.62, 1, -2.40, 2000, 2000, 1451, 15356.25, 12576.25, 11463.75, 12745.00
707, 1, 41.495934, -86.323929, 264.83, 262.84, 1, -2.89, 2000, 2000, 1442, 15681.25, 12578.75, 11428.75, 12737.50
708, 1, 41.495932, -86.323936, 264.93, 263.07, 1, -2.93, 2000, 2000, 1441, 15921.25, 12582.50, 11440.00, 12732.50
709, 1, 41.495928, -86.323959, 263.40, 263.40, 1, -3.57, 2000, 2000, 1428, 15847.50, 12496.25, 11440.00, 12812.50
710, 1, 41.495926, -86.323975, 264.48, 263.50, 1, -4.22, 2000, 2000, 1415, 15591.25, 12578.75, 11460.00, 12760.00
711, 1, 41.495922, -86.323982, 264.59, 264.26, 1, -3.55, 2000, 2000, 1429, 15978.75, 12610.00, 11427.50, 12813.75
712, 1, 41.495922, -86.323990, 265.32, 264.09, 1, -3.55, 2000, 2000, 1429, 16023.75, 12488.75, 11470.00, 12723.75
713, 1, 41.495918, -86.324005, 266.33, 264.77, 1, -3.34, 2000, 2000, 1433, 15920.00, 12497.50, 11488.75, 12731.25
714, 1, 41.495916, -86.324013, 265.17, 265.13, 1, -3.57, 2000, 2000, 1428, 15195.00, 12602.50, 11455.00, 12837.50
715, 1, 41.495914, -86.324020, 264.74, 265.53, 1, -3.76, 2000, 2000, 1424, 16098.75, 12562.50, 11431.25, 12760.00
716, 1, 41.495913, -86.324036, 266.46, 265.81, 1, -1.87, 2000, 2000, 1462, 16251.25, 12472.50, 11453.75, 12768.75
718, 1, 41.495911, -86.324043, 264.52, 266.27, 1, -3.04, 2000, 2000, 1439, 15655.00, 12512.50, 11440.00, 12746.25
719, 1, 41.495909, -86.324051, 265.27, 266.77, 1, -2.51, 2000, 2000, 1449, 15960.00, 12481.25, 11440.00, 12686.25
720, 1, 41.495905, -86.324074, 267.32, 267.81, 1, -2.09, 2000, 2000, 1458, 15568.75, 12560.00, 11452.50, 12728.75
721, 1, 41.495903, -86.324089, 268.04, 268.40, 1, -2.89, 2000, 2000, 1442, 16113.75, 12500.00, 11468.75, 12767.50
722, 1, 41.495901, -86.324097, 267.94, 269.16, 1, -2.16, 2000, 2000, 1456, 15843.75, 12491.25, 11458.75, 12778.75
723, 1, 41.495899, -86.324112, 268.53, 270.00, 1, -1.95, 2000, 2000, 1461, 15890.00, 12513.75, 11471.25, 12763.75
724, 1, 41.495897, -86.324120, 270.08, 270.99, 1, -0.54, 2000, 2000, 1489, 15881.25, 12542.50, 11432.50, 12736.25
725, 1, 41.495895, -86.324127, 266.38, 248.97, 2, -6.94, 2000, 2000, 1361, 15743.75, 12508.75, 11452.50, 12745.00
726, 1, 41.495893, -86.324142, 264.59, 248.85, 2, -16.78, 2000, 2000, 1164, 15838.75, 12535.00, 11457.50, 12742.50
727, 1, 41.495892, -86.324150, 258.69, 248.83, 2, -13.27, 2000, 2000, 1234, 15690.00, 12556.25, 11455.00, 12728.75
728, 1, 41.495890, -86.324165, 254.56, 248.70, 2, -8.86, 2000, 2000, 1322, 15955.00, 12511.25, 11456.25, 12763.75
730, 1, 41.495888, -86.324173, 250.55, 248.67, 2, -6.09, 2000, 2000, 1378, 15698.75, 12452.50, 11457.50, 12708.75
731, 1, 41.495884, -86.324188, 248.86, 248.62, 2, -4.58, 2000, 2000, 1408, 16161.25, 12508.75, 11471.25, 12768.75
732, 1, 41.495876, -86.324203, 246.18, 248.73, 2, -3.34, 2000, 2000, 1433, 15447.50, 12486.25, 11456.25, 12732.50
733, 1, 41.495871, -86.324211, 244.64, 248.86, 2, -2.04, 2000, 2000, 1459, 15916.25, 12488.75, 11485.00, 12740.00
734, 1, 41.495867, -86.324219, 247.13, 248.91, 2, -1.37, 2000, 2000, 1472, 16018.75, 12571.25, 11483.75, 12826.25
735, 1, 41.495861, -86.324234, 246.49, 248.94, 2, -1.86, 2000, 2000, 1462, 15793.75, 12461.25, 11471.25, 12776.25
736, 1, 41.495857, -86.324242, 248.22, 249.00, 2, -1.32, 2000, 2000, 1473, 15392.50, 12506.25, 11482.50, 12771.25
737, 1, 41.495852, -86.324249, 245.09, 249.14, 2, -1.99, 2000, 2000, 1460, 15825.00, 12498.75, 11476.25, 12758.75
738, 1, 41.495846, -86.324257, 246.20, 249.28, 2, -0.94, 2000, 2000, 1481, 16347.50, 12512.50, 11473.75, 12713.75
739, 1, 41.495842, -86.324265, 248.09, 249.33, 2, -0.39, 2000, 2000, 1492, 15835.00, 12476.25, 11470.00, 12726.25
741, 1, 41.495836, -86.324272, 248.39, 249.48, 2, -0.51, 2000, 2000, 1489, 15873.75, 12532.50, 11463.75, 12717.50
742, 1, 41.495832, -86.324280, 246.17, 249.54, 2, -1.00, 2000, 2000, 1480, 16218.75, 12535.00, 11473.75, 12743.75
743, 1, 41.495827, -86.324287, 247.92, 249.68, 2, -2.03, 2000, 2000, 1459, 15850.00, 12498.75, 11483.75, 12752.50
744, 1, 41.495823, -86.324295, 248.37, 249.75, 2, -2.13, 2000, 2000, 1457, 16185.00, 12500.00, 11478.75, 12747.50
745, 1, 41.495815, -86.324318, 250.34, 249.76, 2, -2.80, 2000, 2000, 1443, 16505.00, 12485.00, 11452.50, 12725.00
746, 1, 41.495811, -86.324326, 249.79, 249.83, 2, -2.95, 2000, 2000, 1440, 15768.75, 12528.75, 11478.75, 12746.25
747, 1, 41.495808, -86.324333, 250.84, 249.89, 2, -3.02, 2000, 2000, 1439, 16025.00, 12541.25, 11478.75, 12743.75
748, 1, 41.495804, -86.324341, 250.62, 249.96, 2, -3.26, 2000, 2000, 1434, 15681.25, 12493.75, 11471.25, 12761.25
749, 1, 41.495798, -86.324348, 250.70, 250.12, 2, -3.41, 2000, 2000, 1431, 15647.50, 12475.00, 11467.50, 12763.75
750, 1, 41.495796, -86.324356, 252.98, 250.10, 2, -4.56, 2000, 2000, 1408, 15397.50, 12503.75, 11465.00, 12671.25
751, 1, 41.495792, -86.324371, 252.20, 250.05, 2, -4.55, 2000, 2000, 1408, 15217.50, 12507.50, 11475.00, 12703.75
752, 1, 41.495789, -86.324379, 252.38, 250.12, 2, -4.81, 2000, 2000, 1403, 15797.50, 12520.00, 11490.00, 12730.00
754, 1, 41.495785, -86.324387, 251.80, 250.19, 2, -5.11, 2000, 2000, 1397, 15720.00, 12458.75, 11468.75, 12718.75
755, 1, 41.495781, -86.324402, 252.32, 250.15, 2, -4.60, 2000, 2000, 1408, 15613.75, 12447.50, 11490.00, 12681.25
756, 1, 41.495773, -86.324417, 252.50, 250.30, 2, -5.19, 2000, 2000, 1396, 15746.25, 12452.50, 11486.25, 12682.50
757, 1, 41.495770, -86.324425, 252.65, 250.37, 2, -5.81, 2000, 2000, 1383, 15551.25, 12435.00, 11497.50, 12723.75
758, 1, 41.495766, -86.324432, 254.66, 250.44, 2, -5.86, 2000, 2000, 1382, 15780.00, 12505.00, 11467.50, 12702.50
759, 1, 41.495762, -86.324448, 253.02, 250.40, 2, -4.94, 2000, 2000, 1401, 15495.00, 12508.75, 11465.00, 12678.75
760, 1, 41.495758, -86.324455, 251.80, 250.48, 2, -4.86, 2000, 2000, 1402, 16118.75, 12511.25, 11468.75, 12747.50
761, 1, 41.495754, -86.324463, 253.10, 250.56, 2, -5.40, 2000, 2000, 1391, 15327.50, 12487.50, 11477.50, 12716.25
762, 1, 41.495750, -86.324478, 255.10, 250.52, 2, -5.86, 2000, 2000, 1382, 15383.75, 12447.50, 11468.75, 12720.00
763, 1, 41.495747, -86.324486, 250.70, 250.60, 2, -4.74, 2000, 2000, 1405, 15863.75, 12536.25, 11473.75, 12701.25
765, 1, 41.495741, -86.324493, 250.97, 250.78, 2, -5.09, 2000, 2000, 1398, 16336.25, 12461.25, 11488.75, 12647.50
766, 1, 41.495737, -86.324501, 250.52, 250.86, 2, -5.02, 2000, 2000, 1399, 16408.75, 12528.75, 11491.25, 12757.50
767, 1, 41.495733, -86.324516, 252.65, 250.82, 2, -4.47, 2000, 2000, 1410, 15848.75, 12470.00, 11467.50, 12671.25
768, 1, 41.495729, -86.324524, 248.37, 250.91, 2, -3.65, 2000, 2000, 1427, 15801.25, 12443.75, 11487.50, 12612.50
769, 1, 41.495724, -86.324539, 250.44, 250.98, 2, -3.44, 2000, 2000, 1431, 16268.75, 12493.75, 11481.25, 12713.75
770, 1, 41.495720, -86.324547, 246.97, 251.06, 2, -2.57, 2000, 2000, 1448, 15982.50, 12403.75, 11488.75, 12723.75
771, 1, 41.495716, -86.324562, 249.79, 251.03, 2, -2.08, 2000, 2000, 1458, 15870.00, 12433.75, 11486.25, 12652.50
772, 1, 41.495712, -86.324570, 246.97, 251.12, 2, -0.95, 2000, 2000, 1481, 15988.75, 12407.50, 11472.50, 12658.75
773, 1, 41.495707, -86.324577, 245.30, 251.32, 2, -0.16, 2000, 2000, 1496, 15450.00, 12447.50, 11497.50, 12756.25
774, 1, 41.495703, -86.324585, 244.21, 251.41, 2, 0.83, 2000, 2000, 1516, 15235.00, 12493.75, 11496.25, 12705.00
775, 1, 41.495699, -86.324593, 246.50, 251.51, 2, 0.67, 2000, 2000, 1513, 15953.75, 12546.25, 11476.25, 12736.25
777, 1, 41.495693, -86.324600, 248.05, 251.72, 2, 0.99, 2000, 2000, 1519, 15702.50, 12425.00, 11476.25, 12671.25
778, 1, 41.495689, -86.324608, 248.05, 251.82, 2, 0.89, 2000, 2000, 1517, 15360.00, 12448.75, 11483.75, 12705.00
779, 1, 41.495682, -86.324623, 250.81, 252.02, 2, 0.43, 2000, 2000, 1508, 15141.25, 12477.50, 11495.00, 12710.00
780, 1, 41.495678, -86.324638, 248.52, 252.00, 2, 0.03, 2000, 2000, 1500, 15553.75, 12500.00, 11476.25, 12703.75
781, 1, 41.495672, -86.324646, 248.71, 252.22, 2, -0.02, 2000, 2000, 1499, 15578.75, 12457.50, 11488.75, 12731.25
782, 1, 41.495668, -86.324654, 250.25, 252.33, 2, -1.03, 2000, 2000, 1479, 16041.25, 12470.00, 11473.75, 12661.25
783, 1, 41.495665, -86.324661, 252.90, 252.44, 2, -1.47, 2000, 2000, 1470, 15815.00, 12397.50, 11486.25, 12680.00
784, 1, 41.495661, -86.324669, 251.35, 252.55, 2, -1.84, 2000, 2000, 1463, 15920.00, 12328.75, 11488.75, 12658.75
785, 1, 41.495655, -86.324677, 253.86, 252.79, 2, -2.33, 2000, 2000, 1453, 16042.50, 12461.25, 11481.25, 12673.75
786, 1, 41.495651, -86.324692, 253.79, 252.78, 2, -2.66, 2000, 2000, 1446, 15775.00, 12453.75, 11480.00, 12673.75
788, 1, 41.495647, -86.324699, 253.70, 252.90, 2, -4.11, 2000, 2000, 1417, 16270.00, 12480.00, 11475.00, 12583.75
789, 1, 41.495644, -86.324707, 253.81, 253.02, 2, -2.71, 2000, 2000, 1445, 16527.50, 12477.50, 11481.25, 12658.75
790, 1, 41.495640, -86.324715, 256.64, 253.14, 2, -2.61, 2000, 2000, 1447, 15940.00, 12443.75, 11475.00, 12713.75
791, 1, 41.495636, -86.324722, 254.00, 253.27, 2, -2.86, 2000, 2000, 1442, 15895.00, 12432.50, 11465.00, 12676.25
792, 1, 41.495628, -86.324745, 256.97, 253.39, 2, -3.93, 2000, 2000, 1421, 16148.75, 12428.75, 11477.50, 12703.75
793, 1, 41.495625, -86.324753, 252.98, 253.52, 2, -3.96, 2000, 2000, 1420, 15862.50, 12447.50, 11468.75, 12645.00
794, 1, 41.495623, -86.324760, 256.64, 253.52, 2, -3.62, 2000, 2000, 1427, 15651.25, 12447.50, 11476.25, 12645.00
795, 1, 41.495619, -86.324768, 254.45, 253.66, 2, -3.41, 2000, 2000, 1431, 15538.75, 12441.25, 11472.50, 12656.25
796, 1, 41.495615, -86.324783, 253.28, 253.66, 2, -2.92, 2000, 2000, 1441, 15722.50, 12453.75, 11472.50, 12716.25
797, 1, 41.495611, -86.324791, 256.21, 253.80, 2, -3.83, 2000, 2000, 1423, 15920.00, 12383.75, 11480.00, 12627.50
798, 1, 41.495607, -86.324799, 255.21, 253.95, 2, -2.48, 2000, 2000, 1450, 15550.00, 12415.00, 11483.75, 12680.00
800, 1, 41.495604, -86.324806, 255.22, 254.09, 2, -2.95, 2000, 2000, 1441, 15677.50, 12441.25, 11476.25, 12640.00
801, 1, 41.495600, -86.324821, 254.77, 254.10, 2, -2.66, 2000, 2000, 1446, 15285.00, 12385.00, 11481.25, 12711.25
802, 1, 41.495592, -86.324837, 252.65, 254.41, 2, -2.67, 2000, 2000, 1446, 15720.00, 12492.50, 11475.00, 12707.50
803, 1, 41.495590, -86.324844, 253.56, 254.42, 2, -2.51, 2000, 2000, 1449, 15393.75, 12491.25, 11486.25, 12686.25
804, 1, 41.495586, -86.324852, 253.35, 254.58, 2, -2.72, 2000, 2000, 1445, 15853.75, 12501.25, 11477.50, 12663.75
805, 1, 41.495583, -86.324860, 255.22, 254.75, 2, -1.79, 2000, 2000, 1464, 15872.50, 12436.25, 11467.50, 12668.75
806, 1, 41.495579, -86.324875, 254.99, 254.77, 2, -2.27, 2000, 2000, 1454, 15786.25, 12426.25, 11481.25, 12680.00
807, 1, 41.495575, -86.324883, 253.38, 254.94, 2, -1.25, 2000, 2000, 1474, 16353.75, 12446.25, 11478.75, 12641.25
808, 1, 41.495571, -86.324890, 252.12, 255.12, 2, -1.38, 2000, 2000, 1472, 15861.25, 12375.00, 11487.50, 12692.50
809, 1, 41.495567, -86.324898, 252.57, 255.30, 2, -1.45, 2000, 2000, 1470, 15657.50, 12366.25, 11481.25, 12647.50
811, 1, 41.495564, -86.324905, 253.79, 255.49, 2, -1.36, 2000, 2000, 1472, 16333.75, 12402.50, 11478.75, 12596.25
812, 1, 41.495560, -86.324921, 251.54, 255.53, 2, -0.34, 2000, 2000, 1493, 15668.75, 12456.25, 11477.50, 12718.75
813, 1, 41.495556, -86.324928, 253.19, 255.72, 2, -0.61, 2000, 2000, 1487, 15412.50, 12386.25, 11493.75, 12623.75
814, 1, 41.495552, -86.324936, 253.67, 255.92, 2, -0.26, 2000, 2000, 1494, 15853.75, 12397.50, 11477.50, 12617.50
815, 1, 41.495544, -86.324951, 255.32, 256.33, 2, -0.52, 2000, 2000, 1489, 15838.75, 12398.75, 11476.25, 12643.75
816, 1, 41.495541, -86.324966, 254.77, 256.39, 2, -0.94, 2000, 2000, 1481, 16092.50, 12357.50, 11478.75, 12602.50
817, 1, 41.495537, -86.324974, 254.99, 256.61, 2, -0.62, 2000, 2000, 1487, 15845.00, 12430.00, 11471.25, 12591.25
818, 1, 41.495535, -86.324982, 255.21, 256.65, 2, -1.23, 2000, 2000, 1475, 15555.00, 12426.25, 11471.25, 12595.00
819, 1, 41.495531, -86.324989, 255.66, 256.88, 2, -1.23, 2000, 2000, 1475, 15592.50, 12451.25, 11480.00, 12625.00
820, 1, 41.495527, -86.325005, 255.21, 256.96, 2, -0.87, 2000, 2000, 1482, 15585.00, 12366.25, 11491.25, 12633.75
821, 1, 41.495523, -86.325012, 256.06, 257.20, 2, -0.66, 2000, 2000, 1486, 16185.00, 12463.75, 11475.00, 12676.25
823, 1, 41.495520, -86.325020, 255.83, 257.45, 2, -1.20, 2000, 2000, 1476, 15317.50, 12390.00, 11472.50, 12636.25
824, 1, 41.495516, -86.325027, 256.08, 257.70, 2, -0.67, 2000, 2000, 1486, 15756.25, 12441.25, 11487.50, 12677.50
825, 1, 41.495514, -86.325043, 256.64, 257.60, 2, -1.13, 2000, 2000, 1477, 15935.00, 12467.50, 11492.50, 12715.00
826, 1, 41.495506, -86.325058, 258.92, 258.14, 2, -0.78, 2000, 2000, 1484, 15532.50, 12380.00, 11471.25, 12663.75
827, 1, 41.495504, -86.325066, 258.69, 258.20, 2, -2.07, 2000, 2000, 1458, 16042.50, 12410.00, 11468.75, 12676.25
828, 1, 41.495501, -86.325081, 260.01, 258.33, 2, -2.41, 2000, 2000, 1451, 15496.25, 12375.00, 11468.75, 12597.50
829, 1, 41.495499, -86.325089, 257.69, 258.40, 2, -1.32, 2000, 2000, 1473, 16380.00, 12361.25, 11475.00, 12577.50
830, 1, 41.495495, -86.325096, 260.42, 258.71, 2, -2.94, 2000, 2000, 1441, 15817.50, 12348.75, 11485.00, 12621.25
831, 1, 41.495493, -86.325104, 261.70, 258.78, 2, -2.80, 2000, 2000, 1444, 15635.00, 12402.50, 11466.25, 12667.50
832, 1, 41.495489, -86.325111, 260.52, 259.10, 2, -2.96, 2000, 2000, 1440, 15531.25, 12366.25, 11468.75, 12625.00
833, 1, 41.495487, -86.325127, 261.83, 259.02, 2, -4.15, 2000, 2000, 1416, 15515.00, 12370.00, 11462.50, 12608.75
835, 1, 41.495483, -86.325134, 260.50, 259.36, 2, -4.26, 2000, 2000, 1414, 15752.50, 12447.50, 11470.00, 12691.25
836, 1, 41.495481, -86.325142, 264.84, 259.45, 2, -4.36, 2000, 2000, 1412, 15970.00, 12356.25, 11458.75, 12597.50
837, 1, 41.495478, -86.325165, 262.36, 259.48, 2, -4.34, 2000, 2000, 1413, 15702.50, 12377.50, 11472.50, 12630.00
838, 1, 41.495474, -86.325172, 262.16, 259.86, 2, -4.91, 2000, 2000, 1401, 14728.75, 12395.00, 11460.00, 12586.25
839, 1, 41.495472, -86.325180, 261.83, 259.97, 2, -4.76, 2000, 2000, 1404, 15607.50, 12316.25, 11472.50, 12586.25
840, 1, 41.495470, -86.325188, 260.75, 260.08, 2, -3.61, 2000, 2000, 1427, 15616.25, 12338.75, 11478.75, 12631.25
841, 1, 41.495468, -86.325203, 261.96, 260.02, 2, -3.92, 2000, 2000, 1421, 15682.50, 12400.00, 11470.00, 12681.25
842, 1, 41.495464, -86.325211, 261.23, 260.45, 2, -2.72, 2000, 2000, 1445, 15917.50, 12350.00, 11485.00, 12575.00
843, 1, 41.495462, -86.325218, 260.71, 260.58, 2, -2.98, 2000, 2000, 1440, 15737.50, 12397.50, 11472.50, 12640.00
844, 1, 41.495461, -86.325226, 261.18, 260.71, 2, -3.29, 2000, 2000, 1434, 15946.25, 12428.75, 11463.75, 12650.00
846, 1, 41.495457, -86.325241, 260.86, 261.00, 2, -2.33, 2000, 2000, 1453, 15677.50, 12425.00, 11447.50, 12633.75
847, 1, 41.495455, -86.325249, 262.63, 261.16, 2, -2.15, 2000, 2000, 1456, 15651.25, 12363.75, 11466.25, 12630.00
848, 1, 41.495449, -86.325272, 260.18, 261.66, 2, -1.78, 2000, 2000, 1464, 15698.75, 12391.25, 11488.75, 12612.50
849, 1, 41.495447, -86.325279, 258.07, 261.84, 2, -1.44, 2000, 2000, 1471, 15950.00, 12317.50, 11476.25, 12630.00
850, 1, 41.495445, -86.325287, 258.11, 262.03, 2, -2.00, 2000, 2000, 1459, 15560.00, 12430.00, 11482.50, 12613.75
851, 1, 41.495441, -86.325294, 258.32, 262.62, 2, -1.49, 2000, 2000, 1470, 15508.75, 12417.50, 11486.25, 12627.50
852, 1, 41.495440, -86.325310, 262.96, 262.67, 2, -1.60, 2000, 2000, 1467, 15836.25, 12400.00, 11463.75, 12647.50
853, 1, 41.495436, -86.325317, 259.42, 263.31, 2, -0.45, 2000, 2000, 1490, 15732.50, 12418.75, 11485.00, 12601.25
854, 1, 41.495434, -86.325325, 259.75, 263.57, 2, 0.36, 2000, 2000, 1507, 15640.00, 12372.50, 11466.25, 12612.50
855, 1, 41.495432, -86.325333, 261.89, 263.83, 2, -0.16, 2000, 2000, 1496, 15737.50, 12400.00, 11478.75, 12622.50
857, 1, 41.495428, -86.325348, 261.76, 264.42, 2, -0.45, 2000, 2000, 1491, 15841.25, 12428.75, 11478.75, 12581.25
858, 1, 41.495426, -86.325356, 264.30, 264.74, 2, -0.90, 2000, 2000, 1482, 15753.75, 12408.75, 11463.75, 12542.50
859, 1, 41.495424, -86.325363, 265.32, 265.07, 2, -1.01, 2000, 2000, 1479, 15491.25, 12395.00, 11463.75, 12666.25
860, 1, 41.495422, -86.325378, 263.80, 265.29, 2, -1.07, 2000, 2000, 1478, 15862.50, 12332.50, 11468.75, 12612.50
861, 1, 41.495419, -86.325394, 264.72, 266.09, 2, -0.94, 2000, 2000, 1481, 15890.00, 12362.50, 11468.75, 12590.00
862, 1, 41.495417, -86.325409, 263.24, 266.41, 2, -0.80, 2000, 2000, 1484, 15856.25, 12452.50, 11476.25, 12682.50
863, 1, 41.495415, -86.325417, 267.80, 266.89, 2, -0.87, 2000, 2000, 1482, 15771.25, 12410.00, 11470.00, 12632.50
864, 1, 41.495411, -86.325424, 267.43, 268.06, 2, -1.16, 2000, 2000, 1476, 15431.25, 12373.75, 11456.25, 12621.25
865, 1, 41.495409, -86.325439, 268.26, 268.60, 2, -0.94, 2000, 2000, 1481, 15923.75, 12396.25, 11455.00, 12646.25
866, 1, 41.495407, -86.325447, 267.16, 269.27, 2, 0.13, 2000, 2000, 1502, 15645.00, 12360.00, 11477.50, 12622.50
867, 1, 41.495405, -86.325455, 268.75, 270.00, 2, 0.09, 2000, 2000, 1501, 15586.25, 12363.75, 11482.50, 12605.00
869, 1, 41.495403, -86.325470, 269.55, 270.84, 2, 0.18, 2000, 2000, 1503, 15512.50, 12397.50, 11471.25, 12628.75
870, 1, 41.495401, -86.325478, 270.06, 271.77, 2, 1.02, 2000, 2000, 1520, 16125.00, 12386.25, 11477.50, 12618.75
871, 1, 41.495398, -86.325500, 271.50, 274.19, 3, 0.72, 2000, 2000, 1514, 15242.50, 12411.25, 11473.75, 12557.50
872, 1, 41.495398, -86.325508, 265.90, 171.94, 3, -75.59, 1900, 2000, 500, 13775.00, 12585.00, 11467.50, 12796.25
873, 1, 41.495398, -86.325516, 246.51, 171.28, 3, -69.55, 1725, 2000, 500, 10158.75, 13060.00, 11466.25, 13230.00
874, 1, 41.495396, -86.325531, 229.74, 169.93, 3, -61.86, 1762, 2000, 500, 10051.25, 13003.75, 11476.25, 13211.25
875, 1, 41.495392, -86.325539, 216.76, 169.20, 3, -50.83, 1937, 2000, 500, 13413.75, 12572.50, 11500.00, 12813.75
876, 1, 41.495386, -86.325539, 197.23, 169.09, 3, -40.72, 2000, 2000, 685, 16107.50, 12392.50, 11527.50, 12621.25
877, 1, 41.495380, -86.325546, 178.23, 168.30, 3, -29.80, 2000, 2000, 903, 15576.25, 12376.25, 11602.50, 12596.25
879, 1, 41.495373, -86.325546, 164.28, 168.14, 3, -15.42, 2000, 2000, 1191, 15907.50, 12372.50, 11671.25, 12618.75
880, 1, 41.495363, -86.325546, 154.74, 167.92, 3, -5.70, 2000, 2000, 1386, 15172.50, 12397.50, 11678.75, 12638.75
881, 1, 41.495356, -86.325546, 149.81, 167.75, 3, -2.19, 2000, 2000, 1456, 16037.50, 12368.75, 11698.75, 12598.75
882, 1, 41.495342, -86.325531, 150.22, 168.87, 3, 2.01, 2000, 2000, 1540, 16053.75, 12446.25, 11700.00, 12666.25
883, 1, 41.495335, -86.325523, 149.35, 169.43, 3, 2.55, 2000, 2000, 1551, 15776.25, 12355.00, 11695.00, 12596.25
884, 1, 41.495329, -86.325516, 147.94, 170.06, 3, 3.47, 2000, 2000, 1569, 14918.75, 11785.00, 11708.75, 12672.50
885, 1, 41.495321, -86.325516, 152.59, 169.90, 3, 3.71, 2000, 2000, 1574, 15676.25, 12445.00, 11696.25, 12653.75
886, 1, 41.495314, -86.325508, 151.00, 170.52, 3, 3.11, 2000, 2000, 1562, 15983.75, 12417.50, 11691.25, 12643.75
887, 1, 41.495306, -86.325500, 153.85, 171.15, 3, 3.93, 2000, 2000, 1578, 15395.00, 12421.25, 11676.25, 12640.00
888, 1, 41.495298, -86.325493, 155.02, 171.81, 3, 3.51, 2000, 2000, 1570, 15815.00, 12432.50, 11677.50, 12610.00
890, 1, 41.495291, -86.325493, 157.98, 171.67, 3, 2.93, 2000, 2000, 1558, 15578.75, 12386.25, 11672.50, 12653.75
891, 1, 41.495285, -86.325485, 158.86, 172.40, 3, 2.12, 2000, 2000, 1542, 16340.00, 12340.00, 11678.75, 12632.50
892, 1, 41.495275, -86.325478, 161.70, 173.09, 3, 2.17, 2000, 2000, 1543, 16097.50, 12392.50, 11667.50, 12606.25
893, 1, 41.495268, -86.325470, 163.38, 173.83, 3, 2.92, 2000, 2000, 1558, 15940.00, 12432.50, 11660.00, 12615.00
894, 1, 41.495253, -86.325462, 162.34, 174.51, 3, 2.09, 2000, 2000, 1541, 15727.50, 12341.25, 11672.50, 12652.50
895, 1, 41.495245, -86.325462, 164.41, 174.41, 3, 2.24, 2000, 2000, 1544, 15210.00, 12490.00, 11668.75, 12723.75
896, 1, 41.495237, -86.325455, 166.01, 175.24, 3, 1.28, 2000, 2000, 1525, 15681.25, 12338.75, 11666.25, 12576.25
897, 1, 41.495230, -86.325455, 165.49, 175.15, 3, 1.96, 2000, 2000, 1539, 16323.75, 12431.25, 11658.75, 12565.00
898, 1, 41.495222, -86.325447, 167.10, 176.04, 3, 1.14, 2000, 2000, 1522, 15723.75, 12405.00, 11650.00, 12622.50
899, 1, 41.495214, -86.325439, 170.19, 176.97, 3, 1.63, 2000, 2000, 1532, 15786.25, 12371.25, 11640.00, 12607.50
900, 1, 41.495207, -86.325439, 166.77, 176.90, 3, 1.66, 2000, 2000, 1533, 15227.50, 12372.50, 11653.75, 12617.50
902, 1, 41.495199, -86.325432, 171.72, 177.89, 3, 1.97, 2000, 2000, 1539, 15668.75, 12371.25, 11631.25, 12607.50
903, 1, 41.495192, -86.325432, 172.30, 177.84, 3, 1.23, 2000, 2000, 1524, 15341.25, 12406.25, 11645.00, 12596.25
904, 1, 41.495174, -86.325424, 171.64, 178.86, 3, 2.09, 2000, 2000, 1541, 15156.25, 12333.75, 11631.25, 12617.50
905, 1, 41.495167, -86.325424, 175.89, 178.84, 3, 1.86, 2000, 2000, 1537, 16197.50, 12413.75, 11627.50, 12540.00
906, 1, 41.495159, -86.325417, 175.79, 180.00, 3, 1.59, 2000, 2000, 1531, 16252.50, 12347.50, 11640.00, 12588.75
907, 1, 41.495152, -86.325417, 175.13, 180.00, 3, 1.31, 2000, 2000, 1526, 15401.25, 12367.50, 11627.50, 12625.00
908, 1, 41.495142, -86.325417, 176.64, 180.00, 3, 0.50, 2000, 2000, 1510, 15538.75, 12361.25, 11615.00, 12625.00
909, 1, 41.495134, -86.325409, 179.43, 181.29, 3, 0.28, 2000, 2000, 1505, 15770.00, 12357.50, 11600.00, 12630.00
910, 1, 41.495125, -86.325409, 181.09, 181.34, 3, 0.33, 2000, 2000, 1506, 15382.50, 12346.25, 11605.00, 12555.00
911, 1, 41.495117, -86.325409, 181.49, 181.38, 3, -1.10, 2000, 2000, 1477, 15977.50, 12370.00, 11618.75, 12566.25
913, 1, 41.495108, -86.325409, 185.08, 181.43, 3, -1.66, 2000, 2000, 1466, 15600.00, 12377.50, 11610.00, 12648.75
914, 1, 41.495100, -86.325409, 180.70, 181.47, 3, -2.48, 2000, 2000, 1450, 15275.00, 12378.75, 11623.75, 12607.50
915, 1, 41.495092, -86.325401, 181.12, 183.03, 3, -1.38, 2000, 2000, 1472, 15628.75, 12371.25, 11597.50, 12616.25
916, 1, 41.495073, -86.325401, 184.27, 183.28, 3, -0.40, 2000, 2000, 1492, 15466.25, 12341.25, 11625.00, 12573.75
917, 1, 41.495066, -86.325401, 182.31, 183.39, 3, -1.37, 2000, 2000, 1472, 15426.25, 12448.75, 11600.00, 12615.00
918, 1, 41.495058, -86.325401, 181.89, 183.52, 3, -1.42, 2000, 2000, 1471, 15981.25, 12323.75, 11617.50, 12115.00
919, 1, 41.495049, -86.325401, 181.88, 183.68, 3, -1.87, 2000, 2000, 1462, 15508.75, 12347.50, 11602.50, 12578.75
920, 1, 41.495041, -86.325401, 181.91, 183.83, 3, -1.55, 2000, 2000, 1468, 16127.50, 12398.75, 11598.75, 12666.25
921, 1, 41.495031, -86.325394, 181.91, 186.02, 3, 1.05, 2000, 2000, 1520, 15831.25, 12300.00, 11601.25, 12638.75
922, 1, 41.495024, -86.325394, 180.67, 186.28, 3, 0.31, 2000, 2000, 1506, 15615.00, 12358.75, 11607.50, 12591.25
924, 1, 41.495014, -86.325394, 182.31, 186.63, 3, 1.02, 2000, 2000, 1520, 15376.25, 12318.75, 11590.00, 12603.75
925, 1, 41.495007, -86.325394, 185.40, 186.95, 3, 0.77, 2000, 2000, 1515, 15555.00, 12313.75, 11591.25, 12548.75
926, 1, 41.494999, -86.325394, 186.26, 187.29, 3, 0.84, 2000, 2000, 1516, 15425.00, 12316.25, 11602.50, 12555.00
927, 1, 41.494982, -86.325394, 187.16, 188.20, 3, 0.53, 2000, 2000, 1510, 15570.00, 12382.50, 11598.75, 12581.25
928, 1, 41.494974, -86.325394, 187.08, 188.68, 3, -0.90, 2000, 2000, 1482, 15392.50, 12371.25, 11588.75, 12597.50
929, 1, 41.494965, -86.325394, 187.16, 189.37, 3, -0.36, 2000, 2000, 1492, 15373.75, 12321.25, 11592.50, 12621.25
930, 1, 41.494957, -86.325386, 187.04, 193.24, 3, 1.32, 2000, 2000, 1526, 15858.75, 12315.00, 11593.75, 12631.25
931, 1, 41.494947, -86.325386, 188.32, 74.62, 4, -51.29, 1975, 2000, 500, 15626.25, 12382.50, 11582.50, 12560.00
932, 1, 41.494940, -86.325394, 175.19, 74.35, 4, -85.66, 1800, 2000, 500, 11822.50, 12857.50, 11623.75, 13040.00
933, 1, 41.494930, -86.325394, 154.05, 73.92, 4, -75.99, 1650, 2000, 500, 8663.75, 13162.50, 11666.25, 13343.75
935, 1, 41.494923, -86.325394, 131.39, 73.57, 4, -61.76, 1713, 2000, 500, 10112.50, 13132.50, 11723.75, 13321.25
936, 1, 41.494915, -86.325386, 110.54, 73.14, 4, -47.12, 1888, 2000, 557, 12581.25, 12878.75, 11755.00, 13082.50
937, 1, 41.494911, -86.325378, 89.25, 72.88, 4, -33.12, 2000, 2000, 837, 15433.75, 12381.25, 11795.00, 12610.00
938, 1, 41.494904, -86.325371, 71.06, 72.44, 4, -18.97, 2000, 2000, 1120, 16773.75, 12206.25, 11796.25, 12518.75
939, 1, 41.494904, -86.325356, 60.21, 72.25, 4, -8.79, 2000, 2000, 1324, 15878.75, 12322.50, 11751.25, 12596.25
940, 1, 41.494905, -86.325348, 53.36, 72.24, 4, -4.14, 2000, 2000, 1417, 15757.50, 12351.25, 11746.25, 12643.75
941, 1, 41.494911, -86.325340, 52.68, 72.41, 4, -0.28, 2000, 2000, 1494, 15773.75, 12318.75, 11728.75, 12640.00
942, 1, 41.494915, -86.325333, 52.42, 72.49, 4, 1.78, 2000, 2000, 1535, 15757.50, 12327.50, 11720.00, 12573.75
943, 1, 41.494919, -86.325317, 52.15, 72.48, 4, 1.14, 2000, 2000, 1522, 16001.25, 12378.75, 11732.50, 12605.00
944, 1, 41.494925, -86.325310, 51.76, 72.65, 4, 1.27, 2000, 2000, 1525, 15927.50, 12371.25, 11746.25, 12550.00
946, 1, 41.494930, -86.325302, 53.94, 72.83, 4, 2.01, 2000, 2000, 1540, 16296.25, 12352.50, 11742.50, 12562.50
947, 1, 41.494934, -86.325294, 55.61, 72.92, 4, 2.24, 2000, 2000, 1544, 15472.50, 12335.00, 11753.75, 12596.25
948, 1, 41.494938, -86.325279, 57.49, 72.91, 4, 2.56, 2000, 2000, 1551, 15750.00, 12367.50, 11745.00, 12630.00
949, 1, 41.494944, -86.325272, 58.29, 73.09, 4, 2.74, 2000, 2000, 1554, 15118.75, 12346.25, 11763.75, 12675.00
950, 1, 41.494951, -86.325256, 58.11, 73.28, 4, 2.18, 2000, 2000, 1543, 15710.00, 12377.50, 11753.75, 12581.25
951, 1, 41.494955, -86.325241, 58.20, 73.27, 4, 2.11, 2000, 2000, 1542, 15780.00, 12316.25, 11770.00, 12542.50
952, 1, 41.494959, -86.325233, 58.06, 73.37, 4, 2.42, 2000, 2000, 1548, 15863.75, 12353.75, 11773.75, 12600.00
953, 1, 41.494963, -86.325226, 61.19, 73.46, 4, 2.25, 2000, 2000, 1545, 15695.00, 12397.50, 11781.25, 12638.75
954, 1, 41.494967, -86.325211, 62.22, 73.46, 4, 1.73, 2000, 2000, 1534, 15613.75, 12325.00, 11765.00, 12586.25
955, 1, 41.494970, -86.325203, 63.20, 73.56, 4, 2.12, 2000, 2000, 1542, 15973.75, 12397.50, 11776.25, 12588.75
956, 1, 41.494972, -86.325195, 64.47, 73.56, 4, 1.64, 2000, 2000, 1532, 15550.00, 12353.75, 11771.25, 12531.25
958, 1, 41.494978, -86.325188, 66.10, 73.76, 4, 0.91, 2000, 2000, 1518, 15541.25, 12405.00, 11770.00, 12613.75
959, 1, 41.494980, -86.325180, 66.11, 73.76, 4, 1.14, 2000, 2000, 1522, 15801.25, 12422.50, 11797.50, 12662.50
960, 1, 41.494986, -86.325157, 66.77, 73.76, 4, -0.60, 2000, 2000, 1488, 15342.50, 12343.75, 11777.50, 12577.50
961, 1, 41.494989, -86.325150, 66.09, 73.87, 4, 0.09, 2000, 2000, 1501, 15762.50, 12388.75, 11790.00, 12606.25
962, 1, 41.494991, -86.325134, 68.62, 73.77, 4, -0.81, 2000, 2000, 1483, 15536.25, 12401.25, 11788.75, 12628.75
963, 1, 41.494993, -86.325127, 68.31, 73.77, 4, -0.07, 2000, 2000, 1498, 15987.50, 12366.25, 11792.50, 12532.50
964, 1, 41.494995, -86.325119, 67.46, 73.77, 4, -0.12, 2000, 2000, 1497, 15728.75, 12383.75, 11772.50, 12646.25
965, 1, 41.494997, -86.325104, 70.27, 73.66, 4, -0.14, 2000, 2000, 1497, 15828.75, 12416.25, 11796.25, 12596.25
966, 1, 41.495001, -86.325096, 70.42, 73.77, 4, -0.58, 2000, 2000, 1488, 15737.50, 12297.50, 11780.00, 12525.00
967, 1, 41.495003, -86.325089, 71.83, 73.77, 4, 0.31, 2000, 2000, 1506, 16115.00, 12386.25, 11806.25, 12643.75
969, 1, 41.495005, -86.325073, 71.50, 73.66, 4, -0.84, 2000, 2000, 1483, 15541.25, 12405.00, 11791.25, 12656.25
970, 1, 41.495007, -86.325066, 70.63, 73.66, 4, -1.51, 2000, 2000, 1469, 15728.75, 12340.00, 11793.75, 12572.50
971, 1, 41.495008, -86.325050, 70.71, 73.54, 4, -2.22, 2000, 2000, 1455, 15863.75, 12338.75, 11802.50, 12626.25
972, 1, 41.495010, -86.325035, 72.69, 73.42, 4, -3.54, 2000, 2000, 1429, 16038.75, 12356.25, 11807.50, 12617.50
973, 1, 41.495012, -86.325020, 76.17, 73.30, 4, -2.80, 2000, 2000, 1444, 15905.00, 12352.50, 11800.00, 12627.50
974, 1, 41.495014, -86.325012, 71.56, 73.30, 4, -2.33, 2000, 2000, 1453, 15306.25, 12353.75, 11802.50, 12583.75
975, 1, 41.495016, -86.324997, 69.35, 73.17, 4, -1.94, 2000, 2000, 1461, 15221.25, 12416.25, 11807.50, 12616.25
976, 1, 41.495016, -86.324989, 70.50, 73.05, 4, -2.20, 2000, 2000, 1455, 15405.00, 12393.75, 11790.00, 12635.00
977, 1, 41.495018, -86.324982, 72.86, 73.04, 4, -1.85, 2000, 2000, 1463, 15268.75, 12345.00, 11801.25, 12626.25
978, 1, 41.495020, -86.324966, 70.56, 72.91, 4, -0.98, 2000, 2000, 1480, 15126.25, 12356.25, 11798.75, 12607.50
979, 1, 41.495022, -86.324959, 70.85, 72.90, 4, -1.65, 2000, 2000, 1466, 15341.25, 12432.50, 11792.50, 12613.75
981, 1, 41.495024, -86.324944, 69.31, 72.76, 4, -1.72, 2000, 2000, 1465, 15868.75, 12338.75, 11802.50, 12615.00
982, 1, 41.495026, -86.324936, 70.44, 72.75, 4, -0.09, 2000, 2000, 1498, 15817.50, 12295.00, 11797.50, 12640.00
983, 1, 41.495028, -86.324928, 69.16, 72.75, 4, -1.04, 2000, 2000, 1479, 15300.00, 12361.25, 11793.75, 12672.50
984, 1, 41.495031, -86.324905, 67.44, 72.59, 4, 0.27, 2000, 2000, 1505, 16381.25, 12363.75, 11793.75, 12598.75
985, 1, 41.495033, -86.324898, 69.08, 72.58, 4, 0.73, 2000, 2000, 1514, 16101.25, 12403.75, 11788.75, 12632.50
986, 1, 41.495037, -86.324890, 69.66, 72.71, 4, 0.87, 2000, 2000, 1517, 15886.25, 12348.75, 11792.50, 12580.00
987, 1, 41.495039, -86.324875, 69.27, 72.55, 4, 0.56, 2000, 2000, 1511, 15588.75, 12325.00, 11800.00, 12597.50
988, 1, 41.495041, -86.324867, 67.96, 72.54, 4, 1.00, 2000, 2000, 1519, 15870.00, 12313.75, 11797.50, 12576.25
989, 1, 41.495041, -86.324860, 70.15, 72.39, 4, 0.54, 2000, 2000, 1510, 15330.00, 12380.00, 11806.25, 12633.75
990, 1, 41.495045, -86.324844, 72.80, 72.37, 4, 0.46, 2000, 2000, 1509, 15893.75, 12358.75, 11797.50, 12608.75
991, 1, 41.495047, -86.324837, 71.78, 72.35, 4, -0.12, 2000, 2000, 1497, 16013.75, 12373.75, 11797.50, 12626.25
993, 1, 41.495049, -86.324821, 71.70, 72.18, 4, 0.39, 2000, 2000, 1507, 15828.75, 12337.50, 11797.50, 12580.00
994, 1, 41.495050, -86.324814, 70.36, 72.17, 4, 0.64, 2000, 2000, 1512, 15922.50, 12333.75, 11791.25, 12632.50
995, 1, 41.495054, -86.324799, 70.01, 72.14, 4, 0.31, 2000, 2000, 1506, 15553.75, 12287.50, 11786.25, 12596.25
996, 1, 41.495056, -86.324783, 71.27, 71.96, 4, 1.09, 2000, 2000, 1521, 15872.50, 12392.50, 11797.50, 12620.00
997, 1, 41.495058, -86.324776, 69.16, 71.94, 4, 0.11, 2000, 2000, 1502, 15522.50, 12346.25, 11793.75, 12593.75
998, 1, 41.495060, -86.324768, 69.00, 71.92, 4, 0.89, 2000, 2000, 1517, 15568.75, 12328.75, 11801.25, 12580.00
999, 1, 41.495062, -86.324753, 70.36, 71.73, 4, 0.00, 2000, 2000, 1500, 15431.25, 12440.00, 11798.75, 12573.75
1000, 1, 41.495064, -86.324745, 69.61, 71.70, 4, 0.04, 2000, 2000, 1500, 15711.25, 12447.50, 11792.50, 12620.00
1001, 1, 41.495066, -86.324730, 70.71, 71.50, 4, 0.27, 2000, 2000, 1505, 15981.25, 12390.00, 11793.75, 12575.00
1002, 1, 41.495068, -86.324722, 71.42, 71.48, 4, 0.27, 2000, 2000, 1505, 16011.25, 12343.75, 11792.50, 12651.25
1003, 1, 41.495070, -86.324715, 71.86, 71.45, 4, -0.35, 2000, 2000, 1493, 16007.50, 12298.75, 11802.50, 12612.50
1005, 1, 41.495071, -86.324699, 69.46, 71.23, 4, -0.42, 2000, 2000, 1491, 15648.75, 12381.25, 11788.75, 12605.00
1006, 1, 41.495073, -86.324692, 69.16, 71.20, 4, 0.51, 2000, 2000, 1510, 15606.25, 12258.75, 11791.25, 12497.50
1007, 1, 41.495075, -86.324684, 69.31, 71.17, 4, 0.11, 2000, 2000, 1502, 15998.75, 12342.50, 11785.00, 12536.25
1008, 1, 41.495077, -86.324669, 70.15, 70.94, 4, -0.01, 2000, 2000, 1499, 16135.00, 12345.00, 11785.00, 12567.50
1009, 1, 41.495081, -86.324654, 69.24, 70.87, 4, -0.99, 2000, 2000, 1480, 15746.25, 12326.25, 11788.75, 12593.75
1010, 1, 41.495083, -86.324638, 70.92, 70.62, 4, -0.44, 2000, 2000, 1491, 15397.50, 12350.00, 11797.50, 12620.00
1011, 1, 41.495085, -86.324631, 69.55, 70.58, 4, -1.61, 2000, 2000, 1467, 15495.00, 12375.00, 11796.25, 12653.75
1012, 1, 41.495087, -86.324615, 71.83, 70.31, 4, -0.68, 2000, 2000, 1486, 16423.75, 12343.75, 11792.50, 12582.50
1013, 1, 41.495089, -86.324608, 70.85, 70.26, 4, -0.72, 2000, 2000, 1485, 15795.00, 12378.75, 11800.00, 12601.25
1014, 1, 41.495090, -86.324600, 68.70, 70.22, 4, -1.46, 2000, 2000, 1470, 15668.75, 12343.75, 11800.00, 12610.00
1015, 1, 41.495092, -86.324585, 70.30, 69.92, 4, -1.12, 2000, 2000, 1477, 16183.75, 12345.00, 11800.00, 12498.75
1017, 1, 41.495094, -86.324577, 70.36, 69.87, 4, -0.71, 2000, 2000, 1485, 16122.50, 12238.75, 11793.75, 12566.25
1018, 1, 41.495096, -86.324562, 71.72, 69.56, 4, -2.55, 2000, 2000, 1448, 16168.75, 12395.00, 11795.00, 12517.50
1019, 1, 41.495098, -86.324554, 67.55, 69.50, 4, -2.40, 2000, 2000, 1452, 15992.50, 12340.00, 11811.25, 12627.50
1020, 1, 41.495102, -86.324532, 70.78, 69.09, 4, -1.92, 2000, 2000, 1461, 15263.75, 12306.25, 11791.25, 12572.50
1021, 1, 41.495104, -86.324524, 72.36, 69.02, 4, -1.20, 2000, 2000, 1476, 15947.50, 12362.50, 11797.50, 12597.50
1022, 1, 41.495106, -86.324516, 68.46, 68.95, 4, -1.47, 2000, 2000, 1470, 15081.25, 12306.25, 11800.00, 12617.50
1023, 1, 41.495108, -86.324501, 70.99, 68.57, 4, -1.51, 2000, 2000, 1469, 15596.25, 12321.25, 11790.00, 12566.25
1024, 1, 41.495110, -86.324493, 70.38, 68.49, 4, -2.06, 2000, 2000, 1458, 15937.50, 12283.75, 11798.75, 12561.25
1025, 1, 41.495113, -86.324486, 69.16, 68.65, 4, -1.51, 2000, 2000, 1469, 15573.75, 12311.25, 11801.25, 12596.25
1026, 1, 41.495115, -86.324471, 68.96, 68.23, 4, -1.41, 2000, 2000, 1471, 15581.25, 12292.50, 11783.75, 12532.50
1027, 1, 41.495117, -86.324463, 68.93, 68.14, 4, -2.42, 2000, 2000, 1451, 15433.75, 12302.50, 11785.00, 12623.75
1028, 1, 41.495119, -86.324448, 69.95, 67.68, 4, -1.90, 2000, 2000, 1461, 15275.00, 12337.50, 11795.00, 12598.75
1030, 1, 41.495121, -86.324440, 69.55, 67.58, 4, -1.56, 2000, 2000, 1468, 16131.25, 12293.75, 11798.75, 12530.00
1031, 1, 41.495123, -86.324432, 70.04, 67.47, 4, -1.47, 2000, 2000, 1470, 15557.50, 12312.50, 11776.25, 12600.00
1032, 1, 41.495129, -86.324409, 68.12, 67.11, 4, -1.60, 2000, 2000, 1467, 15238.75, 12372.50, 11777.50, 12576.25
1033, 1, 41.495131, -86.324402, 69.71, 66.98, 4, -1.29, 2000, 2000, 1474, 16151.25, 12303.75, 11785.00, 12538.75
1034, 1, 41.495132, -86.324394, 68.46, 66.85, 4, -1.33, 2000, 2000, 1473, 15478.75, 12328.75, 11788.75, 12591.25
1035, 1, 41.495136, -86.324379, 66.60, 66.57, 4, -1.49, 2000, 2000, 1470, 15560.00, 12330.00, 11802.50, 12608.75
1036, 1, 41.495138, -86.324371, 64.62, 66.42, 4, -1.45, 2000, 2000, 1470, 15913.75, 12416.25, 11790.00, 12568.75
1037, 1, 41.495140, -86.324364, 64.12, 66.26, 4, -1.60, 2000, 2000, 1467, 15426.25, 12353.75, 11788.75, 12662.50
1038, 1, 41.495142, -86.324348, 65.93, 65.59, 4, -2.74, 2000, 2000, 1445, 15808.75, 12368.75, 11791.25, 12565.00
1039, 1, 41.495146, -86.324341, 63.80, 65.75, 4, -1.77, 2000, 2000, 1464, 16495.00, 12281.25, 11785.00, 12522.50
1040, 1, 41.495148, -86.324333, 64.75, 65.56, 4, -1.27, 2000, 2000, 1474, 15575.00, 12352.50, 11781.25, 12590.00
1042, 1, 41.495150, -86.324326, 64.77, 65.36, 4, -0.86, 2000, 2000, 1482, 15671.25, 12271.25, 11780.00, 12567.50
1043, 1, 41.495153, -86.324310, 66.27, 64.94, 4, -1.65, 2000, 2000, 1467, 16335.00, 12307.50, 11777.50, 12563.75
1044, 1, 41.495157, -86.324303, 64.82, 65.10, 4, -1.12, 2000, 2000, 1477, 15747.50, 12378.75, 11772.50, 12580.00
1045, 1, 41.495163, -86.324280, 64.77, 64.37, 4, 0.07, 2000, 2000, 1501, 15701.25, 12366.25, 11778.75, 12580.00
1046, 1, 41.495167, -86.324272, 65.43, 64.53, 4, -1.11, 2000, 2000, 1477, 15951.25, 12336.25, 11780.00, 12581.25
1047, 1, 41.495169, -86.324265, 60.79, 64.25, 4, -0.18, 2000, 2000, 1496, 17037.50, 12312.50, 11775.00, 12551.25
1048, 1, 41.495171, -86.324249, 62.93, 63.18, 4, -0.05, 2000, 2000, 1498, 15013.75, 12397.50, 11777.50, 12625.00
1049, 1, 41.495174, -86.324242, 64.98, 63.32, 4, -0.72, 2000, 2000, 1485, 15860.00, 12277.50, 11776.25, 12565.00
1050, 1, 41.495178, -86.324234, 61.84, 63.46, 4, 0.11, 2000, 2000, 1502, 15316.25, 12300.00, 11766.25, 12526.25
1051, 1, 41.495182, -86.324219, 62.76, 62.71, 4, -0.77, 2000, 2000, 1484, 16075.00, 12342.50, 11753.75, 12556.25
1052, 1, 41.495184, -86.324211, 64.12, 62.29, 4, -1.05, 2000, 2000, 1479, 16450.00, 12307.50, 11753.75, 12546.25
1053, 1, 41.495188, -86.324203, 60.71, 62.41, 4, -0.05, 2000, 2000, 1498, 15918.75, 12418.75, 11781.25, 12638.75
1055, 1, 41.495192, -86.324188, 61.90, 61.43, 4, -1.06, 2000, 2000, 1478, 15230.00, 12357.50, 11771.25, 12602.50
1056, 1, 41.495195, -86.324181, 59.71, 61.52, 4, -0.58, 2000, 2000, 1488, 15757.50, 12250.00, 11758.75, 12573.75
1057, 1, 41.495197, -86.324173, 62.03, 60.95, 4, -0.51, 2000, 2000, 1489, 16078.75, 12378.75, 11778.75, 12638.75
1058, 1, 41.495205, -86.324150, 59.99, 59.61, 4, -0.37, 2000, 2000, 1492, 15583.75, 12306.25, 11780.00, 12523.75
1059, 1, 41.495207, -86.324142, 60.52, 58.79, 4, -1.90, 2000, 2000, 1462, 16345.00, 12265.00, 11765.00, 12528.75
1060, 1, 41.495211, -86.324135, 61.14, 68.09, 5, -1.08, 2000, 2000, 1478, 15951.25, 12262.50, 11770.00, 12532.50
1061, 1, 41.495214, -86.324127, 60.10, 68.15, 5, 5.48, 2000, 2000, 1609, 15456.25, 12251.25, 11765.00, 12550.00
1062, 1, 41.495218, -86.324112, 63.94, 68.08, 5, 3.45, 2000, 2000, 1569, 15720.00, 12243.75, 11800.00, 12545.00
1063, 1, 41.495220, -86.324104, 65.43, 68.04, 5, 2.58, 2000, 2000, 1551, 15483.75, 12345.00, 11797.50, 12601.25
1064, 1, 41.495224, -86.324097, 65.56, 68.10, 5, 1.29, 2000, 2000, 1525, 16026.25, 12352.50, 11806.25, 12591.25
1065, 1, 41.495226, -86.324089, 68.62, 68.07, 5, -1.12, 2000, 2000, 1477, 15778.75, 12265.00, 11810.00, 12573.75
1067, 1, 41.495230, -86.324074, 70.50, 67.99, 5, -2.50, 2000, 2000, 1449, 15217.50, 12401.25, 11805.00, 12632.50
1068, 1, 41.495232, -86.324066, 68.12, 67.96, 5, -2.21, 2000, 2000, 1455, 15790.00, 12331.25, 11807.50, 12548.75
1069, 1, 41.495234, -86.324059, 71.83, 67.92, 5, -2.78, 2000, 2000, 1444, 15125.00, 12373.75, 11800.00, 12558.75
1070, 1, 41.495237, -86.324036, 70.64, 67.70, 5, -3.60, 2000, 2000, 1427, 16590.00, 12295.00, 11797.50, 12477.50
1071, 1, 41.495239, -86.324028, 72.67, 67.66, 5, -2.65, 2000, 2000, 1446, 15221.25, 12393.75, 11801.25, 12605.00
1072, 1, 41.495241, -86.324013, 69.80, 67.48, 5, -2.09, 2000, 2000, 1458, 15580.00, 12360.00, 11788.75, 12603.75
1073, 1, 41.495243, -86.324005, 68.46, 67.44, 5, -2.65, 2000, 2000, 1446, 15517.50, 12276.25, 11796.25, 12573.75
1074, 1, 41.495245, -86.323990, 68.12, 67.24, 5, -1.34, 2000, 2000, 1473, 15988.75, 12318.75, 11783.75, 12582.50
1075, 1, 41.495247, -86.323982, 66.95, 67.20, 5, -2.62, 2000, 2000, 1447, 16092.50, 12252.50, 11788.75, 12550.00
1076, 1, 41.495249, -86.323975, 68.77, 67.15, 5, -1.63, 2000, 2000, 1467, 15708.75, 12312.50, 11786.25, 12567.50
1077, 1, 41.495251, -86.323967, 65.62, 67.11, 5, -0.78, 2000, 2000, 1484, 16081.25, 12352.50, 11765.00, 12587.50
1078, 1, 41.495253, -86.323952, 66.43, 66.90, 5, -0.71, 2000, 2000, 1485, 15292.50, 12350.00, 11773.75, 12595.00
1080, 1, 41.495255, -86.323944, 65.12, 66.85, 5, 0.31, 2000, 2000, 1506, 15703.75, 12328.75, 11777.50, 12578.75
1081, 1, 41.495256, -86.323936, 66.60, 66.80, 5, -0.00, 2000, 2000, 1499, 15843.75, 12340.00, 11793.75, 12543.75
1082, 1, 41.495260, -86.323921, 65.14, 66.70, 5, 0.05, 2000, 2000, 1500, 16410.00, 12360.00, 11776.25, 12602.50
1083, 1, 41.495266, -86.323906, 65.46, 66.71, 5, 0.18, 2000, 2000, 1503, 15381.25, 12267.50, 11750.00, 12533.75
1084, 1, 41.495268, -86.323891, 64.09, 66.49, 5, -0.02, 2000, 2000, 1499, 15152.50, 12412.50, 11798.75, 12612.50
1085, 1, 41.495272, -86.323883, 64.72, 66.55, 5, 0.44, 2000, 2000, 1508, 15641.25, 12276.25, 11788.75, 12550.00
1086, 1, 41.495274, -86.323875, 64.97, 66.49, 5, 0.31, 2000, 2000, 1506, 15501.25, 12305.00, 11775.00, 12560.00
1087, 1, 41.495277, -86.323860, 64.82, 66.38, 5, 0.39, 2000, 2000, 1507, 15256.25, 12390.00, 11807.50, 12567.50
1088, 1, 41.495279, -86.323853, 65.93, 66.32, 5, 0.01, 2000, 2000, 1500, 15278.75, 12242.50, 11778.75, 12618.75
1089, 1, 41.495283, -86.323845, 65.43, 66.38, 5, -0.76, 2000, 2000, 1484, 16277.50, 12301.25, 11790.00, 12575.00
1090, 1, 41.495285, -86.323837, 67.92, 66.32, 5, -0.48, 2000, 2000, 1490, 15657.50, 12278.75, 11778.75, 12538.75
1091, 1, 41.495287, -86.323822, 65.92, 66.08, 5, -0.71, 2000, 2000, 1485, 15900.00, 12333.75, 11775.00, 12577.50
1093, 1, 41.495291, -86.323814, 64.39, 66.14, 5, 0.06, 2000, 2000, 1501, 15427.50, 12306.25, 11783.75, 12551.25
1094, 1, 41.495293, -86.323807, 63.91, 66.07, 5, 0.60, 2000, 2000, 1512, 15938.75, 12355.00, 11790.00, 12620.00
1095, 1, 41.495295, -86.323792, 66.60, 65.82, 5, 0.52, 2000, 2000, 1510, 15505.00, 12400.00, 11791.25, 12615.00
1096, 1, 41.495300, -86.323776, 64.44, 65.81, 5, -0.15, 2000, 2000, 1497, 15688.75, 12358.75, 11792.50, 12555.00
1097, 1, 41.495302, -86.323761, 66.43, 65.54, 5, -0.09, 2000, 2000, 1498, 15863.75, 12320.00, 11792.50, 12550.00
1098, 1, 41.495306, -86.323753, 65.76, 65.60, 5, -1.05, 2000, 2000, 1478, 16282.50, 12320.00, 11772.50, 12502.50
1099, 1, 41.495308, -86.323746, 66.43, 65.53, 5, -1.01, 2000, 2000, 1479, 15572.50, 12321.25, 11781.25, 12572.50
1100, 1, 41.495310, -86.323730, 65.95, 65.24, 5, -0.63, 2000, 2000, 1487, 15642.50, 12312.50, 11776.25, 12536.25
1101, 1, 41.495312, -86.323723, 65.59, 65.17, 5, -1.14, 2000, 2000, 1477, 16211.25, 12305.00, 11796.25, 12542.50
1102, 1, 41.495314, -86.323715, 64.09, 65.09, 5, -0.78, 2000, 2000, 1484, 15926.25, 12232.50, 11770.00, 12473.75
1103, 1, 41.495316, -86.323700, 64.64, 64.78, 5, -1.10, 2000, 2000, 1477, 15840.00, 12330.00, 11786.25, 12538.75
1104, 1, 41.495319, -86.323692, 66.27, 64.84, 5, -1.44, 2000, 2000, 1471, 15927.50, 12342.50, 11785.00, 12540.00
1105, 1, 41.495321, -86.323685, 64.30, 64.75, 5, -1.69, 2000, 2000, 1466, 15813.75, 12321.25, 11791.25, 12542.50
1107, 1, 41.495323, -86.323669, 65.40, 64.43, 5, -1.59, 2000, 2000, 1468, 15790.00, 12390.00, 11773.75, 12623.75
1108, 1, 41.495325, -86.323662, 65.12, 64.34, 5, -2.11, 2000, 2000, 1457, 15305.00, 12396.25, 11785.00, 12605.00
1109, 1, 41.495327, -86.323654, 65.78, 64.25, 5, -1.39, 2000, 2000, 1472, 16040.00, 12352.50, 11770.00, 12518.75
1110, 1, 41.495333, -86.323631, 65.44, 63.96, 5, -1.36, 2000, 2000, 1472, 14903.75, 12345.00, 11758.75, 12472.50
1111, 1, 41.495335, -86.323624, 63.11, 63.86, 5, -1.13, 2000, 2000, 1477, 15708.75, 12320.00, 11773.75, 12536.25
1112, 1, 41.495338, -86.323616, 62.89, 63.91, 5, -1.06, 2000, 2000, 1478, 15910.00, 12265.00, 11766.25, 12506.25
1113, 1, 41.495342, -86.323601, 64.54, 63.69, 5, -1.06, 2000, 2000, 1478, 15475.00, 12233.75, 11798.75, 12477.50
1114, 1, 41.495344, -86.323593, 62.58, 63.59, 5, -1.62, 2000, 2000, 1467, 15421.25, 12338.75, 11790.00, 12558.75
1115, 1, 41.495348, -86.323586, 62.47, 63.64, 5, -1.52, 2000, 2000, 1469, 15538.75, 12367.50, 11790.00, 12591.25
1116, 1, 41.495352, -86.323578, 66.92, 63.69, 5, -1.29, 2000, 2000, 1474, 16510.00, 12363.75, 11780.00, 12478.75
1117, 1, 41.495354, -86.323563, 64.12, 63.29, 5, -0.85, 2000, 2000, 1482, 15748.75, 12322.50, 11757.50, 12525.00
1118, 1, 41.495358, -86.323555, 64.39, 63.34, 5, -1.73, 2000, 2000, 1465, 15971.25, 12353.75, 11772.50, 12486.25
1119, 1, 41.495359, -86.323547, 65.94, 63.22, 5, -2.72, 2000, 2000, 1445, 15721.25, 12248.75, 11775.00, 12487.50
1121, 1, 41.495363, -86.323532, 65.59, 62.97, 5, -2.38, 2000, 2000, 1452, 16058.75, 12282.50, 11778.75, 12532.50
1122, 1, 41.495365, -86.323524, 62.53, 62.84, 5, -2.69, 2000, 2000, 1446, 16431.25, 12291.25, 11778.75, 12566.25
1123, 1, 41.495367, -86.323517, 66.10, 62.71, 5, -2.83, 2000, 2000, 1443, 15753.75, 12315.00, 11791.25, 12551.25
1124, 1, 41.495373, -86.323502, 65.77, 62.61, 5, -2.82, 2000, 2000, 1443, 16067.50, 12306.25, 11796.25, 12542.50
1125, 1, 41.495375, -86.323486, 65.27, 62.14, 5, -3.35, 2000, 2000, 1432, 15413.75, 12345.00, 11787.50, 12520.00
1126, 1, 41.495377, -86.323479, 64.93, 61.99, 5, -4.04, 2000, 2000, 1419, 16221.25, 12352.50, 11788.75, 12538.75
1127, 1, 41.495380, -86.323471, 64.44, 62.03, 5, -4.24, 2000, 2000, 1415, 15760.00, 12330.00, 11771.25, 12566.25
1128, 1, 41.495382, -86.323463, 65.62, 61.87, 5, -3.99, 2000, 2000, 1420, 16563.75, 12347.50, 11785.00, 12568.75
1129, 1, 41.495384, -86.323448, 66.10, 61.35, 5, -3.85, 2000, 2000, 1423, 15772.50, 12376.25, 11771.25, 12566.25
1130, 1, 41.495384, -86.323448, 63.87, 61.35, 5, -3.72, 2000, 2000, 1425, 15358.75, 12252.50, 11766.25, 12563.75
1131, 1, 41.495390, -86.323433, 61.97, 61.20, 5, -3.43, 2000, 2000, 1431, 15450.00, 12292.50, 11771.25, 12558.75
1132, 1, 41.495394, -86.323425, 63.16, 61.23, 5, -2.99, 2000, 2000, 1440, 15557.50, 12326.25, 11772.50, 12566.25
1133, 1, 41.495396, -86.323410, 60.38, 60.65, 5, -2.72, 2000, 2000, 1445, 15726.25, 12350.00, 11783.75, 12558.75
1135, 1, 41.495398, -86.323402, 60.91, 60.45, 5, -3.13, 2000, 2000, 1437, 16111.25, 12318.75, 11751.25, 12585.00
1136, 1, 41.495398, -86.323402, 58.59, 60.45, 5, -2.77, 2000, 2000, 1444, 15752.50, 12288.75, 11755.00, 12555.00
1137, 1, 41.495405, -86.323387, 59.50, 60.48, 5, -2.20, 2000, 2000, 1455, 15696.25, 12262.50, 11757.50, 12557.50
1138, 1, 41.495409, -86.323372, 61.14, 60.06, 5, -1.88, 2000, 2000, 1462, 15680.00, 12365.00, 11772.50, 12582.50
1139, 1, 41.495415, -86.323357, 60.76, 59.85, 5, -1.96, 2000, 2000, 1460, 16081.25, 12303.75, 11761.25, 12568.75
1140, 1, 41.495415, -86.323357, 58.82, 59.85, 5, -1.83, 2000, 2000, 1463, 15728.75, 12325.00, 11767.50, 12565.00
1141, 1, 41.495422, -86.323334, 56.85, 59.37, 5, -0.71, 2000, 2000, 1485, 15467.50, 12290.00, 11763.75, 12571.25
1142, 1, 41.495426, -86.323326, 58.51, 59.36, 5, -0.81, 2000, 2000, 1483, 16032.50, 12337.50, 11781.25, 12570.00
1143, 1, 41.495426, -86.323326, 57.37, 59.36, 5, -1.75, 2000, 2000, 1465, 15893.75, 12330.00, 11758.75, 12541.25
1144, 1, 41.495434, -86.323311, 57.65, 59.35, 5, -0.43, 2000, 2000, 1491, 15952.50, 12227.50, 11762.50, 12496.25
1145, 1, 41.495438, -86.323303, 57.70, 59.35, 5, -0.68, 2000, 2000, 1486, 15191.25, 12308.75, 11748.75, 12586.25
1146, 1, 41.495441, -86.323288, 57.36, 58.79, 5, -0.91, 2000, 2000, 1481, 16130.00, 12302.50, 11773.75, 12642.50
1148, 1, 41.495441, -86.323288, 58.02, 58.79, 5, -0.66, 2000, 2000, 1486, 15863.75, 12328.75, 11787.50, 12541.25
1149, 1, 41.495441, -86.323288, 56.83, 58.79, 5, -0.11, 2000, 2000, 1497, 15663.75, 12313.75, 11782.50, 12518.75
1150, 1, 41.495457, -86.323250, 56.90, 58.08, 5, -0.09, 2000, 2000, 1498, 15888.75, 12311.25, 11767.50, 12541.25
1151, 1, 41.495461, -86.323242, 56.04, 58.04, 5, -0.75, 2000, 2000, 1485, 16058.75, 12325.00, 11757.50, 12566.25
1152, 1, 41.495464, -86.323235, 58.51, 58.00, 5, -0.50, 2000, 2000, 1489, 15967.50, 12297.50, 11755.00, 12542.50
1153, 1, 41.495468, -86.323227, 55.05, 57.95, 5, -0.66, 2000, 2000, 1486, 16273.75, 12345.00, 11755.00, 12517.50
1154, 1, 41.495472, -86.323219, 56.39, 57.91, 5, -0.68, 2000, 2000, 1486, 15088.75, 12288.75, 11768.75, 12573.75
1155, 1, 41.495476, -86.323204, 57.99, 57.11, 5, -1.10, 2000, 2000, 1477, 15515.00, 12287.50, 11767.50, 12550.00
1156, 1, 41.495480, -86.323196, 56.75, 57.03, 5, -0.63, 2000, 2000, 1487, 15907.50, 12302.50, 11765.00, 12596.25
1157, 1, 41.495483, -86.323189, 57.85, 56.96, 5, -1.45, 2000, 2000, 1470, 15985.00, 12296.25, 11740.00, 12533.75
1158, 1, 41.495487, -86.323181, 55.54, 56.87, 5, -0.48, 2000, 2000, 1490, 15658.75, 12378.75, 11743.75, 12550.00
1159, 1, 41.495491, -86.323174, 56.40, 56.78, 5, -0.27, 2000, 2000, 1494, 15430.00, 12278.75, 11730.00, 12553.75
1160, 1, 41.495495, -86.323158, 54.65, 55.76, 5, -0.94, 2000, 2000, 1481, 15785.00, 12318.75, 11758.75, 12567.50
1162, 1, 41.495499, -86.323151, 55.53, 55.62, 5, -0.40, 2000, 2000, 1491, 15611.25, 12338.75, 11750.00, 12552.50
1163, 1, 41.495502, -86.323143, 53.17, 55.48, 5, -0.18, 2000, 2000, 1496, 15580.00, 12301.25, 11737.50, 12558.75
1164, 1, 41.495508, -86.323135, 54.16, 55.78, 5, -0.59, 2000, 2000, 1488, 16391.25, 12325.00, 11727.50, 12588.75
1165, 1, 41.495512, -86.323120, 53.67, 54.48, 5, -0.96, 2000, 2000, 1480, 16025.00, 12340.00, 11735.00, 12555.00
1166, 1, 41.495522, -86.323105, 52.19, 54.55, 5, -0.77, 2000, 2000, 1484, 15726.25, 12337.50, 11736.25, 12577.50
1167, 1, 41.495525, -86.323097, 53.40, 54.31, 5, -0.91, 2000, 2000, 1481, 15970.00, 12350.00, 11760.00, 12527.50
1168, 1, 41.495529, -86.323090, 55.35, 54.05, 5, -1.55, 2000, 2000, 1468, 15575.00, 12231.25, 11765.00, 12538.75
1169, 1, 41.495533, -86.323082, 54.38, 53.76, 5, -1.00, 2000, 2000, 1480, 15806.25, 12320.00, 11726.25, 12535.00
1170, 1, 41.495535, -86.323067, 53.36, 51.12, 5, -1.91, 2000, 2000, 1461, 16272.50, 12343.75, 11735.00, 12597.50
1171, 1, 41.495541, -86.323059, 53.41, 51.29, 5, -3.52, 2000, 2000, 1429, 15761.25, 12250.00, 11762.50, 12520.00
1172, 1, 41.495544, -86.323051, 51.63, 50.76, 5, -3.17, 2000, 2000, 1436, 15808.75, 12317.50, 11743.75, 12586.25
1173, 1, 41.495548, -86.323044, 50.68, 50.16, 5, -3.09, 2000, 2000, 1438, 15407.50, 12312.50, 11731.25, 12621.25
1174, 1, 41.495552, -86.323036, 52.68, 147.74, 6, 56.21, 2000, 1975, 2500, 15578.75, 12373.75, 11777.50, 12648.75
1175, 1, 41.495558, -86.323029, 66.91, 148.51, 6, 68.48, 2000, 1800, 2500, 11400.00, 12825.00, 11798.75, 13062.50
1177, 1, 41.495562, -86.323021, 83.16, 149.19, 6, 60.87, 2000, 1771, 2500, 10667.50, 12958.75, 11796.25, 13155.00
1178, 1, 41.495565, -86.323013, 98.58, 149.87, 6, 49.62, 2000, 1946, 2492, 14193.75, 12600.00, 11785.00, 12745.00
1179, 1, 41.495569, -86.323006, 120.33, 150.55, 6, 39.18, 2000, 2000, 2283, 16755.00, 12313.75, 11743.75, 12502.50
1180, 1, 41.495569, -86.322998, 133.51, 151.07, 6, 27.76, 2000, 2000, 2055, 16590.00, 12323.75, 11721.25, 12523.75
1181, 1, 41.495569, -86.322998, 152.90, 151.07, 6, 14.86, 2000, 2000, 1797, 15210.00, 12262.50, 11688.75, 12493.75
1182, 1, 41.495564, -86.322990, 162.72, 151.34, 6, 5.05, 2000, 2000, 1601, 15463.75, 12331.25, 11681.25, 12543.75
1183, 1, 41.495558, -86.322990, 168.96, 151.08, 6, 0.14, 2000, 2000, 1502, 15701.25, 12340.00, 11680.00, 12572.50
1184, 1, 41.495550, -86.322983, 168.08, 151.27, 6, -2.65, 2000, 2000, 1446, 15982.50, 12298.75, 11663.75, 12563.75
1185, 1, 41.495543, -86.322983, 169.38, 150.92, 6, -4.07, 2000, 2000, 1418, 15841.25, 12256.25, 11662.50, 12565.00
1186, 1, 41.495535, -86.322975, 172.57, 151.11, 6, -5.13, 2000, 2000, 1397, 15533.75, 12321.25, 11673.75, 12497.50
1187, 1, 41.495527, -86.322975, 167.97, 150.75, 6, -4.55, 2000, 2000, 1409, 15686.25, 12287.50, 11670.00, 12573.75
1188, 1, 41.495520, -86.322975, 164.68, 150.38, 6, -4.13, 2000, 2000, 1417, 15288.75, 12337.50, 11670.00, 12591.25
1189, 1, 41.495512, -86.322968, 165.85, 150.57, 6, -4.54, 2000, 2000, 1409, 15031.25, 12350.00, 11675.00, 12626.25
1191, 1, 41.495504, -86.322968, 163.88, 150.19, 6, -4.51, 2000, 2000, 1409, 16502.50, 12318.75, 11677.50, 12542.50
1192, 1, 41.495497, -86.322960, 163.72, 150.38, 6, -3.53, 2000, 2000, 1429, 16345.00, 12256.25, 11677.50, 12521.25
1193, 1, 41.495489, -86.322960, 159.24, 149.99, 6, -4.12, 2000, 2000, 1417, 15560.00, 12237.50, 11676.25, 12577.50
1194, 1, 41.495474, -86.322952, 161.37, 149.77, 6, -4.23, 2000, 2000, 1415, 16208.75, 12373.75, 11683.75, 12543.75
1195, 1, 41.495466, -86.322945, 159.23, 149.97, 6, -3.32, 2000, 2000, 1433, 15780.00, 12350.00, 11681.25, 12591.25
1196, 1, 41.495459, -86.322945, 156.70, 149.54, 6, -2.50, 2000, 2000, 1450, 15540.00, 12327.50, 11691.25, 12605.00
1197, 1, 41.495451, -86.322937, 156.52, 149.74, 6, -2.28, 2000, 2000, 1454, 15757.50, 12400.00, 11687.50, 12602.50
1198, 1, 41.495443, -86.322937, 156.89, 149.30, 6, -1.19, 2000, 2000, 1476, 15806.25, 12402.50, 11700.00, 12616.25
1199, 1, 41.495436, -86.322929, 155.17, 149.50, 6, -1.53, 2000, 2000, 1469, 15915.00, 12326.25, 11697.50, 12526.25
1200, 1, 41.495430, -86.322922, 153.36, 149.82, 6, -0.89, 2000, 2000, 1482, 15915.00, 12268.75, 11703.75, 12526.25
1201, 1, 41.495422, -86.322922, 151.94, 149.35, 6, -0.27, 2000, 2000, 1494, 15835.00, 12391.25, 11698.75, 12517.50
1202, 1, 41.495415, -86.322914, 151.80, 149.57, 6, 0.90, 2000, 2000, 1518, 15662.50, 12383.75, 11705.00, 12585.00
1204, 1, 41.495407, -86.322906, 151.51, 149.79, 6, 0.43, 2000, 2000, 1508, 15663.75, 12262.50, 11705.00, 12515.00
1205, 1, 41.495401, -86.322906, 149.60, 149.42, 6, 0.48, 2000, 2000, 1509, 15035.00, 12327.50, 11713.75, 12565.00
1206, 1, 41.495394, -86.322899, 152.03, 149.64, 6, 0.68, 2000, 2000, 1513, 15495.00, 12288.75, 11712.50, 12557.50
1207, 1, 41.495388, -86.322891, 152.85, 150.01, 6, 0.62, 2000, 2000, 1512, 16120.00, 12350.00, 11715.00, 12601.25
1208, 1, 41.495380, -86.322884, 152.32, 150.25, 6, 1.09, 2000, 2000, 1521, 15420.00, 12367.50, 11715.00, 12577.50
1209, 1, 41.495367, -86.322876, 153.85, 150.12, 6, 0.21, 2000, 2000, 1504, 16138.75, 12365.00, 11716.25, 12591.25
1210, 1, 41.495359, -86.322868, 151.66, 150.38, 6, -0.36, 2000, 2000, 1492, 15763.75, 12260.00, 11718.75, 12617.50
1211, 1, 41.495354, -86.322868, 153.22, 149.97, 6, -0.22, 2000, 2000, 1495, 15498.75, 12258.75, 11708.75, 12545.00
1212, 1, 41.495346, -86.322861, 151.51, 150.24, 6, -0.67, 2000, 2000, 1486, 16027.50, 12246.25, 11713.75, 12483.75
1213, 1, 41.495340, -86.322853, 153.32, 150.67, 6, -1.28, 2000, 2000, 1474, 15511.25, 12281.25, 11698.75, 12528.75
1214, 1, 41.495333, -86.322853, 153.48, 150.09, 6, -1.07, 2000, 2000, 1478, 15535.00, 12387.50, 11708.75, 12601.25
1215, 1, 41.495325, -86.322845, 154.05, 150.38, 6, -1.31, 2000, 2000, 1473, 15085.00, 12300.00, 11700.00, 12522.50
1216, 1, 41.495317, -86.322838, 154.67, 150.70, 6, -1.28, 2000, 2000, 1474, 15597.50, 12283.75, 11703.75, 12526.25
1217, 1, 41.495312, -86.322838, 154.40, 150.23, 6, -2.97, 2000, 2000, 1440, 15872.50, 12312.50, 11703.75, 12518.75
1219, 1, 41.495304, -86.322830, 157.08, 150.55, 6, -3.18, 2000, 2000, 1436, 15971.25, 12291.25, 11698.75, 12528.75
1220, 1, 41.495298, -86.322823, 158.79, 151.05, 6, -2.05, 2000, 2000, 1459, 15421.25, 12263.75, 11703.75, 12573.75
1221, 1, 41.495291, -86.322823, 155.37, 150.38, 6, -3.23, 2000, 2000, 1435, 15822.50, 12365.00, 11702.50, 12523.75
1222, 1, 41.495277, -86.322815, 153.32, 150.20, 6, -2.21, 2000, 2000, 1455, 15637.50, 12297.50, 11717.50, 12571.25
1223, 1, 41.495270, -86.322807, 151.43, 150.57, 6, -2.56, 2000, 2000, 1448, 16170.00, 12337.50, 11701.25, 12571.25
1224, 1, 41.495262, -86.322800, 155.03, 150.96, 6, -1.98, 2000, 2000, 1460, 15196.25, 12300.00, 11698.75, 12553.75
1225, 1, 41.495256, -86.322800, 154.98, 150.38, 6, -0.97, 2000, 2000, 1480, 15782.50, 12317.50, 11708.75, 12583.75
1226, 1, 41.495251, -86.322792, 154.09, 150.99, 6, -1.83, 2000, 2000, 1463, 15977.50, 12375.00, 11708.75, 12567.50
1227, 1, 41.495243, -86.322784, 153.16, 151.43, 6, -0.42, 2000, 2000, 1491, 15998.75, 12285.00, 11706.25, 12568.75
1228, 1, 41.495237, -86.322784, 151.44, 150.81, 6, -1.72, 2000, 2000, 1465, 15750.00, 12251.25, 11705.00, 12501.25
1229, 1, 41.495232, -86.322777, 149.61, 151.48, 6, -0.41, 2000, 2000, 1491, 15936.25, 12370.00, 11717.50, 12498.75
1230, 1, 41.495224, -86.322769, 151.09, 151.99, 6, 0.03, 2000, 2000, 1500, 15305.00, 12292.50, 11702.50, 12536.25
1231, 1, 41.495218, -86.322769, 152.50, 151.32, 6, 0.87, 2000, 2000, 1517, 15796.25, 12320.00, 11686.25, 12586.25
1233, 1, 41.495211, -86.322762, 150.06, 151.85, 6, 0.47, 2000, 2000, 1509, 15906.25, 12276.25, 11701.25, 12513.75
1234, 1, 41.495205, -86.322754, 150.00, 152.67, 6, 1.40, 2000, 2000, 1527, 15921.25, 12357.50, 11708.75, 12582.50
1235, 1, 41.495199, -86.322754, 151.66, 151.95, 6, 0.36, 2000, 2000, 1507, 15515.00, 12298.75, 11711.25, 12582.50
1236, 1, 41.495192, -86.322746, 152.80, 152.57, 6, -1.05, 2000, 2000, 1479, 15887.50, 12265.00, 11693.75, 12501.25
1237, 1, 41.495186, -86.322746, 154.60, 151.79, 6, -1.11, 2000, 2000, 1477, 16248.75, 12290.00, 11695.00, 12506.25
1238, 1, 41.495171, -86.322731, 151.73, 153.19, 6, -0.45, 2000, 2000, 1490, 15292.50, 12261.25, 11686.25, 12557.50
1239, 1, 41.495165, -86.322731, 154.80, 152.31, 6, -0.92, 2000, 2000, 1481, 15428.75, 12245.00, 11687.50, 12545.00
1240, 1, 41.495157, -86.322723, 157.13, 153.11, 6, -0.81, 2000, 2000, 1483, 15676.25, 12337.50, 11692.50, 12617.50
1241, 1, 41.495152, -86.322716, 155.39, 154.34, 6, -0.81, 2000, 2000, 1483, 15740.00, 12297.50, 11688.75, 12557.50
1242, 1, 41.495144, -86.322716, 153.64, 153.02, 6, -2.18, 2000, 2000, 1456, 16260.00, 12336.25, 11693.75, 12546.25
1243, 1, 41.495138, -86.322708, 154.78, 154.38, 6, -0.97, 2000, 2000, 1480, 15268.75, 12303.75, 11688.75, 12546.25
1244, 1, 41.495132, -86.322708, 157.43, 153.29, 6, -1.43, 2000, 2000, 1471, 16036.25, 12357.50, 11685.00, 12532.50
1245, 1, 41.495125, -86.322701, 153.36, 154.42, 6, -1.66, 2000, 2000, 1466, 16682.50, 12330.00, 11693.75, 12546.25
1246, 1, 41.495119, -86.322693, 154.82, 156.15, 6, -0.79, 2000, 2000, 1484, 15537.50, 12293.75, 11696.25, 12497.50
1248, 1, 41.495111, -86.322693, 158.96, 243.01, 7, 52.77, 2000, 1975, 2500, 15351.25, 12418.75, 11696.25, 12650.00
1249, 1, 41.495106, -86.322685, 172.23, 243.47, 7, 60.37, 2000, 1800, 2500, 11458.75, 12755.00, 11616.25, 13036.25
1250, 1, 41.495102, -86.322678, 190.93, 243.83, 7, 50.01, 2000, 1959, 2500, 14245.00, 12546.25, 11568.75, 12753.75
1251, 1, 41.495092, -86.322678, 205.78, 244.32, 7, 41.19, 2000, 2000, 2323, 16190.00, 12261.25, 11503.75, 12481.25
1252, 1, 41.495087, -86.322678, 224.15, 244.61, 7, 30.28, 2000, 2000, 2105, 15685.00, 12255.00, 11491.25, 12502.50
1253, 1, 41.495081, -86.322678, 239.13, 244.91, 7, 19.14, 2000, 2000, 1882, 15936.25, 12297.50, 11492.50, 12532.50
1254, 1, 41.495075, -86.322685, 250.53, 245.05, 7, 10.79, 2000, 2000, 1715, 15468.75, 12278.75, 11506.25, 12555.00
1255, 1, 41.495071, -86.322685, 257.11, 245.25, 7, 3.23, 2000, 2000, 1564, 16073.75, 12267.50, 11498.75, 12621.25
1256, 1, 41.495068, -86.322693, 262.03, 245.29, 7, -0.53, 2000, 2000, 1489, 16201.25, 12278.75, 11482.50, 12500.00
1257, 1, 41.495066, -86.322708, 263.12, 245.07, 7, -4.02, 2000, 2000, 1419, 15536.25, 12351.25, 11473.75, 12582.50
1258, 1, 41.495064, -86.322716, 265.51, 245.01, 7, -6.36, 2000, 2000, 1372, 15637.50, 12273.75, 11460.00, 12506.25
1259, 1, 41.495062, -86.322723, 265.42, 244.95, 7, -7.26, 2000, 2000, 1354, 15545.00, 12290.00, 11462.50, 12512.50
1260, 1, 41.495060, -86.322731, 264.69, 244.89, 7, -6.79, 2000, 2000, 1364, 15832.50, 12263.75, 11465.00, 12483.75
1262, 1, 41.495058, -86.322739, 262.37, 244.83, 7, -7.51, 2000, 2000, 1349, 15898.75, 12286.25, 11473.75, 12515.00
1263, 1, 41.495056, -86.322754, 264.72, 244.59, 7, -7.50, 2000, 2000, 1349, 15405.00, 12251.25, 11468.75, 12525.00
1264, 1, 41.495054, -86.322762, 264.14, 244.53, 7, -8.65, 2000, 2000, 1327, 16176.25, 12320.00, 11483.75, 12478.75
1265, 1, 41.495052, -86.322769, 261.40, 244.46, 7, -8.84, 2000, 2000, 1323, 15717.50, 12323.75, 11470.00, 12587.50
1266, 1, 41.495049, -86.322784, 261.35, 244.32, 7, -8.71, 2000, 2000, 1325, 15672.50, 12330.00, 11477.50, 12541.25
1267, 1, 41.495045, -86.322792, 260.20, 244.36, 7, -8.94, 2000, 2000, 1321, 15133.75, 12241.25, 11485.00, 12510.00
1268, 1, 41.495043, -86.322800, 258.04, 244.29, 7, -7.35, 2000, 2000, 1353, 16075.00, 12296.25, 11481.25, 12493.75
1269, 1, 41.495041, -86.322815, 254.54, 244.03, 7, -7.28, 2000, 2000, 1354, 16280.00, 12260.00, 11478.75, 12441.25
1270, 1, 41.495037, -86.322823, 254.43, 244.07, 7, -6.62, 2000, 2000, 1367, 16612.50, 12305.00, 11481.25, 12436.25
1271, 1, 41.495035, -86.322830, 252.45, 244.00, 7, -6.58, 2000, 2000, 1368, 15507.50, 12346.25, 11481.25, 12538.75
1272, 1, 41.495031, -86.322838, 251.34, 244.03, 7, -5.97, 2000, 2000, 1380, 15831.25, 12282.50, 11490.00, 12511.25
1273, 1, 41.495029, -86.322845, 248.41, 243.96, 7, -5.03, 2000, 2000, 1399, 15792.50, 12255.00, 11490.00, 12520.00
1274, 1, 41.495026, -86.322853, 249.95, 244.00, 7, -4.40, 2000, 2000, 1412, 16322.50, 12278.75, 11473.75, 12451.25
1276, 1, 41.495022, -86.322861, 246.32, 244.04, 7, -3.72, 2000, 2000, 1425, 14925.00, 12262.50, 11486.25, 12520.00
1277, 1, 41.495018, -86.322868, 248.41, 244.08, 7, -3.64, 2000, 2000, 1427, 15297.50, 12296.25, 11487.50, 12490.00
1278, 1, 41.495016, -86.322876, 246.50, 244.00, 7, -3.46, 2000, 2000, 1430, 16125.00, 12311.25, 11481.25, 12498.75
1279, 1, 41.495008, -86.322891, 249.09, 244.08, 7, -4.02, 2000, 2000, 1419, 16008.75, 12300.00, 11487.50, 12458.75
1280, 1, 41.495005, -86.322899, 247.95, 244.12, 7, -3.73, 2000, 2000, 1425, 15886.25, 12312.50, 11491.25, 12476.25
1281, 1, 41.495001, -86.322906, 246.97, 244.17, 7, -2.95, 2000, 2000, 1441, 15598.75, 12258.75, 11475.00, 12507.50
1282, 1, 41.494997, -86.322914, 244.86, 244.21, 7, -3.46, 2000, 2000, 1430, 15923.75, 12286.25, 11487.50, 12557.50
1283, 1, 41.494993, -86.322922, 244.06, 244.25, 7, -1.86, 2000, 2000, 1462, 15542.50, 12252.50, 11480.00, 12488.75
1284, 1, 41.494987, -86.322929, 246.33, 244.43, 7, -2.19, 2000, 2000, 1456, 15542.50, 12302.50, 11497.50, 12496.25
1285, 1, 41.494984, -86.322937, 243.33, 244.48, 7, -1.37, 2000, 2000, 1472, 15888.75, 12381.25, 11477.50, 12511.25
1286, 1, 41.494980, -86.322945, 244.00, 244.53, 7, -1.58, 2000, 2000, 1468, 15377.50, 12236.25, 11486.25, 12427.50
1287, 1, 41.494974, -86.322952, 242.81, 244.71, 7, -1.23, 2000, 2000, 1475, 15883.75, 12320.00, 11485.00, 12516.25
1288, 1, 41.494970, -86.322960, 242.25, 244.76, 7, -2.41, 2000, 2000, 1451, 15791.25, 12291.25, 11501.25, 12531.25
1289, 1, 41.494967, -86.322968, 245.54, 244.81, 7, -2.01, 2000, 2000, 1459, 15107.50, 12217.50, 11497.50, 12525.00
1291, 1, 41.494963, -86.322975, 245.86, 244.87, 7, -1.58, 2000, 2000, 1468, 15782.50, 12272.50, 11476.25, 12496.25
1292, 1, 41.494957, -86.322983, 246.97, 245.06, 7, -1.95, 2000, 2000, 1460, 16286.25, 12251.25, 11487.50, 12466.25
1293, 1, 41.494953, -86.322990, 246.49, 245.12, 7, -2.52, 2000, 2000, 1449, 15832.50, 12236.25, 11475.00, 12517.50
1294, 1, 41.494944, -86.323006, 245.98, 245.39, 7, -2.20, 2000, 2000, 1455, 15517.50, 12277.50, 11482.50, 12488.75
1295, 1, 41.494940, -86.323013, 246.17, 245.45, 7, -1.92, 2000, 2000, 1461, 16418.75, 12301.25, 11480.00, 12475.00
1296, 1, 41.494936, -86.323021, 246.31, 245.52, 7, -2.42, 2000, 2000, 1451, 15770.00, 12225.00, 11482.50, 12530.00
1297, 1, 41.494932, -86.323029, 246.47, 245.58, 7, -2.93, 2000, 2000, 1441, 15047.50, 12266.25, 11497.50, 12475.00
1298, 1, 41.494926, -86.323036, 248.94, 245.80, 7, -3.67, 2000, 2000, 1426, 15900.00, 12207.50, 11485.00, 12453.75
1299, 1, 41.494923, -86.323044, 246.97, 245.88, 7, -3.21, 2000, 2000, 1435, 16086.25, 12273.75, 11476.25, 12476.25
1300, 1, 41.494921, -86.323051, 249.83, 245.79, 7, -3.83, 2000, 2000, 1423, 16800.00, 12276.25, 11485.00, 12493.75
1301, 1, 41.494917, -86.323059, 253.62, 245.87, 7, -5.00, 2000, 2000, 1400, 15848.75, 12240.00, 11475.00, 12493.75
1302, 1, 41.494913, -86.323067, 255.10, 245.94, 7, -8.12, 2000, 2000, 1337, 15485.00, 12236.25, 11478.75, 12413.75
1303, 1, 41.494909, -86.323074, 254.56, 246.02, 7, -8.35, 2000, 2000, 1332, 15701.25, 12213.75, 11487.50, 12458.75
1305, 1, 41.494907, -86.323082, 253.67, 245.93, 7, -9.76, 2000, 2000, 1304, 15486.25, 12233.75, 11475.00, 12501.25
1306, 1, 41.494904, -86.323090, 254.20, 246.01, 7, -9.33, 2000, 2000, 1313, 15925.00, 12282.50, 11481.25, 12533.75
1307, 1, 41.494902, -86.323097, 253.12, 245.93, 7, -8.70, 2000, 2000, 1325, 15630.00, 12287.50, 11478.75, 12535.00
1308, 1, 41.494896, -86.323112, 250.58, 245.92, 7, -9.09, 2000, 2000, 1318, 15671.25, 12270.00, 11472.50, 12518.75
1309, 1, 41.494894, -86.323120, 251.27, 245.83, 7, -8.56, 2000, 2000, 1328, 15177.50, 12291.25, 11476.25, 12530.00
1310, 1, 41.494890, -86.323128, 249.87, 245.91, 7, -7.51, 2000, 2000, 1349, 15657.50, 12263.75, 11486.25, 12492.50
1311, 1, 41.494886, -86.323135, 250.75, 245.99, 7, -7.69, 2000, 2000, 1346, 15765.00, 12267.50, 11476.25, 12528.75
1312, 1, 41.494883, -86.323143, 246.64, 246.08, 7, -6.57, 2000, 2000, 1368, 15823.75, 12237.50, 11485.00, 12512.50
1313, 1, 41.494879, -86.323151, 247.62, 246.17, 7, -4.93, 2000, 2000, 1401, 15766.25, 12266.25, 11483.75, 12517.50
1314, 1, 41.494877, -86.323158, 244.48, 246.08, 7, -4.21, 2000, 2000, 1415, 15996.25, 12285.00, 11496.25, 12550.00
1315, 1, 41.494873, -86.323166, 244.51, 246.17, 7, -2.93, 2000, 2000, 1441, 15947.50, 12317.50, 11483.75, 12513.75
1316, 1, 41.494869, -86.323174, 244.51, 246.26, 7, -2.63, 2000, 2000, 1447, 15678.75, 12217.50, 11483.75, 12571.25
1317, 1, 41.494865, -86.323174, 241.99, 246.64, 7, -2.18, 2000, 2000, 1456, 15385.00, 12270.00, 11478.75, 12555.00
1319, 1, 41.494862, -86.323181, 241.80, 246.74, 7, -1.68, 2000, 2000, 1466, 15875.00, 12287.50, 11485.00, 12432.50
1320, 1, 41.494856, -86.323189, 242.50, 247.05, 7, -1.40, 2000, 2000, 1471, 15088.75, 12272.50, 11481.25, 12497.50
1321, 1, 41.494852, -86.323196, 242.38, 247.16, 7, -1.77, 2000, 2000, 1464, 15417.50, 12211.25, 11485.00, 12517.50
1322, 1, 41.494844, -86.323212, 245.67, 247.39, 7, -1.57, 2000, 2000, 1468, 15866.25, 12292.50, 11487.50, 12511.25
1323, 1, 41.494841, -86.323219, 245.67, 247.51, 7, -1.91, 2000, 2000, 1461, 16040.00, 12253.75, 11478.75, 12470.00
1324, 1, 41.494835, -86.323227, 246.49, 247.86, 7, -1.02, 2000, 2000, 1479, 16097.50, 12323.75, 11476.25, 12580.00
1325, 1, 41.494831, -86.323235, 244.66, 247.99, 7, -2.56, 2000, 2000, 1448, 15282.50, 12267.50, 11483.75, 12476.25
1326, 1, 41.494827, -86.323235, 244.00, 248.43, 7, -1.98, 2000, 2000, 1460, 16147.50, 12308.75, 11485.00, 12472.50
1327, 1, 41.494823, -86.323250, 247.30, 248.27, 7, -1.54, 2000, 2000, 1469, 14776.25, 12237.50, 11483.75, 12550.00
1328, 1, 41.494820, -86.323250, 246.48, 248.72, 7, -1.18, 2000, 2000, 1476, 15200.00, 12368.75, 11483.75, 12570.00
1329, 1, 41.494814, -86.323257, 246.64, 249.11, 7, -0.86, 2000, 2000, 1482, 15660.00, 12292.50, 11480.00, 12470.00
1330, 1, 41.494810, -86.323265, 247.45, 249.28, 7, -1.72, 2000, 2000, 1465, 15256.25, 12285.00, 11477.50, 12467.50
1331, 1, 41.494806, -86.323273, 247.93, 249.45, 7, -1.21, 2000, 2000, 1475, 15602.50, 12248.75, 11475.00, 12513.75
1333, 1, 41.494802, -86.323280, 247.78, 249.63, 7, -1.98, 2000, 2000, 1460, 16156.25, 12268.75, 11478.75, 12578.75
1334, 1, 41.494797, -86.323288, 248.43, 250.06, 7, -1.41, 2000, 2000, 1471, 15631.25, 12288.75, 11488.75, 12567.50
1335, 1, 41.494795, -86.323296, 248.76, 250.00, 7, -2.12, 2000, 2000, 1457, 15696.25, 12343.75, 11488.75, 12523.75
1336, 1, 41.494791, -86.323303, 249.93, 250.20, 7, -2.73, 2000, 2000, 1445, 15717.50, 12322.50, 11481.25, 12538.75
1337, 1, 41.494787, -86.323311, 247.90, 250.40, 7, -2.44, 2000, 2000, 1451, 15992.50, 12333.75, 11487.50, 12525.00
1338, 1, 41.494780, -86.323326, 253.07, 250.84, 7, -2.78, 2000, 2000, 1444, 15761.25, 12322.50, 11491.25, 12531.25
1339, 1, 41.494776, -86.323334, 250.86, 251.07, 7, -3.01, 2000, 2000, 1439, 16038.75, 12285.00, 11481.25, 12517.50
1340, 1, 41.494774, -86.323341, 251.93, 251.02, 7, -3.62, 2000, 2000, 1427, 15573.75, 12331.25, 11471.25, 12512.50
1341, 1, 41.494770, -86.323357, 250.92, 250.92, 7, -3.35, 2000, 2000, 1433, 15232.50, 12301.25, 11476.25, 12530.00
1342, 1, 41.494766, -86.323364, 252.27, 251.17, 7, -3.96, 2000, 2000, 1420, 15673.75, 12288.75, 11473.75, 12573.75
1343, 1, 41.494762, -86.323372, 252.65, 251.43, 7, -4.18, 2000, 2000, 1416, 15812.50, 12302.50, 11486.25, 12631.25
1344, 1, 41.494759, -86.323380, 254.17, 251.71, 7, -3.45, 2000, 2000, 1430, 15375.00, 12238.75, 11488.75, 12558.75
1345, 1, 41.494757, -86.323387, 255.80, 251.66, 7, -3.93, 2000, 2000, 1421, 15480.00, 12258.75, 11480.00, 12597.50
1346, 1, 41.494753, -86.323395, 252.61, 251.96, 7, -4.19, 2000, 2000, 1416, 15620.00, 12206.25, 11487.50, 12440.00
1347, 1, 41.494749, -86.323402, 253.72, 252.26, 7, -3.73, 2000, 2000, 1425, 15695.00, 12298.75, 11485.00, 12512.50
1349, 1, 41.494747, -86.323410, 252.94, 252.23, 7, -4.01, 2000, 2000, 1419, 16141.25, 12306.25, 11481.25, 12532.50
1350, 1, 41.494743, -86.323418, 252.86, 252.56, 7, -3.99, 2000, 2000, 1420, 15753.75, 12323.75, 11483.75, 12522.50
1351, 1, 41.494741, -86.323425, 254.66, 252.53, 7, -3.57, 2000, 2000, 1428, 15165.00, 12318.75, 11483.75, 12517.50
1352, 1, 41.494734, -86.323441, 254.76, 253.26, 7, -5.18, 2000, 2000, 1396, 15895.00, 12260.00, 11488.75, 12530.00
1353, 1, 41.494732, -86.323448, 254.54, 253.25, 7, -4.61, 2000, 2000, 1407, 16091.25, 12285.00, 11487.50, 12526.25
1354, 1, 41.494728, -86.323456, 256.26, 253.66, 7, -4.98, 2000, 2000, 1400, 15555.00, 12301.25, 11477.50, 12515.00
1355, 1, 41.494726, -86.323463, 253.53, 253.66, 7, -4.13, 2000, 2000, 1417, 15978.75, 12292.50, 11483.75, 12557.50
1356, 1, 41.494722, -86.323479, 255.33, 253.66, 7, -4.97, 2000, 2000, 1400, 15426.25, 12310.00, 11488.75, 12507.50
1357, 1, 41.494720, -86.323486, 257.98, 253.66, 7, -4.84, 2000, 2000, 1403, 15568.75, 12211.25, 11483.75, 12458.75
1358, 1, 41.494717, -86.323494, 254.99, 254.14, 7, -5.14, 2000, 2000, 1397, 15232.50, 12258.75, 11497.50, 12503.75
1359, 1, 41.494715, -86.323502, 256.47, 254.16, 7, -5.29, 2000, 2000, 1394, 15337.50, 12288.75, 11487.50, 12481.25
1360, 1, 41.494711, -86.323509, 256.57, 254.70, 7, -4.44, 2000, 2000, 1411, 15938.75, 12327.50, 11475.00, 12465.00
1361, 1, 41.494709, -86.323517, 257.30, 254.73, 7, -5.07, 2000, 2000, 1398, 15501.25, 12321.25, 11481.25, 12565.00
1363, 1, 41.494707, -86.323524, 255.33, 254.77, 7, -4.30, 2000, 2000, 1413, 15666.25, 12323.75, 11481.25, 12545.00
1364, 1, 41.494703, -86.323532, 255.66, 255.39, 7, -3.79, 2000, 2000, 1424, 15812.50, 12252.50, 11482.50, 12468.75
1365, 1, 41.494701, -86.323540, 256.21, 255.46, 7, -4.42, 2000, 2000, 1411, 15761.25, 12377.50, 11472.50, 12493.75
1366, 1, 41.494699, -86.323547, 256.99, 255.53, 7, -3.87, 2000, 2000, 1422, 15957.50, 12292.50, 11476.25, 12513.75
1367, 1, 41.494694, -86.323563, 254.76, 256.39, 7, -3.47, 2000, 2000, 1430, 15498.75, 12233.75, 11472.50, 12468.75
1368, 1, 41.494692, -86.323570, 252.82, 256.51, 7, -3.54, 2000, 2000, 1429, 15783.75, 12313.75, 11483.75, 12527.50
1369, 1, 41.494688, -86.323578, 255.21, 257.41, 7, -3.19, 2000, 2000, 1436, 16122.50, 12348.75, 11490.00, 12583.75
1370, 1, 41.494686, -86.323586, 257.35, 257.60, 7, -2.39, 2000, 2000, 1452, 15281.25, 12287.50, 11482.50, 12526.25
1371, 1, 41.494682, -86.323601, 255.44, 258.04, 7, -2.82, 2000, 2000, 1443, 15430.00, 12248.75, 11486.25, 12517.50
1372, 1, 41.494680, -86.323608, 253.53, 258.31, 7, -1.97, 2000, 2000, 1460, 15067.50, 12367.50, 11483.75, 12532.50
1373, 1, 41.494678, -86.323616, 255.44, 135.00, 8, -58.31, 1975, 2000, 500, 15265.00, 12256.25, 11487.50, 12506.25
1374, 1, 41.494677, -86.323624, 244.37, 134.74, 8, -95.24, 1800, 2000, 500, 11496.25, 12860.00, 11456.25, 13016.25
1375, 1, 41.494675, -86.323631, 231.09, 134.48, 8, -90.27, 1625, 2000, 500, 8752.50, 13121.25, 11461.25, 13297.50
1376, 1, 41.494673, -86.323639, 221.11, 134.22, 8, -85.58, 1475, 2000, 500, 8838.75, 13170.00, 11473.75, 13371.25
1378, 1, 41.494669, -86.323647, 206.88, 133.90, 8, -78.01, 1429, 2000, 500, 9081.25, 13151.25, 11505.00, 13262.50
1379, 1, 41.494667, -86.323647, 192.39, 133.84, 8, -72.73, 1545, 2000, 500, 8562.50, 13223.75, 11567.50, 13315.00
1380, 1, 41.494663, -86.323654, 174.41, 133.53, 8, -63.15, 1695, 2000, 500, 9446.25, 13051.25, 11626.25, 13193.75
1381, 1, 41.494654, -86.323654, 160.19, 133.22, 8, -51.90, 1870, 2000, 500, 12615.00, 12726.25, 11657.50, 12935.00
1382, 1, 41.494648, -86.323654, 144.70, 133.04, 8, -41.14, 2000, 2000, 677, 16456.25, 12276.25, 11711.25, 12505.00
1383, 1, 41.494642, -86.323654, 130.84, 132.85, 8, -31.00, 2000, 2000, 879, 16015.00, 12282.50, 11735.00, 12451.25
1384, 1, 41.494638, -86.323647, 115.45, 132.93, 8, -18.79, 2000, 2000, 1124, 16430.00, 12345.00, 11780.00, 12588.75
1385, 1, 41.494635, -86.323639, 105.81, 133.00, 8, -9.77, 2000, 2000, 1304, 16071.25, 12282.50, 11761.25, 12518.75
1386, 1, 41.494633, -86.323639, 98.32, 132.94, 8, -4.31, 2000, 2000, 1413, 15233.75, 12321.25, 11775.00, 12597.50
1387, 1, 41.494631, -86.323631, 98.12, 133.07, 8, 0.59, 2000, 2000, 1511, 15557.50, 12365.00, 11776.25, 12655.00
1388, 1, 41.494629, -86.323616, 97.06, 133.41, 8, 2.43, 2000, 2000, 1548, 16140.00, 12301.25, 11783.75, 12548.75
1389, 1, 41.494627, -86.323608, 100.52, 133.55, 8, 2.45, 2000, 2000, 1548, 16202.50, 12327.50, 11771.25, 12485.00
1390, 1, 41.494627, -86.323601, 102.08, 133.76, 8, 3.26, 2000, 2000, 1565, 16162.50, 12357.50, 11772.50, 12480.00
1392, 1, 41.494625, -86.323593, 101.10, 133.90, 8, 4.17, 2000, 2000, 1583, 16086.25, 12325.00, 11770.00, 12602.50
1393, 1, 41.494623, -86.323586, 104.60, 134.05, 8, 3.68, 2000, 2000, 1573, 15583.75, 12253.75, 11776.25, 12512.50
1394, 1, 41.494621, -86.323578, 109.45, 134.19, 8, 3.36, 2000, 2000, 1567, 15761.25, 12291.25, 11747.50, 12597.50
1395, 1, 41.494617, -86.323563, 108.99, 134.49, 8, 2.73, 2000, 2000, 1554, 15685.00, 12270.00, 11757.50, 12623.75
1396, 1, 41.494614, -86.323555, 112.69, 134.58, 8, 1.69, 2000, 2000, 1533, 15691.25, 12250.00, 11771.25, 12510.00
1397, 1, 41.494612, -86.323547, 115.49, 134.73, 8, 1.28, 2000, 2000, 1525, 15656.25, 12266.25, 11753.75, 12532.50
1398, 1, 41.494610, -86.323540, 116.34, 134.88, 8, 1.11, 2000, 2000, 1522, 15728.75, 12295.00, 11740.00, 12590.00
1399, 1, 41.494606, -86.323532, 119.20, 134.97, 8, 0.57, 2000, 2000, 1511, 15821.25, 12322.50, 11748.75, 12652.50
1400, 1, 41.494604, -86.323532, 120.38, 134.91, 8, -0.86, 2000, 2000, 1482, 16320.00, 12346.25, 11751.25, 12591.25
1401, 1, 41.494600, -86.323524, 122.60, 135.00, 8, -0.36, 2000, 2000, 1492, 15825.00, 12262.50, 11753.75, 12476.25
1402, 1, 41.494598, -86.323517, 121.74, 135.16, 8, -1.60, 2000, 2000, 1467, 16277.50, 12316.25, 11748.75, 12477.50
1403, 1, 41.494595, -86.323509, 123.39, 135.25, 8, -1.08, 2000, 2000, 1478, 15702.50, 12301.25, 11750.00, 12602.50
1404, 1, 41.494591, -86.323502, 124.28, 135.35, 8, -2.41, 2000, 2000, 1451, 15697.50, 12263.75, 11728.75, 12478.75
1405, 1, 41.494587, -86.323494, 126.58, 135.44, 8, -2.33, 2000, 2000, 1453, 15543.75, 12318.75, 11748.75, 12515.00
1406, 1, 41.494583, -86.323486, 127.29, 135.54, 8, -2.26, 2000, 2000, 1454, 15382.50, 12317.50, 11741.25, 12576.25
1408, 1, 41.494579, -86.323486, 123.90, 135.41, 8, -1.89, 2000, 2000, 1462, 15822.50, 12330.00, 11747.50, 12552.50
1409, 1, 41.494577, -86.323479, 126.23, 135.57, 8, -2.32, 2000, 2000, 1453, 15718.75, 12336.25, 11745.00, 12555.00
1410, 1, 41.494574, -86.323471, 128.49, 135.67, 8, -2.43, 2000, 2000, 1451, 15997.50, 12276.25, 11741.25, 12493.75
1411, 1, 41.494570, -86.323463, 126.70, 135.77, 8, -2.45, 2000, 2000, 1451, 15680.00, 12340.00, 11745.00, 12453.75
1412, 1, 41.494562, -86.323448, 129.35, 135.98, 8, -1.73, 2000, 2000, 1465, 16022.50, 12290.00, 11755.00, 12575.00
1413, 1, 41.494556, -86.323448, 127.57, 135.77, 8, -0.87, 2000, 2000, 1482, 16172.50, 12292.50, 11740.00, 12523.75
1414, 1, 41.494553, -86.323441, 128.93, 135.88, 8, -1.77, 2000, 2000, 1464, 15647.50, 12216.25, 11742.50, 12471.25
1415, 1, 41.494549, -86.323433, 129.70, 135.98, 8, -1.80, 2000, 2000, 1464, 15452.50, 12297.50, 11738.75, 12461.25
1416, 1, 41.494545, -86.323425, 130.57, 136.09, 8, -2.23, 2000, 2000, 1455, 16060.00, 12291.25, 11740.00, 12573.75
1417, 1, 41.494541, -86.323418, 128.72, 136.20, 8, -1.95, 2000, 2000, 1460, 15987.50, 12336.25, 11740.00, 12492.50
1418, 1, 41.494537, -86.323418, 128.91, 136.06, 8, -2.37, 2000, 2000, 1452, 16318.75, 12318.75, 11723.75, 12508.75
1419, 1, 41.494534, -86.323410, 131.32, 136.17, 8, -2.34, 2000, 2000, 1453, 15488.75, 12281.25, 11723.75, 12573.75
1420, 1, 41.494530, -86.323402, 131.46, 136.28, 8, -2.77, 2000, 2000, 1444, 15091.25, 12230.00, 11730.00, 12612.50
1421, 1, 41.494526, -86.323395, 131.04, 136.39, 8, -3.47, 2000, 2000, 1430, 15700.00, 12328.75, 11721.25, 12553.75
1423, 1, 41.494520, -86.323387, 135.20, 136.43, 8, -3.24, 2000, 2000, 1435, 15687.50, 12243.75, 11725.00, 12482.50
1424, 1, 41.494516, -86.323387, 135.59, 136.29, 8, -3.45, 2000, 2000, 1431, 15711.25, 12228.75, 11728.75, 12476.25
1425, 1, 41.494513, -86.323380, 134.23, 136.40, 8, -3.94, 2000, 2000, 1421, 15740.00, 12260.00, 11727.50, 12523.75
1426, 1, 41.494509, -86.323372, 136.45, 136.52, 8, -3.18, 2000, 2000, 1436, 15507.50, 12198.75, 11725.00, 12461.25
1427, 1, 41.494503, -86.323364, 135.31, 136.56, 8, -3.12, 2000, 2000, 1437, 16358.75, 12273.75, 11725.00, 12523.75
1428, 1, 41.494495, -86.323357, 133.73, 136.53, 8, -3.34, 2000, 2000, 1433, 16032.50, 12356.25, 11720.00, 12550.00
1429, 1, 41.494490, -86.323349, 135.20, 136.58, 8, -2.32, 2000, 2000, 1453, 15678.75, 12307.50, 11730.00, 12585.00
1430, 1, 41.494486, -86.323341, 133.93, 136.70, 8, -3.39, 2000, 2000, 1432, 16110.00, 12272.50, 11735.00, 12493.75
1431, 1, 41.494482, -86.323334, 134.26, 136.82, 8, -2.47, 2000, 2000, 1450, 15631.25, 12265.00, 11733.75, 12502.50
1432, 1, 41.494478, -86.323334, 135.23, 136.67, 8, -2.78, 2000, 2000, 1444, 15730.00, 12371.25, 11728.75, 12622.50
1433, 1, 41.494473, -86.323326, 135.59, 136.72, 8, -2.50, 2000, 2000, 1449, 15320.00, 12286.25, 11727.50, 12535.00
1434, 1, 41.494469, -86.323318, 133.73, 136.84, 8, -2.68, 2000, 2000, 1446, 16292.50, 12337.50, 11718.75, 12472.50
1435, 1, 41.494465, -86.323311, 134.23, 136.97, 8, -2.79, 2000, 2000, 1444, 15325.00, 12233.75, 11728.75, 12527.50
1436, 1, 41.494459, -86.323311, 133.64, 136.73, 8, -2.42, 2000, 2000, 1451, 15768.75, 12277.50, 11725.00, 12517.50
1438, 1, 41.494455, -86.323303, 135.57, 136.86, 8, -2.12, 2000, 2000, 1457, 15935.00, 12361.25, 11733.75, 12561.25
1439, 1, 41.494450, -86.323296, 136.45, 136.91, 8, -2.23, 2000, 2000, 1455, 15362.50, 12267.50, 11722.50, 12486.25
1440, 1, 41.494446, -86.323296, 133.89, 136.75, 8, -2.26, 2000, 2000, 1454, 16448.75, 12292.50, 11727.50, 12505.00
1441, 1, 41.494442, -86.323288, 136.15, 136.88, 8, -2.82, 2000, 2000, 1443, 15815.00, 12258.75, 11735.00, 12508.75
1442, 1, 41.494432, -86.323273, 135.26, 137.07, 8, -2.67, 2000, 2000, 1446, 15455.00, 12273.75, 11726.25, 12577.50
1443, 1, 41.494427, -86.323273, 134.59, 136.83, 8, -2.67, 2000, 2000, 1446, 15900.00, 12316.25, 11725.00, 12568.75
1444, 1, 41.494423, -86.323265, 135.05, 136.96, 8, -2.22, 2000, 2000, 1455, 15956.25, 12290.00, 11732.50, 12476.25
1445, 1, 41.494419, -86.323257, 138.98, 137.10, 8, -3.14, 2000, 2000, 1437, 15768.75, 12306.25, 11727.50, 12533.75
1446, 1, 41.494413, -86.323250, 136.42, 137.15, 8, -2.81, 2000, 2000, 1443, 15743.75, 12295.00, 11735.00, 12537.50
1447, 1, 41.494410, -86.323250, 135.80, 136.99, 8, -0.79, 2000, 2000, 1484, 15136.25, 12237.50, 11728.75, 12527.50
1448, 1, 41.494404, -86.323242, 136.76, 137.04, 8, -2.07, 2000, 2000, 1458, 15992.50, 12278.75, 11735.00, 12500.00
1449, 1, 41.494400, -86.323235, 133.93, 137.18, 8, -2.34, 2000, 2000, 1453, 15196.25, 12361.25, 11732.50, 12503.75
1450, 1, 41.494396, -86.323227, 135.57, 137.33, 8, -0.92, 2000, 2000, 1481, 15993.75, 12206.25, 11733.75, 12488.75
1451, 1, 41.494390, -86.323227, 136.74, 137.07, 8, -1.94, 2000, 2000, 1461, 15963.75, 12261.25, 11732.50, 12497.50
1453, 1, 41.494387, -86.323219, 134.85, 137.22, 8, -1.75, 2000, 2000, 1464, 16463.75, 12357.50, 11722.50, 12463.75
1454, 1, 41.494383, -86.323212, 134.59, 137.36, 8, -1.49, 2000, 2000, 1470, 15335.00, 12292.50, 11731.25, 12485.00
1455, 1, 41.494377, -86.323204, 132.80, 137.43, 8, -1.85, 2000, 2000, 1463, 15693.75, 12263.75, 11721.25, 12495.00
1456, 1, 41.494370, -86.323196, 134.15, 137.40, 8, -0.70, 2000, 2000, 1485, 14982.50, 12297.50, 11733.75, 12535.00
1457, 1, 41.494364, -86.323189, 136.14, 137.46, 8, -1.29, 2000, 2000, 1474, 15853.75, 12190.00, 11737.50, 12505.00
1458, 1, 41.494360, -86.323189, 134.56, 137.28, 8, -0.54, 2000, 2000, 1489, 15461.25, 12300.00, 11745.00, 12506.25
1459, 1, 41.494354, -86.323181, 134.49, 137.35, 8, -1.45, 2000, 2000, 1470, 15807.50, 12230.00, 11743.75, 12550.00
1460, 1, 41.494350, -86.323174, 137.05, 137.51, 8, -1.25, 2000, 2000, 1475, 15673.75, 12353.75, 11738.75, 12583.75
1461, 1, 41.494347, -86.323166, 134.79, 137.67, 8, -1.70, 2000, 2000, 1466, 15741.25, 12236.25, 11730.00, 12498.75
1462, 1, 41.494341, -86.323166, 137.35, 137.39, 8, -1.81, 2000, 2000, 1463, 16640.00, 12333.75, 11730.00, 12460.00
1463, 1, 41.494337, -86.323158, 137.67, 137.55, 8, -1.94, 2000, 2000, 1461, 16045.00, 12242.50, 11740.00, 12551.25
1464, 1, 41.494331, -86.323151, 139.73, 137.62, 8, -1.72, 2000, 2000, 1465, 15506.25, 12211.25, 11733.75, 12467.50
1465, 1, 41.494328, -86.323151, 137.67, 137.43, 8, -2.08, 2000, 2000, 1458, 15400.00, 12218.75, 11731.25, 12518.75
1466, 1, 41.494322, -86.323143, 141.33, 137.49, 8, -1.66, 2000, 2000, 1466, 15112.50, 12275.00, 11733.75, 12563.75
1468, 1, 41.494318, -86.323135, 138.59, 137.66, 8, -1.33, 2000, 2000, 1473, 15722.50, 12286.25, 11727.50, 12483.75
1469, 1, 41.494314, -86.323128, 136.76, 137.84, 8, -1.05, 2000, 2000, 1479, 16250.00, 12330.00, 11727.50, 12545.00
1470, 1, 41.494308, -86.323128, 135.84, 137.54, 8, -2.57, 2000, 2000, 1448, 15751.25, 12262.50, 11730.00, 12508.75
1471, 1, 41.494305, -86.323120, 137.36, 137.71, 8, -1.72, 2000, 2000, 1465, 16376.25, 12291.25, 11720.00, 12478.75
1472, 1, 41.494299, -86.323112, 136.09, 137.79, 8, -1.64, 2000, 2000, 1467, 15365.00, 12242.50, 11730.00, 12517.50
1473, 1, 41.494289, -86.323105, 132.80, 137.66, 8, -2.17, 2000, 2000, 1456, 15850.00, 12306.25, 11718.75, 12600.00
1474, 1, 41.494286, -86.323097, 136.45, 137.84, 8, -1.53, 2000, 2000, 1469, 15900.00, 12273.75, 11725.00, 12545.00
1475, 1, 41.494282, -86.323090, 133.31, 138.03, 8, 0.19, 2000, 2000, 1503, 15782.50, 12281.25, 11728.75, 12531.25
1476, 1, 41.494276, -86.323090, 136.46, 137.71, 8, -0.97, 2000, 2000, 1480, 15485.00, 12190.00, 11721.25, 12563.75
1477, 1, 41.494272, -86.323082, 135.18, 137.90, 8, -0.82, 2000, 2000, 1483, 16056.25, 12353.75, 11723.75, 12576.25
1478, 1, 41.494268, -86.323074, 135.52, 138.09, 8, 0.27, 2000, 2000, 1505, 16187.50, 12246.25, 11736.25, 12533.75
1479, 1, 41.494265, -86.323067, 134.79, 138.28, 8, 0.55, 2000, 2000, 1510, 15378.75, 12303.75, 11746.25, 12563.75
1480, 1, 41.494259, -86.323067, 137.06, 137.96, 8, -0.76, 2000, 2000, 1484, 15411.25, 12280.00, 11738.75, 12565.00
1481, 1, 41.494255, -86.323059, 139.54, 138.16, 8, -0.80, 2000, 2000, 1483, 15380.00, 12278.75, 11725.00, 12446.25
1482, 1, 41.494251, -86.323051, 138.93, 138.36, 8, -1.36, 2000, 2000, 1472, 15282.50, 12357.50, 11731.25, 12532.50
1484, 1, 41.494246, -86.323051, 136.19, 138.02, 8, -1.73, 2000, 2000, 1465, 15617.50, 12385.00, 11716.25, 12567.50
1485, 1, 41.494240, -86.323044, 137.07, 138.11, 8, -2.49, 2000, 2000, 1450, 16210.00, 12340.00, 11713.75, 12478.75
1486, 1, 41.494236, -86.323036, 139.17, 138.32, 8, -1.14, 2000, 2000, 1477, 15722.50, 12331.25, 11728.75, 12608.75
1487, 1, 41.494230, -86.323029, 140.11, 138.42, 8, -1.87, 2000, 2000, 1462, 15846.25, 12270.00, 11727.50, 12471.25
1488, 1, 41.494223, -86.323021, 140.40, 138.40, 8, -2.79, 2000, 2000, 1444, 15233.75, 12243.75, 11706.25, 12481.25
1489, 1, 41.494217, -86.323013, 141.04, 138.50, 8, -2.71, 2000, 2000, 1445, 15555.00, 12326.25, 11715.00, 12520.00
1490, 1, 41.494213, -86.323013, 139.84, 138.26, 8, -3.19, 2000, 2000, 1436, 16015.00, 12253.75, 11722.50, 12500.00
1491, 1, 41.494209, -86.323006, 142.22, 138.48, 8, -3.34, 2000, 2000, 1433, 15891.25, 12325.00, 11732.50, 12537.50
1492, 1, 41.494204, -86.322998, 140.09, 138.58, 8, -3.11, 2000, 2000, 1437, 15807.50, 12335.00, 11716.25, 12555.00
1493, 1, 41.494200, -86.322998, 139.50, 138.34, 8, -3.50, 2000, 2000, 1429, 16375.00, 12255.00, 11721.25, 12516.25
1494, 1, 41.494194, -86.322990, 139.48, 138.44, 8, -3.11, 2000, 2000, 1437, 16365.00, 12347.50, 11733.75, 12580.00
1495, 1, 41.494190, -86.322983, 138.56, 138.68, 8, -2.67, 2000, 2000, 1446, 16202.50, 12265.00, 11718.75, 12428.75
1496, 1, 41.494184, -86.322983, 139.52, 138.30, 8, -3.25, 2000, 2000, 1434, 15073.75, 12206.25, 11723.75, 12553.75
1498, 1, 41.494179, -86.322975, 138.26, 138.40, 8, -2.45, 2000, 2000, 1451, 15676.25, 12248.75, 11730.00, 12537.50
1499, 1, 41.494175, -86.322968, 138.26, 138.65, 8, -2.28, 2000, 2000, 1454, 15556.25, 12200.00, 11727.50, 12451.25
1500, 1, 41.494169, -86.322968, 139.75, 138.25, 8, -2.96, 2000, 2000, 1440, 16590.00, 12310.00, 11722.50, 12535.00
1501, 1, 41.494165, -86.322960, 139.80, 138.50, 8, -3.05, 2000, 2000, 1439, 15812.50, 12318.75, 11730.00, 12497.50
1502, 1, 41.494156, -86.322952, 141.04, 138.34, 8, -2.52, 2000, 2000, 1449, 16447.50, 12336.25, 11745.00, 12556.25
1503, 1, 41.494152, -86.322945, 140.40, 138.59, 8, -2.35, 2000, 2000, 1452, 15508.75, 12332.50, 11730.00, 12543.75
1504, 1, 41.494146, -86.322937, 138.91, 138.72, 8, -2.61, 2000, 2000, 1447, 15412.50, 12275.00, 11735.00, 12511.25
1505, 1, 41.494141, -86.322937, 140.06, 138.29, 8, -2.81, 2000, 2000, 1443, 15496.25, 12251.25, 11728.75, 12566.25
1506, 1, 41.494135, -86.322929, 139.17, 138.41, 8, -2.93, 2000, 2000, 1441, 14931.25, 12285.00, 11735.00, 12553.75
1507, 1, 41.494131, -86.322922, 137.06, 138.68, 8, -2.40, 2000, 2000, 1452, 15871.25, 12256.25, 11723.75, 12508.75
1508, 1, 41.494125, -86.322922, 139.14, 138.24, 8, -2.89, 2000, 2000, 1442, 15692.50, 12216.25, 11727.50, 12570.00
1509, 1, 41.494120, -86.322914, 137.98, 138.36, 8, -3.14, 2000, 2000, 1437, 15643.75, 12296.25, 11738.75, 12531.25
1510, 1, 41.494116, -86.322906, 138.61, 138.65, 8, -2.24, 2000, 2000, 1455, 15190.00, 12260.00, 11731.25, 12550.00
1511, 1, 41.494110, -86.322899, 137.98, 138.78, 8, -2.18, 2000, 2000, 1456, 15945.00, 12335.00, 11733.75, 12543.75
1512, 1, 41.494106, -86.322899, 140.06, 138.47, 8, -2.68, 2000, 2000, 1446, 15307.50, 12253.75, 11735.00, 12493.75
1514, 1, 41.494102, -86.322891, 139.21, 138.76, 8, -2.08, 2000, 2000, 1458, 15278.75, 12272.50, 11736.25, 12555.00
1515, 1, 41.494097, -86.322884, 140.14, 138.91, 8, -2.79, 2000, 2000, 1444, 15910.00, 12247.50, 11727.50, 12533.75
1516, 1, 41.494093, -86.322884, 139.73, 138.58, 8, -2.12, 2000, 2000, 1457, 16572.50, 12332.50, 11746.25, 12540.00
1517, 1, 41.494083, -86.322868, 137.98, 139.05, 8, -2.66, 2000, 2000, 1446, 16185.00, 12290.00, 11733.75, 12530.00
1518, 1, 41.494078, -86.322868, 137.67, 138.54, 8, -2.58, 2000, 2000, 1448, 15963.75, 12292.50, 11731.25, 12522.50
1519, 1, 41.494072, -86.322861, 137.67, 138.69, 8, -2.36, 2000, 2000, 1452, 16072.50, 12282.50, 11738.75, 12536.25
1520, 1, 41.494068, -86.322853, 135.18, 139.02, 8, -2.14, 2000, 2000, 1457, 16215.00, 12338.75, 11732.50, 12486.25
1521, 1, 41.494062, -86.322853, 139.17, 138.49, 8, -1.94, 2000, 2000, 1461, 16200.00, 12290.00, 11731.25, 12522.50
1522, 1, 41.494059, -86.322845, 136.73, 138.83, 8, -1.15, 2000, 2000, 1477, 15446.25, 12327.50, 11732.50, 12555.00
1523, 1, 41.494055, -86.322838, 136.12, 139.18, 8, -1.05, 2000, 2000, 1478, 15753.75, 12226.25, 11746.25, 12486.25
1524, 1, 41.494051, -86.322838, 140.09, 138.81, 8, -0.87, 2000, 2000, 1482, 16067.50, 12235.00, 11735.00, 12541.25
1525, 1, 41.494045, -86.322830, 136.14, 138.98, 8, -0.56, 2000, 2000, 1488, 16405.00, 12332.50, 11737.50, 12527.50
1526, 1, 41.494041, -86.322823, 138.58, 139.35, 8, -1.22, 2000, 2000, 1475, 15803.75, 12230.00, 11733.75, 12492.50
1527, 1, 41.494036, -86.322823, 137.36, 138.77, 8, -1.60, 2000, 2000, 1467, 16191.25, 12293.75, 11743.75, 12511.25
1529, 1, 41.494032, -86.322815, 137.67, 139.15, 8, -2.03, 2000, 2000, 1459, 15481.25, 12351.25, 11740.00, 12533.75
1530, 1, 41.494026, -86.322807, 137.67, 139.34, 8, -0.48, 2000, 2000, 1490, 15838.75, 12226.25, 11728.75, 12550.00
1531, 1, 41.494022, -86.322800, 137.67, 139.75, 8, -0.20, 2000, 2000, 1496, 16288.75, 12322.50, 11732.50, 12527.50
1532, 1, 41.494011, -86.322792, 135.88, 139.33, 8, -0.68, 2000, 2000, 1486, 15406.25, 12245.00, 11725.00, 12496.25
1533, 1, 41.494007, -86.322784, 137.67, 139.77, 8, -1.11, 2000, 2000, 1477, 15277.50, 12287.50, 11726.25, 12560.00
1534, 1, 41.494003, -86.322777, 138.59, 140.22, 8, -0.57, 2000, 2000, 1488, 15717.50, 12280.00, 11733.75, 12590.00
1535, 1, 41.493998, -86.322777, 139.84, 139.55, 8, -0.28, 2000, 2000, 1494, 16005.00, 12238.75, 11740.00, 12522.50
1536, 1, 41.493992, -86.322769, 140.69, 139.78, 8, -1.81, 2000, 2000, 1463, 16071.25, 12241.25, 11736.25, 12476.25
1537, 1, 41.493988, -86.322762, 142.71, 140.27, 8, -1.69, 2000, 2000, 1466, 15918.75, 12272.50, 11728.75, 12580.00
1538, 1, 41.493982, -86.322762, 140.91, 139.55, 8, -3.07, 2000, 2000, 1438, 15826.25, 12332.50, 11730.00, 12511.25
1539, 1, 41.493977, -86.322754, 142.93, 139.80, 8, -3.14, 2000, 2000, 1437, 15221.25, 12223.75, 11727.50, 12476.25
1540, 1, 41.493973, -86.322746, 140.19, 140.32, 8, -3.62, 2000, 2000, 1427, 15347.50, 12311.25, 11723.75, 12522.50
1541, 1, 41.493967, -86.322746, 142.93, 139.55, 8, -4.49, 2000, 2000, 1410, 15891.25, 12391.25, 11722.50, 12478.75
1542, 1, 41.493961, -86.322739, 141.89, 139.82, 8, -4.69, 2000, 2000, 1406, 15907.50, 12287.50, 11720.00, 12507.50
1543, 1, 41.493956, -86.322731, 143.55, 140.11, 8, -5.07, 2000, 2000, 1398, 16277.50, 12271.25, 11722.50, 12483.75
1545, 1, 41.493950, -86.322731, 140.66, 139.26, 8, -5.52, 2000, 2000, 1389, 15625.00, 12228.75, 11727.50, 12482.50
1546, 1, 41.493944, -86.322723, 143.09, 139.55, 8, -6.19, 2000, 2000, 1376, 16532.50, 12331.25, 11740.00, 12435.00
1547, 1, 41.493940, -86.322723, 144.29, 138.95, 8, -5.71, 2000, 2000, 1385, 16297.50, 12176.25, 11736.25, 12471.25
1548, 1, 41.493937, -86.322716, 143.27, 139.55, 8, -5.19, 2000, 2000, 1396, 16858.75, 12195.00, 11743.75, 12467.50
1549, 1, 41.493931, -86.322708, 139.48, 139.87, 8, -3.16, 2000, 2000, 1436, 16412.50, 12226.25, 11735.00, 12493.75
1550, 1, 41.493927, -86.322708, 136.14, 139.22, 8, 0.16, 2000, 2000, 1503, 16692.50, 12243.75, 11743.75, 12456.25
1551, 1, 41.493925, -86.322708, 133.41, 138.89, 8, 1.04, 2000, 2000, 1520, 16591.25, 12218.75, 11755.00, 12407.50
1552, 1, 41.493921, -86.322701, 129.35, 139.55, 8, 3.71, 2000, 2000, 1574, 16403.75, 12180.00, 11752.50, 12512.50
1553, 1, 41.493919, -86.322701, 126.11, 139.21, 8, 6.60, 2000, 2000, 1631, 16162.50, 12143.75, 11778.75, 12445.00
1554, 1, 41.493916, -86.322693, 126.46, 139.90, 8, 10.06, 2000, 2000, 1701, 16925.00, 12187.50, 11780.00, 12430.00
1555, 1, 41.493914, -86.322693, 125.98, 139.55, 8, 9.51, 2000, 2000, 1690, 16263.75, 12213.75, 11771.25, 12505.00
1556, 1, 41.493912, -86.322693, 125.15, 139.19, 8, 11.41, 2000, 2000, 1728, 16950.00, 12217.50, 11765.00, 12383.75
1557, 1, 41.493910, -86.322693, 124.93, 138.83, 8, 11.99, 2000, 2000, 1739, 17161.25, 12120.00, 11781.25, 12401.25
1558, 1, 41.493910, -86.322685, 121.70, 140.28, 8, 13.80, 2000, 2000, 1776, 16988.75, 12246.25, 11762.50, 12485.00
1559, 1, 41.493908, -86.322685, 124.65, 139.92, 8, 15.12, 2000, 2000, 1802, 16881.25, 12048.75, 11773.75, 12361.25
1561, 1, 41.493906, -86.322685, 122.12, 139.55, 8, 15.89, 2000, 2000, 1817, 16850.00, 12151.25, 11771.25, 12395.00
1562, 1, 41.493906, -86.322678, 121.62, 141.07, 8, 17.45, 2000, 2000, 1849, 17343.75, 12170.00, 11788.75, 12405.00
1563, 1, 41.493904, -86.322678, 122.50, 140.70, 8, 17.42, 2000, 2000, 1848, 10558.75, 12948.75, 11755.00, 13142.50
1564, 1, 41.493904, -86.322678, 123.31, 140.70, 8, 17.91, 2000, 2000, 1858, 17958.75, 12057.50, 11762.50, 12253.75
1565, 1, 41.493904, -86.322678, 123.76, 140.70, 8, 17.40, 2000, 2000, 1847, 16098.75, 12142.50, 11783.75, 12416.25
1566, 1, 41.493904, -86.322670, 124.79, 142.29, 8, 17.84, 2000, 2000, 1856, 17087.50, 12151.25, 11770.00, 12516.25
1567, 1, 41.493904, -86.322670, 122.71, 142.29, 8, 20.29, 2000, 2000, 1905, 16492.50, 12150.00, 11770.00, 12448.75
1568, 1, 41.493902, -86.322670, 126.46, 141.92, 8, 21.38, 2000, 2000, 1927, 16747.50, 12185.00, 11780.00, 12428.75
1569, 1, 41.493902, -86.322670, 123.39, 141.92, 8, 23.20, 2000, 2000, 1964, 16266.25, 12150.00, 11787.50, 12423.75
1570, 1, 41.493902, -86.322670, 121.74, 141.92, 8, 24.31, 2000, 2000, 1986, 16622.50, 12231.25, 11780.00, 12375.00
1571, 1, 41.493902, -86.322670, 120.16, 141.92, 8, 26.96, 2000, 2000, 2039, 16180.00, 12067.50, 11778.75, 12396.25
1572, 1, 41.493902, -86.322670, 120.56, 141.92, 8, 27.42, 2000, 2000, 2048, 15851.25, 12197.50, 11760.00, 12455.00
1573, 1, 41.493902, -86.322670, 118.21, 141.92, 8, 29.62, 2000, 2000, 2092, 16838.75, 12200.00, 11798.75, 12486.25
1574, 1, 41.493902, -86.322670, 119.21, 141.92, 8, 31.56, 2000, 2000, 2131, 17156.25, 12060.00, 11792.50, 12408.75
1575, 1, 41.493902, -86.322670, 116.59, 141.92, 8, 32.11, 2000, 2000, 2142, 17037.50, 12110.00, 11781.25, 12426.25
1577, 1, 41.493902, -86.322670, 115.39, 141.92, 8, 32.79, 2000, 2000, 2155, 9915.00, 13080.00, 11772.50, 13202.50
1578, 1, 41.493900, -86.322670, 119.75, 141.54, 8, 33.23, 2000, 2000, 2164, 9922.50, 13077.50, 11760.00, 13197.50
1579, 1, 41.493900, -86.322662, 119.78, 143.22, 8, 34.60, 2000, 2000, 2191, 9528.75, 13133.75, 11748.75, 13320.00
1580, 1, 41.493898, -86.322662, 123.76, 142.84, 8, 34.13, 2000, 2000, 2182, 9267.50, 13051.25, 11760.00, 13301.25
1581, 1, 41.493898, -86.322662, 122.91, 142.84, 8, 32.91, 2000, 2000, 2158, 10270.00, 13052.50, 11752.50, 13192.50
1582, 1, 41.493898, -86.322662, 128.49, 142.84, 8, 32.67, 2000, 2000, 2153, 10408.75, 12993.75, 11752.50, 13170.00
1583, 1, 41.493896, -86.322662, 127.79, 142.45, 8, 31.47, 2000, 2000, 2129, 9046.25, 13073.75, 11743.75, 13321.25
1584, 1, 41.493898, -86.322662, 126.34, 142.84, 8, 30.63, 2000, 2000, 2112, 8936.25, 13098.75, 11746.25, 13268.75
1585, 1, 41.493898, -86.322662, 132.69, 142.84, 8, 30.73, 2000, 2000, 2114, 8860.00, 13082.50, 11723.75, 13257.50
1586, 1, 41.493898, -86.322655, 135.28, 144.60, 8, 29.80, 2000, 2000, 2096, 10188.75, 13071.25, 11735.00, 13211.25
1587, 1, 41.493898, -86.322655, 134.94, 144.60, 8, 30.13, 2000, 2000, 2102, 12540.00, 12752.50, 11740.00, 12982.50
1588, 1, 41.493898, -86.322655, 139.54, 144.60, 8, 29.19, 2000, 2000, 2083, 9070.00, 13082.50, 11722.50, 13250.00
1589, 1, 41.493898, -86.322655, 137.07, 144.60, 8, 28.31, 2000, 2000, 2066, 9603.75, 13068.75, 11717.50, 13291.25
1590, 1, 41.493896, -86.322655, 136.81, 144.22, 8, 26.73, 2000, 2000, 2034, 9996.25, 12957.50, 11737.50, 13157.50
1591, 1, 41.493896, -86.322655, 142.44, 144.22, 8, 25.92, 2000, 2000, 2018, 17482.50, 12172.50, 11725.00, 12398.75
1592, 1, 41.493896, -86.322655, 141.83, 144.22, 8, 24.97, 2000, 2000, 1999, 17106.25, 12275.00, 11747.50, 12393.75
1594, 1, 41.493896, -86.322655, 142.88, 144.22, 8, 24.83, 2000, 2000, 1996, 16898.75, 12131.25, 11728.75, 12425.00
1595, 1, 41.493896, -86.322655, 147.20, 144.22, 8, 24.60, 2000, 2000, 1991, 16528.75, 12213.75, 11726.25, 12501.25
1596, 1, 41.493895, -86.322655, 144.58, 143.84, 8, 23.36, 2000, 2000, 1967, 16142.50, 12200.00, 11736.25, 12456.25
1597, 1, 41.493895, -86.322655, 144.81, 143.84, 8, 22.47, 2000, 2000, 1949, 17255.00, 12252.50, 11727.50, 12482.50
1598, 1, 41.493895, -86.322655, 144.29, 143.84, 8, 21.14, 2000, 2000, 1922, 16948.75, 12235.00, 11723.75, 12481.25
1599, 1, 41.493893, -86.322655, 146.16, 143.44, 8, 20.50, 2000, 2000, 1910, 16388.75, 12090.00, 11707.50, 12430.00
1600, 1, 41.493893, -86.322655, 145.22, 143.44, 8, 20.04, 2000, 2000, 1900, 16926.25, 12138.75, 11731.25, 12382.50
1601, 1, 41.493893, -86.322655, 149.00, 143.44, 8, 19.82, 2000, 2000, 1896, 16147.50, 12075.00, 11721.25, 12495.00
1602, 1, 41.493891, -86.322655, 148.77, 143.04, 8, 19.42, 2000, 2000, 1888, 15965.00, 12151.25, 11722.50, 12496.25
1603, 1, 41.493891, -86.322655, 148.27, 143.04, 8, 18.87, 2000, 2000, 1877, 16725.00, 12138.75, 11716.25, 12473.75
1604, 1, 41.493891, -86.322655, 146.16, 143.04, 8, 17.47, 2000, 2000, 1849, 16457.50, 12196.25, 11727.50, 12585.00
1605, 1, 41.493891, -86.322655, 151.00, 143.04, 8, 16.61, 2000, 2000, 1832, 16135.00, 12147.50, 11735.00, 12491.25
1606, 1, 41.493891, -86.322647, 150.51, 144.92, 8, 16.43, 2000, 2000, 1828, 17331.25, 12120.00, 11736.25, 12441.25
1607, 1, 41.493889, -86.322647, 156.71, 144.52, 8, 14.08, 2000, 2000, 1781, 16690.00, 12307.50, 11707.50, 12500.00
1609, 1, 41.493889, -86.322647, 157.09, 144.52, 8, 12.39, 2000, 2000, 1747, 16273.75, 12238.75, 11716.25, 12500.00
1610, 1, 41.493889, -86.322647, 158.40, 144.52, 8, 10.68, 2000, 2000, 1713, 16965.00, 12218.75, 11706.25, 12461.25
1611, 1, 41.493887, -86.322647, 160.98, 144.11, 8, 8.66, 2000, 2000, 1673, 16860.00, 12305.00, 11700.00, 12522.50
1612, 1, 41.493883, -86.322639, 160.91, 145.29, 8, 7.74, 2000, 2000, 1654, 16378.75, 12325.00, 11687.50, 12432.50
1613, 1, 41.493881, -86.322639, 161.30, 144.86, 8, 5.44, 2000, 2000, 1608, 16016.25, 12145.00, 11683.75, 12523.75
1614, 1, 41.493879, -86.322639, 162.91, 144.43, 8, 2.22, 2000, 2000, 1544, 17197.50, 12225.00, 11683.75, 12343.75
1615, 1, 41.493877, -86.322639, 168.58, 143.99, 8, 0.93, 2000, 2000, 1518, 17093.75, 12216.25, 11681.25, 12492.50
1616, 1, 41.493876, -86.322639, 166.88, 143.54, 8, -1.63, 2000, 2000, 1467, 17185.00, 12270.00, 11678.75, 12395.00
1617, 1, 41.493874, -86.322632, 166.83, 145.25, 8, -3.23, 2000, 2000, 1435, 16263.75, 12177.50, 11672.50, 12443.75
1618, 1, 41.493874, -86.322632, 168.27, 145.25, 8, -1.70, 2000, 2000, 1465, 15468.75, 12227.50, 11667.50, 12445.00
1619, 1, 41.493870, -86.322632, 166.37, 144.32, 8, -2.77, 2000, 2000, 1444, 16755.00, 12291.25, 11678.75, 12476.25
1620, 1, 41.493868, -86.322632, 164.67, 143.84, 8, -3.77, 2000, 2000, 1424, 16662.50, 12236.25, 11670.00, 12440.00
1621, 1, 41.493866, -86.322632, 165.77, 143.34, 8, -5.47, 2000, 2000, 1390, 16382.50, 12222.50, 11677.50, 12453.75
1622, 1, 41.493864, -86.322632, 162.20, 142.84, 8, -6.50, 2000, 2000, 1370, 15740.00, 12173.75, 11686.25, 12472.50
1624, 1, 41.493862, -86.322632, 165.73, 142.32, 8, -7.58, 2000, 2000, 1348, 16175.00, 12295.00, 11680.00, 12461.25
1625, 1, 41.493860, -86.322624, 165.08, 144.19, 8, -7.07, 2000, 2000, 1358, 16965.00, 12197.50, 11691.25, 12427.50
1626, 1, 41.493856, -86.322624, 164.95, 143.12, 8, -7.80, 2000, 2000, 1343, 15717.50, 12150.00, 11690.00, 12542.50
1627, 1, 41.493855, -86.322624, 166.37, 142.56, 8, -9.82, 2000, 2000, 1303, 16047.50, 12145.00, 11695.00, 12486.25
1628, 1, 41.493849, -86.322617, 164.81, 143.44, 8, -11.76, 2000, 2000, 1264, 16213.75, 12253.75, 11697.50, 12476.25
1629, 1, 41.493845, -86.322617, 165.33, 142.22, 9, -10.54, 2000, 2000, 1289, 16873.75, 12316.25, 11686.25, 12517.50
1630, 1, 41.493841, -86.322617, 164.28, 66.88, 9, -70.05, 1900, 2000, 500, 14537.50, 12338.75, 11693.75, 12681.25
1631, 1, 41.493839, -86.322617, 159.77, 66.63, 9, -71.27, 1725, 2000, 500, 10100.00, 12848.75, 11682.50, 13106.25
1632, 1, 41.493837, -86.322617, 156.88, 66.38, 9, -73.09, 1575, 2000, 500, 8850.00, 13058.75, 11705.00, 13271.25
1633, 1, 41.493835, -86.322617, 151.43, 66.14, 9, -74.95, 1500, 2000, 500, 9135.00, 13156.25, 11707.50, 13328.75
1634, 1, 41.493835, -86.322617, 150.64, 66.14, 9, -75.98, 1480, 2000, 500, 9416.25, 13126.25, 11713.75, 13283.75
1635, 1, 41.493835, -86.322617, 148.52, 66.14, 9, -78.28, 1434, 2000, 500, 9808.75, 13155.00, 11716.25, 13288.75
1636, 1, 41.493835, -86.322617, 146.91, 66.14, 9, -80.50, 1389, 2000, 500, 9041.25, 13220.00, 11725.00, 13343.75
1637, 1, 41.493835, -86.322617, 144.65, 66.14, 9, -82.51, 1349, 2000, 500, 9536.25, 13182.50, 11728.75, 13358.75
1638, 1, 41.493834, -86.322617, 145.99, 65.89, 9, -84.36, 1312, 2000, 500, 9721.25, 13103.75, 11738.75, 13337.50
1639, 1, 41.493834, -86.322617, 140.17, 65.89, 9, -86.82, 1263, 2000, 500, 10938.75, 13007.50, 11737.50, 13206.25
1640, 1, 41.493834, -86.322617, 136.77, 65.89, 9, -87.54, 1249, 2000, 500, 10728.75, 13060.00, 11735.00, 13192.50
1641, 1, 41.493834, -86.322617, 138.28, 65.89, 9, -89.03, 1219, 2000, 500, 9635.00, 13093.75, 11743.75, 13317.50
1643, 1, 41.493834, -86.322617, 134.94, 65.89, 9, -91.29, 1174, 2000, 500, 9287.50, 13212.50, 11733.75, 13366.25
1644, 1, 41.493834, -86.322617, 134.91, 65.89, 9, -93.18, 1136, 2000, 500, 8898.75, 13186.25, 11732.50, 13292.50
1645, 1, 41.493832, -86.322617, 135.50, 65.65, 9, -94.92, 1101, 2000, 500, 9642.50, 13175.00, 11743.75, 13332.50
1646, 1, 41.493832, -86.322617, 132.19, 65.65, 9, -97.39, 1052, 2000, 500, 16006.25, 12292.50, 11770.00, 12553.75
1647, 1, 41.493832, -86.322617, 130.12, 65.65, 9, -98.86, 1022, 2000, 500, 16657.50, 12107.50, 11761.25, 12388.75
1648, 1, 41.493832, -86.322617, 126.94, 65.65, 9, -100.00, 1000, 2000, 500, 16487.50, 12070.00, 11767.50, 12325.00
1649, 1, 41.493832, -86.322617, 129.87, 65.65, 9, -100.00, 1000, 2000, 500, 17011.25, 12280.00, 11765.00, 12347.50
1650, 1, 41.493834, -86.322617, 127.57, 65.89, 9, -100.00, 1000, 2000, 500, 17298.75, 12073.75, 11775.00, 12328.75
1651, 1, 41.493834, -86.322617, 123.03, 65.89, 9, -100.00, 1000, 2000, 500, 17648.75, 12163.75, 11771.25, 12452.50
1652, 1, 41.493834, -86.322617, 122.81, 65.89, 9, -100.00, 1000, 2000, 500, 9270.00, 13142.50, 11742.50, 13258.75
1653, 1, 41.493832, -86.322617, 122.50, 65.65, 9, -100.00, 1000, 2000, 500, 8583.75, 13176.25, 11751.25, 13417.50
1654, 1, 41.493832, -86.322617, 118.27, 65.65, 9, -100.00, 1000, 2000, 500, 9016.25, 13043.75, 11751.25, 13228.75
1655, 1, 41.493832, -86.322617, 118.44, 65.65, 9, -100.00, 1000, 2000, 500, 10120.00, 13128.75, 11770.00, 13227.50
1656, 1, 41.493832, -86.322617, 122.07, 65.65, 9, -100.00, 1000, 2000, 500, 16000.00, 12263.75, 11775.00, 12553.75
1657, 1, 41.493832, -86.322617, 120.74, 65.65, 9, -100.00, 1000, 2000, 500, 17843.75, 12172.50, 11782.50, 12372.50
1658, 1, 41.493832, -86.322617, 120.36, 65.65, 9, -100.00, 1000, 2000, 500, 9955.00, 13147.50, 11760.00, 13307.50
1660, 1, 41.493832, -86.322617, 118.41, 65.65, 9, -100.00, 1000, 2000, 500, 8863.75, 13155.00, 11748.75, 13335.00
1661, 1, 41.493832, -86.322617, 117.53, 65.65, 9, -100.00, 1000, 2000, 500, 9650.00, 13178.75, 11760.00, 13288.75
1662, 1, 41.493832, -86.322617, 117.60, 65.65, 9, -100.00, 1000, 2000, 500, 9971.25, 13103.75, 11757.50, 13295.00
1663, 1, 41.493832, -86.322617, 114.51, 65.65, 9, -100.00, 1000, 2000, 500, 9448.75, 13198.75, 11750.00, 13391.25
1664, 1, 41.493834, -86.322624, 114.44, 66.26, 9, -100.00, 1000, 2000, 500, 9383.75, 13186.25, 11751.25, 13292.50
1665, 1, 41.493834, -86.322624, 112.51, 66.26, 9, -100.00, 1000, 2000, 500, 8942.50, 13108.75, 11773.75, 13316.25
1666, 1, 41.493834, -86.322624, 109.14, 66.26, 9, -100.00, 1000, 2000, 500, 8820.00, 13142.50, 11762.50, 13327.50
1667, 1, 41.493834, -86.322624, 108.69, 66.26, 9, -100.00, 1000, 2000, 500, 10125.00, 13121.25, 11768.75, 13263.75
1668, 1, 41.493834, -86.322624, 106.46, 66.26, 9, -100.00, 1000, 2000, 500, 12095.00, 12686.25, 11766.25, 12898.75
1669, 1, 41.493834, -86.322624, 104.90, 66.26, 9, -100.00, 1000, 2000, 500, 12585.00, 12803.75, 11790.00, 13001.25
1670, 1, 41.493834, -86.322624, 98.78, 66.26, 9, -100.00, 1000, 2000, 500, 10746.25, 12928.75, 11780.00, 13127.50
1671, 1, 41.493834, -86.322624, 97.82, 66.26, 9, -100.00, 1000, 2000, 500, 12973.75, 12708.75, 11775.00, 12942.50
1672, 1, 41.493834, -86.322624, 92.62, 66.26, 9, -100.00, 1000, 2000, 500, 9798.75, 13181.25, 11780.00, 13356.25
1674, 1, 41.493834, -86.322624, 90.99, 66.26, 9, -100.00, 1000, 2000, 500, 8945.00, 13153.75, 11775.00, 13317.50
1675, 1, 41.493834, -86.322624, 88.63, 66.26, 9, -100.00, 1000, 2000, 500, 8662.50, 13145.00, 11788.75, 13345.00
1676, 1, 41.493835, -86.322624, 84.99, 66.50, 9, -100.00, 1000, 2000, 500, 17706.25, 12172.50, 11816.25, 12452.50
1677, 1, 41.493835, -86.322624, 81.87, 66.50, 9, -100.00, 1000, 2000, 500, 17176.25, 12130.00, 11798.75, 12396.25
1678, 1, 41.493835, -86.322624, 79.82, 66.50, 9, -100.00, 1000, 2000, 500, 16901.25, 12162.50, 11805.00, 12547.50
1679, 1, 41.493835, -86.322624, 76.49, 66.50, 9, -100.00, 1000, 2000, 500, 16592.50, 12231.25, 11795.00, 12441.25
1680, 1, 41.493835, -86.322624, 71.06, 66.50, 9, -100.00, 1000, 2000, 500, 17182.50, 12256.25, 11780.00, 12502.50
1681, 1, 41.493835, -86.322624, 69.75, 66.50, 9, -100.00, 1000, 2000, 500, 16916.25, 12253.75, 11771.25, 12496.25
1682, 1, 41.493835, -86.322632, 65.14, 66.86, 9, -100.00, 1000, 2000, 500, 16273.75, 12175.00, 11755.00, 12428.75
1683, 1, 41.493835, -86.322632, 64.33, 66.86, 9, -98.52, 1029, 2000, 500, 16588.75, 12361.25, 11752.50, 12590.00
1684, 1, 41.493835, -86.322632, 63.91, 66.86, 9, -97.98, 1040, 2000, 500, 16325.00, 12326.25, 11747.50, 12425.00
1686, 1, 41.493835, -86.322632, 65.64, 66.86, 9, -97.24, 1055, 2000, 500, 15536.25, 12233.75, 11767.50, 12566.25
1687, 1, 41.493835, -86.322632, 65.60, 66.86, 9, -99.05, 1019, 2000, 500, 16548.75, 12157.50, 11766.25, 12455.00
1688, 1, 41.493835, -86.322639, 67.76, 67.21, 9, -99.04, 1019, 2000, 500, 16380.00, 12235.00, 11768.75, 12486.25
1689, 1, 41.493835, -86.322639, 68.12, 67.21, 9, -100.00, 1000, 2000, 500, 16771.25, 12373.75, 11785.00, 12423.75
1690, 1, 41.493835, -86.322647, 68.10, 67.54, 9, -100.00, 1000, 2000, 500, 16806.25, 12215.00, 11782.50, 12487.50
1691, 1, 41.493835, -86.322647, 72.32, 67.54, 9, -100.00, 1000, 2000, 500, 16572.50, 12200.00, 11768.75, 12417.50
1692, 1, 41.493834, -86.322647, 70.04, 67.31, 9, -100.00, 1000, 2000, 500, 16050.00, 12275.00, 11786.25, 12457.50
1693, 1, 41.493834, -86.322647, 72.93, 67.31, 9, -100.00, 1000, 2000, 500, 17150.00, 12132.50, 11775.00, 12457.50
1694, 1, 41.493832, -86.322647, 73.25, 67.07, 9, -100.00, 1000, 2000, 500, 15873.75, 12195.00, 11785.00, 12490.00
1695, 1, 41.493832, -86.322655, 72.71, 67.41, 9, -100.00, 1000, 2000, 500, 8706.25, 13077.50, 11763.75, 13273.75
1696, 1, 41.493830, -86.322655, 71.06, 67.18, 9, -100.00, 1000, 2000, 500, 10218.75, 12913.75, 11763.75, 13177.50
1697, 1, 41.493830, -86.322655, 71.06, 67.18, 9, -100.00, 1000, 2000, 500, 8681.25, 13180.00, 11770.00, 13343.75
1698, 1, 41.493830, -86.322655, 68.65, 67.18, 9, -100.00, 1000, 2000, 500, 8672.50, 13148.75, 11757.50, 13355.00
1699, 1, 41.493830, -86.322662, 67.94, 67.50, 9, -100.00, 1000, 2000, 500, 18323.75, 12093.75, 11770.00, 12291.25
1701, 1, 41.493830, -86.322662, 67.07, 67.50, 9, -98.77, 1024, 2000, 500, 8608.75, 13217.50, 11745.00, 13378.75
1702, 1, 41.493830, -86.322662, 64.62, 67.50, 9, -97.90, 1042, 2000, 500, 8240.00, 13331.25, 11732.50, 13435.00
1703, 1, 41.493830, -86.322662, 61.54, 67.50, 9, -96.41, 1071, 2000, 500, 15485.00, 12267.50, 11755.00, 12583.75
1704, 1, 41.493830, -86.322670, 62.89, 67.82, 9, -96.55, 1068, 2000, 500, 15996.25, 12283.75, 11738.75, 12530.00
1705, 1, 41.493830, -86.322670, 62.21, 67.82, 9, -94.28, 1114, 2000, 500, 14696.25, 12332.50, 11746.25, 12653.75
1706, 1, 41.493830, -86.322670, 59.20, 67.82, 9, -94.11, 1117, 2000, 500, 14822.50, 12480.00, 11742.50, 12761.25
1707, 1, 41.493830, -86.322670, 62.51, 67.82, 9, -93.76, 1124, 2000, 500, 13712.50, 12500.00, 11746.25, 12750.00
1708, 1, 41.493830, -86.322670, 60.71, 67.82, 9, -93.71, 1125, 2000, 500, 13846.25, 12641.25, 11737.50, 12745.00
1709, 1, 41.493830, -86.322678, 61.29, 68.13, 9, -93.68, 1126, 2000, 500, 13678.75, 12426.25, 11745.00, 12655.00
1710, 1, 41.493830, -86.322678, 61.22, 68.13, 9, -92.63, 1147, 2000, 500, 13657.50, 12552.50, 11728.75, 12807.50
1711, 1, 41.493830, -86.322678, 62.33, 68.13, 9, -92.69, 1146, 2000, 500, 14198.75, 12487.50, 11746.25, 12782.50
1712, 1, 41.493830, -86.322678, 61.97, 68.13, 9, -93.69, 1126, 2000, 500, 11157.50, 12905.00, 11736.25, 13096.25
1713, 1, 41.493832, -86.322678, 62.98, 68.35, 9, -92.92, 1141, 2000, 500, 9941.25, 13132.50, 11733.75, 13191.25
1714, 1, 41.493832, -86.322678, 64.18, 68.35, 9, -94.05, 1118, 2000, 500, 10827.50, 12966.25, 11741.25, 13167.50
1715, 1, 41.493832, -86.322678, 65.75, 68.35, 9, -93.49, 1130, 2000, 500, 10216.25, 12990.00, 11737.50, 13175.00
1716, 1, 41.493832, -86.322678, 66.27, 68.35, 9, -94.69, 1106, 2000, 500, 10131.25, 12952.50, 11737.50, 13148.75
1718, 1, 41.493832, -86.322685, 66.43, 68.65, 9, -94.06, 1118, 2000, 500, 3867.50, 13716.25, 11717.50, 13902.50
1719, 1, 41.493834, -86.322685, 66.10, 68.87, 9, -93.32, 1133, 2000, 500, 1220.00, 14131.25, 11693.75, 14256.25
1720, 1, 41.493834, -86.322685, 65.15, 68.87, 9, -93.75, 1125, 2000, 500, 9573.75, 13343.75, 11743.75, 13721.25
1721, 1, 41.493834, -86.322685, 64.82, 68.87, 9, -94.83, 1103, 2000, 500, 791.25, 14207.50, 11687.50, 14318.75
1722, 1, 41.493834, -86.322685, 63.16, 68.87, 9, -92.33, 1153, 2000, 500, 812.50, 14210.00, 11683.75, 14326.25
1723, 1, 41.493834, -86.322685, 63.43, 68.87, 9, -91.52, 1169, 2000, 500, 5516.25, 13603.75, 11705.00, 13783.75
1724, 1, 41.493832, -86.322685, 61.10, 68.65, 9, -89.63, 1207, 2000, 500, 10158.75, 13068.75, 11717.50, 13347.50
1725, 1, 41.493832, -86.322685, 60.83, 68.65, 9, -88.47, 1230, 2000, 500, 10250.00, 13138.75, 11718.75, 13245.00
1726, 1, 41.493832, -86.322685, 61.13, 68.65, 9, -87.59, 1248, 2000, 500, 663.75, 14218.75, 11670.00, 14335.00
1727, 1, 41.493832, -86.322685, 58.71, 68.65, 9, -86.91, 1261, 2000, 500, 631.25, 14236.25, 11662.50, 14348.75
1728, 1, 41.493832, -86.322685, 56.19, 68.65, 9, -85.95, 1281, 2000, 500, 442.50, 14265.00, 11663.75, 14377.50
1729, 1, 41.493832, -86.322685, 57.45, 68.65, 9, -87.12, 1257, 2000, 500, 1693.75, 14073.75, 11677.50, 14200.00
1730, 1, 41.493832, -86.322685, 55.48, 68.65, 9, -85.44, 1291, 2000, 500, 380.00, 14273.75, 11638.75, 14385.00
1731, 1, 41.493832, -86.322685, 55.97, 68.65, 9, -82.94, 1341, 2000, 500, 488.75, 14267.50, 11632.50, 14381.25
1732, 1, 41.493832, -86.322685, 55.20, 68.65, 9, -82.37, 1352, 2000, 500, 496.25, 14270.00, 11627.50, 14382.50
1733, 1, 41.493834, -86.322685, 55.08, 68.87, 9, -80.35, 1367, 2000, 500, 705.00, 14243.75, 11622.50, 14362.50
1734, 1, 41.493834, -86.322685, 54.43, 68.87, 9, -79.89, 1374, 2000, 500, 827.50, 13242.50, 8.75, 13247.50
1736, 1, 41.493835, -86.322685, 53.52, 69.09, 9, -78.10, 1437, 2000, 500, 168.75, 14315.00, 11622.50, 14423.75
1737, 1, 41.493837, -86.322685, 51.66, 69.31, 9, -76.84, 1463, 2000, 500, 108.75, 13338.75, 8.75, 13333.75
1738, 1, 41.493837, -86.322685, 61.72, 69.31, 9, -76.36, 1472, 2000, 500, 225.00, 14315.00, 11616.25, 14418.75
1739, 1, 41.493837, -86.322685, 50.70, 69.31, 9, -75.95, 1481, 2000, 500, 142.50, 13740.00, 3173.75, 14292.50
1740, 1, 41.493837, -86.322685, 48.46, 69.31, 9, -74.61, 1509, 2000, 500, 178.75, 14326.25, 11598.75, 14436.25
1741, 1, 41.493837, -86.322685, 48.22, 69.31, 9, -73.23, 1535, 2000, 500, 180.00, 14330.00, 11595.00, 14440.00
1742, 1, 41.493837, -86.322685, 48.22, 69.31, 9, -70.16, 1596, 2000, 500, 522.50, 14288.75, 11597.50, 14402.50
1743, 1, 41.493835, -86.322685, 45.81, 69.09, 9, -73.21, 1537, 2000, 500, 305.00, 14318.75, 11577.50, 14431.25
1744, 1, 41.493834, -86.322685, 48.73, 68.87, 9, -67.33, 1653, 2000, 500, 306.25, 14321.25, 11577.50, 14433.75
1745, 1, 41.493834, -86.322685, 45.68, 68.87, 9, -69.22, 1615, 2000, 500, 312.50, 14321.25, 11560.00, 14433.75
1746, 1, 41.493832, -86.322685, 44.09, 68.65, 9, -65.71, 1685, 2000, 500, 918.75, 14252.50, 11573.75, 14366.25
1747, 1, 41.493832, -86.322685, 42.65, 68.65, 9, -64.96, 1700, 2000, 500, 315.00, 14326.25, 11550.00, 14437.50
1748, 1, 41.493832, -86.322685, 42.26, 68.65, 9, -60.94, 1781, 2000, 500, 541.25, 14297.50, 11536.25, 14411.25
1749, 1, 41.493832, -86.322685, 41.73, 68.65, 9, -60.33, 1788, 2000, 500, 525.00, 14303.75, 11533.75, 14415.00
1750, 1, 41.493832, -86.322685, 40.36, 68.65, 9, -57.35, 1853, 2000, 500, 3343.75, 13995.00, 11546.25, 14130.00
1751, 1, 41.493832, -86.322685, 38.61, 68.65, 9, -54.83, 1903, 2000, 500, 305.00, 14323.75, 11515.00, 14436.25
1752, 1, 41.493832, -86.322685, 36.65, 68.65, 9, -52.28, 1954, 2000, 500, 310.00, 14326.25, 11496.25, 14438.75
1754, 1, 41.493832, -86.322685, 37.00, 68.65, 9, -51.08, 1978, 2000, 500, 7935.00, 13500.00, 11523.75, 13632.50
1755, 1, 41.493832, -86.322685, 36.56, 68.65, 9, -49.11, 2000, 2000, 517, 10595.00, 13161.25, 11520.00, 13233.75
1756, 1, 41.493832, -86.322685, 34.09, 68.65, 9, -45.82, 2000, 2000, 583, 9977.50, 13135.00, 11515.00, 13353.75
1757, 1, 41.493832, -86.322685, 31.92, 68.65, 9, -43.03, 2000, 2000, 639, 10318.75, 13167.50, 11493.75, 13256.25
1758, 1, 41.493832, -86.322685, 30.67, 68.65, 9, -40.80, 2000, 2000, 684, 10478.75, 13147.50, 11478.75, 13236.25
1759, 1, 41.493832, -86.322685, 28.91, 68.65, 9, -39.11, 2000, 2000, 717, 10493.75, 13017.50, 11480.00, 13211.25
1760, 1, 41.493832, -86.322685, 27.27, 68.65, 9, -36.77, 2000, 2000, 764, 305.00, 14306.25, 11412.50, 14417.50
1761, 1, 41.493832, -86.322685, 27.84, 68.65, 9, -33.24, 2000, 2000, 835, 355.00, 14306.25, 11403.75, 14417.50
1762, 1, 41.493832, -86.322685, 26.86, 68.65, 9, -31.80, 2000, 2000, 864, 3230.00, 13953.75, 11416.25, 14088.75
1763, 1, 41.493832, -86.322685, 25.21, 68.65, 9, -29.18, 2000, 2000, 916, 170.00, 14330.00, 11387.50, 14441.25
1764, 1, 41.493830, -86.322685, 24.70, 68.43, 9, -26.94, 2000, 2000, 961, 382.50, 14312.50, 11390.00, 14422.50
1766, 1, 41.493830, -86.322685, 25.17, 68.43, 9, -24.86, 2000, 2000, 1002, 155.00, 14342.50, 11378.75, 14450.00
1767, 1, 41.493830, -86.322685, 31.94, 68.43, 9, -22.96, 2000, 2000, 1040, -407.50, 13378.75, 7.50, 13373.75
1768, 1, 41.493830, -86.322685, 28.54, 68.43, 9, -21.13, 2000, 2000, 1077, -1817.50, 13403.75, 8.75, 13373.75
1769, 1, 41.493828, -86.322685, 24.48, 68.21, 9, -21.23, 2000, 2000, 1075, 131.25, 13975.00, 9915.00, 14405.00
1770, 1, 41.493828, -86.322685, 24.59, 68.21, 9, -18.41, 2000, 2000, 1131, 153.75, 14346.25, 11367.50, 14455.00
1771, 1, 41.493828, -86.322685, 24.35, 68.21, 9, -16.11, 2000, 2000, 1177, 236.25, 14340.00, 11371.25, 14448.75
1772, 1, 41.493828, -86.322685, 25.56, 68.21, 9, -14.79, 2000, 2000, 1204, 158.75, 14351.25, 11378.75, 14461.25
1773, 1, 41.493826, -86.322685, 21.68, 67.99, 9, -12.98, 2000, 2000, 1240, 158.75, 14356.25, 11371.25, 14463.75
1774, 1, 41.493826, -86.322685, 22.91, 67.99, 9, -10.98, 2000, 2000, 1280, 141.25, 14358.75, 11366.25, 14468.75
1775, 1, 41.493826, -86.322685, 24.64, 67.99, 9, -10.16, 2000, 2000, 1296, 160.00, 14358.75, 11360.00, 14468.75
1776, 1, 41.493826, -86.322685, 24.64, 67.99, 9, -6.36, 2000, 2000, 1372, 150.00, 14362.50, 11360.00, 14471.25
1777, 1, 41.493826, -86.322685, 22.45, 67.99, 9, -5.29, 2000, 2000, 1394, 145.00, 14362.50, 11343.75, 14470.00
1778, 1, 41.493826, -86.322685, 22.67, 67.99, 9, -1.76, 2000, 2000, 1464, 226.25, 14357.50, 11346.25, 14467.50
1779, 1, 41.493828, -86.322685, 22.39, 68.21, 9, 0.63, 2000, 2000, 1512, 163.75, 14367.50, 11355.00, 14478.75
1780, 1, 41.493828, -86.322685, 23.29, 68.21, 9, 2.75, 2000, 2000, 1554, 212.50, 14365.00, 11340.00, 14477.50
1782, 1, 41.493828, -86.322685, 22.36, 68.21, 9, 4.40, 2000, 2000, 1588, 157.50, 14373.75, 11350.00, 14481.25
1783, 1, 41.493830, -86.322685, 29.84, 68.43, 9, 6.84, 2000, 2000, 1636, -1908.75, 13436.25, 8.75, 13388.75
1784, 1, 41.493830, -86.322685, 28.88, 68.43, 9, 8.40, 2000, 2000, 1667, 157.50, 14367.50, 11338.75, 13995.00
1785, 1, 41.493830, -86.322685, 24.30, 68.43, 9, 9.31, 2000, 2000, 1686, -125.00, 13395.00, 7.50, 13387.50
1786, 1, 41.493828, -86.322685, 26.38, 68.21, 9, 13.12, 2000, 2000, 1762, 218.75, 14366.25, 11347.50, 14476.25
1787, 1, 41.493830, -86.322685, 29.06, 68.43, 9, 12.91, 2000, 2000, 1758, 165.00, 13657.50, 8.75, 13417.50
1788, 1, 41.493830, -86.322685, 22.38, 68.43, 9, 15.94, 2000, 2000, 1818, 226.25, 14372.50, 11338.75, 14480.00
1789, 1, 41.493828, -86.322685, 20.61, 68.21, 9, 17.26, 2000, 2000, 1845, 160.00, 14383.75, 11331.25, 14492.50
1790, 1, 41.493828, -86.322685, 20.80, 68.21, 9, 18.67, 2000, 2000, 1873, 160.00, 14386.25, 11322.50, 14493.75
1791, 1, 41.493828, -86.322685, 22.67, 68.21, 9, 20.63, 2000, 2000, 1912, 153.75, 14388.75, 11325.00, 14497.50
1792, 1, 41.493828, -86.322685, 20.01, 68.21, 9, 23.16, 2000, 2000, 1963, 137.50, 14395.00, 11327.50, 14503.75
1793, 1, 41.493830, -86.322678, 22.97, 68.13, 9, 22.93, 2000, 2000, 1958, 160.00, 14397.50, 11336.25, 14505.00
1794, 1, 41.493830, -86.322678, 21.10, 68.13, 9, 26.99, 2000, 2000, 2039, 221.25, 14393.75, 11327.50, 14503.75
1795, 1, 41.493830, -86.322678, 21.49, 68.13, 9, 29.31, 2000, 2000, 2086, 158.75, 14402.50, 11327.50, 14511.25
1796, 1, 41.493830, -86.322678, 21.59, 68.13, 9, 30.22, 2000, 2000, 2104, 213.75, 14397.50, 11331.25, 14506.25
1798, 1, 41.493830, -86.322678, 21.49, 68.13, 9, 33.44, 2000, 2000, 2168, 213.75, 14402.50, 11333.75, 14510.00
1799, 1, 41.493830, -86.322678, 23.48, 68.13, 9, 35.76, 2000, 2000, 2215, 222.50, 14127.50, 11323.75, 14507.50
1800, 1, 41.493830, -86.322678, 22.28, 68.13, 9, 37.00, 2000, 2000, 2239, 320.00, 14390.00, 11320.00, 14502.50
1801, 1, 41.493830, -86.322678, 21.39, 68.13, 9, 38.18, 2000, 2000, 2263, 266.25, 14398.75, 11337.50, 14511.25
1802, 1, 41.493828, -86.322685, 26.91, 68.21, 9, 40.60, 2000, 2000, 2311, 131.25, 13398.75, 8.75, 13401.25
1803, 1, 41.493828, -86.322678, 20.22, 67.91, 9, 42.71, 2000, 2000, 2354, 171.25, 14407.50, 11316.25, 14518.75
1804, 1, 41.493828, -86.322678, 21.68, 67.91, 9, 43.48, 2000, 2000, 2369, 176.25, 14413.75, 11310.00, 14523.75
1805, 1, 41.493828, -86.322678, 21.89, 67.91, 9, 45.31, 2000, 2000, 2406, 161.25, 14420.00, 11315.00, 14527.50
1806, 1, 41.493828, -86.322678, 22.16, 67.91, 9, 47.63, 2000, 2000, 2452, 160.00, 14423.75, 11327.50, 14531.25
1807, 1, 41.493830, -86.322678, 22.07, 68.13, 9, 49.60, 2000, 2000, 2492, 158.75, 14425.00, 11323.75, 14535.00
1808, 1, 41.493830, -86.322678, 21.39, 68.13, 9, 51.64, 2000, 1967, 2500, 158.75, 14426.25, 11317.50, 14535.00
1809, 1, 41.493830, -86.322678, 22.19, 68.13, 9, 52.35, 2000, 1953, 2500, 161.25, 14428.75, 11320.00, 14537.50
1810, 1, 41.493830, -86.322678, 20.33, 68.13, 9, 55.48, 2000, 1890, 2500, 161.25, 14430.00, 11327.50, 14540.00
1811, 1, 41.493830, -86.322678, 22.08, 68.13, 9, 57.32, 2000, 1853, 2500, 156.25, 14433.75, 11327.50, 14541.25
1812, 1, 41.493830, -86.322685, 22.65, 68.43, 9, 59.81, 2000, 1803, 2500, 158.75, 14433.75, 11323.75, 14542.50
1813, 1, 41.493830, -86.322685, 22.97, 68.43, 9, 61.23, 2000, 1775, 2500, 160.00, 14436.25, 11326.25, 14543.75
1815, 1, 41.493830, -86.322685, 23.95, 68.43, 9, 63.31, 2000, 1733, 2500, -1567.50, 13503.75, 7.50, 13417.50
1816, 1, 41.493830, -86.322685, 26.91, 68.43, 9, 64.55, 2000, 1708, 2500, 106.25, 13416.25, 8.75, 13408.75
1817, 1, 41.493830, -86.322685, 30.91, 68.43, 9, 67.17, 2000, 1656, 2500, 161.25, 13842.50, 11081.25, 14500.00
1818, 1, 41.493830, -86.322685, 31.87, 68.43, 9, 68.26, 2000, 1634, 2500, 156.25, 13408.75, 7.50, 13406.25
1819, 1, 41.493830, -86.322685, 31.73, 68.43, 9, 69.71, 2000, 1605, 2500, 166.25, 14432.50, 11322.50, 14542.50
1820, 1, 41.493830, -86.322685, 25.34, 68.43, 9, 71.85, 2000, 1563, 2500, 247.50, 14427.50, 11338.75, 14542.50
1821, 1, 41.493830, -86.322685, 24.40, 68.43, 9, 72.17, 2000, 1556, 2500, 172.50, 14437.50, 11333.75, 14548.75
1822, 1, 41.493830, -86.322685, 24.04, 68.43, 9, 73.29, 2000, 1534, 2500, 157.50, 14443.75, 11342.50, 14552.50
1823, 1, 41.493832, -86.322685, 23.55, 68.65, 9, 74.49, 2000, 1510, 2500, 158.75, 14445.00, 11338.75, 14553.75
1824, 1, 41.493832, -86.322678, 22.59, 68.35, 9, 75.78, 2000, 1484, 2500, 178.75, 14443.75, 11338.75, 14553.75
1825, 1, 41.493832, -86.322678, 23.37, 68.35, 9, 76.72, 2000, 1460, 2500, 298.75, 14430.00, 11343.75, 14538.75
1826, 1, 41.493832, -86.322678, 22.19, 68.35, 9, 81.46, 2000, 1370, 2500, 1407.50, 14286.25, 11346.25, 14397.50
1827, 1, 41.493832, -86.322678, 23.26, 68.35, 9, 83.89, 2000, 1322, 2500, 1815.00, 14245.00, 11362.50, 14378.75
1828, 1, 41.493830, -86.322678, 23.55, 68.13, 9, 83.63, 2000, 1327, 2500, 307.50, 14432.50, 11350.00, 14542.50
1829, 1, 41.493830, -86.322678, 24.76, 68.13, 9, 86.29, 2000, 1274, 2500, 1652.50, 14256.25, 11357.50, 14385.00
1830, 1, 41.493830, -86.322678, 27.69, 68.13, 9, 88.50, 2000, 1238, 2500, 2108.75, 14200.00, 11353.75, 14332.50
1832, 1, 41.493830, -86.322685, 24.93, 68.43, 9, 89.63, 2000, 1233, 2500, 561.25, 14401.25, 11348.75, 14513.75
1833, 1, 41.493830, -86.322685, 25.05, 68.43, 9, 92.14, 2000, 1157, 2500, -1512.50, 13453.75, 10.00, 13387.50
1834, 1, 41.493830, -86.322685, 33.69, 68.43, 9, 93.51, 2000, 1129, 2500, 700.00, 14396.25, 11350.00, 14503.75
1835, 1, 41.493830, -86.322685, 31.73, 68.43, 9, 95.18, 2000, 1097, 2500, 485.00, 13353.75, 7.50, 13367.50
1836, 1, 41.493830, -86.322685, 27.88, 68.43, 9, 94.39, 2000, 1089, 2500, 178.75, 14445.00, 11345.00, 14555.00
1837, 1, 41.493830, -86.322685, 25.91, 68.43, 9, 98.51, 2000, 1029, 2500, 11071.25, 12952.50, 11381.25, 13212.50
1838, 1, 41.493830, -86.322685, 26.16, 68.43, 9, 99.99, 2000, 1000, 2500, 9707.50, 13026.25, 11403.75, 13267.50
1839, 1, 41.493830, -86.322685, 26.20, 68.43, 9, 100.00, 2000, 1000, 2500, 10780.00, 13127.50, 11408.75, 13397.50
1840, 1, 41.493830, -86.322685, 27.24, 68.43, 9, 100.00, 2000, 1000, 2500, 10712.50, 13192.50, 11406.25, 13363.75
1841, 1, 41.493830, -86.322685, 27.65, 68.43, 9, 100.00, 2000, 1000, 2500, 9263.75, 13127.50, 11421.25, 13355.00
1842, 1, 41.493830, -86.322685, 28.28, 68.43, 9, 100.00, 2000, 1000, 2500, 10095.00, 13258.75, 11421.25, 13316.25
1843, 1, 41.493828, -86.322685, 29.81, 68.21, 9, 100.00, 2000, 1000, 2500, 9847.50, 13098.75, 11432.50, 13291.25
1844, 1, 41.493830, -86.322685, 26.24, 68.43, 9, 100.00, 2000, 1000, 2500, 10330.00, 13158.75, 11433.75, 13281.25
1845, 1, 41.493828, -86.322685, 27.32, 68.21, 9, 100.00, 2000, 1000, 2500, 10298.75, 13162.50, 11425.00, 13296.25
1846, 1, 41.493830, -86.322685, 27.96, 68.43, 9, 100.00, 2000, 1000, 2500, 9865.00, 13176.25, 11427.50, 13351.25
1847, 1, 41.493830, -86.322685, 26.77, 68.43, 9, 100.00, 2000, 1000, 2500, 9927.50, 13195.00, 11420.00, 13407.50
1849, 1, 41.493830, -86.322693, 28.11, 68.72, 9, 100.00, 2000, 1000, 2500, 9491.25, 13143.75, 11411.25, 13397.50
1850, 1, 41.493830, -86.322693, 26.03, 68.72, 9, 100.00, 2000, 1000, 2500, 10136.25, 13212.50, 11402.50, 13395.00
1851, 1, 41.493830, -86.322693, 26.70, 68.72, 9, 100.00, 2000, 1000, 2500, 10381.25, 13132.50, 11408.75, 13367.50
1852, 1, 41.493828, -86.322693, 25.17, 68.50, 9, 100.00, 2000, 1000, 2500, 9396.25, 13100.00, 11416.25, 13306.25
1853, 1, 41.493828, -86.322693, 25.53, 68.50, 9, 100.00, 2000, 1000, 2500, 10201.25, 13141.25, 11416.25, 13327.50
1854, 1, 41.493828, -86.322693, 26.66, 68.50, 9, 100.00, 2000, 1000, 2500, 9742.50, 13177.50, 11390.00, 13355.00
1855, 1, 41.493828, -86.322693, 25.11, 68.50, 9, 100.00, 2000, 1000, 2500, 10255.00, 13136.25, 11405.00, 13403.75
1856, 1, 41.493828, -86.322693, 25.51, 68.50, 9, 100.00, 2000, 1000, 2500, 10151.25, 13116.25, 11393.75, 13301.25
1857, 1, 41.493830, -86.322693, 26.41, 68.72, 9, 100.00, 2000, 1000, 2500, 9216.25, 13126.25, 11403.75, 13367.50
1858, 1, 41.493830, -86.322693, 23.99, 68.72, 9, 100.00, 2000, 1000, 2500, 10233.75, 13103.75, 11407.50, 13290.00
1859, 1, 41.493830, -86.322693, 25.91, 68.72, 9, 100.00, 2000, 1000, 2500, 9410.00, 13123.75, 11405.00, 13308.75
1860, 1, 41.493832, -86.322693, 24.94, 68.94, 9, 100.00, 2000, 1000, 2500, 9981.25, 13240.00, 11398.75, 13392.50
1861, 1, 41.493832, -86.322693, 24.82, 68.94, 9, 100.00, 2000, 1000, 2500, 9431.25, 13297.50, 11400.00, 13382.50
1862, 1, 41.493832, -86.322693, 25.17, 68.94, 9, 100.00, 2000, 1000, 2500, 9972.50, 13125.00, 11407.50, 13322.50
1863, 1, 41.493832, -86.322693, 27.02, 68.94, 9, 100.00, 2000, 1000, 2500, 9973.75, 13132.50, 11405.00, 13420.00
1865, 1, 41.493832, -86.322693, 25.58, 68.94, 9, 100.00, 2000, 1000, 2500, 9950.00, 13135.00, 11422.50, 13388.75
1866, 1, 41.493832, -86.322693, 26.20, 68.94, 9, 100.00, 2000, 1000, 2500, 9878.75, 13147.50, 11437.50, 13331.25
1867, 1, 41.493834, -86.322693, 25.48, 69.16, 9, 100.00, 2000, 1000, 2500, 9003.75, 13146.25, 11431.25, 13372.50
1868, 1, 41.493834, -86.322693, 29.09, 69.16, 9, 100.00, 2000, 1000, 2500, 8986.25, 13143.75, 11416.25, 13321.25
1869, 1, 41.493832, -86.322693, 27.53, 68.94, 9, 100.00, 2000, 1000, 2500, 9023.75, 13148.75, 11426.25, 13348.75
1870, 1, 41.493832, -86.322693, 28.39, 68.94, 9, 100.00, 2000, 1000, 2500, 9480.00, 13156.25, 11423.75, 13381.25
1871, 1, 41.493832, -86.322693, 27.53, 68.94, 9, 100.00, 2000, 1000, 2500, 9501.25, 13225.00, 11433.75, 13336.25
1872, 1, 41.493832, -86.322693, 27.96, 68.94, 9, 100.00, 2000, 1000, 2500, 8971.25, 13161.25, 11438.75, 13340.00
1873, 1, 41.493832, -86.322693, 28.28, 68.94, 9, 100.00, 2000, 1000, 2500, 9081.25, 13190.00, 11443.75, 13337.50
1874, 1, 41.493832, -86.322693, 29.52, 68.94, 9, 100.00, 2000, 1000, 2500, 9623.75, 13158.75, 11443.75, 13342.50
1875, 1, 41.493832, -86.322693, 29.11, 68.94, 9, 100.00, 2000, 1000, 2500, 9687.50, 13167.50, 11436.25, 13402.50
1876, 1, 41.493830, -86.322693, 28.41, 68.72, 9, 100.00, 2000, 1000, 2500, 9722.50, 13257.50, 11438.75, 13376.25
1877, 1, 41.493830, -86.322693, 31.09, 68.72, 9, 100.00, 2000, 1000, 2500, 9640.00, 13195.00, 11441.25, 13423.75
1878, 1, 41.493830, -86.322693, 28.97, 68.72, 9, 100.00, 2000, 1000, 2500, 9641.25, 13268.75, 11448.75, 13357.50
1880, 1, 41.493830, -86.322693, 28.13, 68.72, 9, 100.00, 2000, 1000, 2500, 9517.50, 13190.00, 11442.50, 13386.25
1881, 1, 41.493830, -86.322693, 29.81, 68.72, 9, 100.00, 2000, 1000, 2500, 8838.75, 13180.00, 11436.25, 13366.25
1882, 1, 41.493830, -86.322693, 28.35, 68.72, 9, 100.00, 2000, 1000, 2500, 9203.75, 13180.00, 11427.50, 13361.25
1883, 1, 41.493830, -86.322685, 27.40, 68.43, 9, 100.00, 2000, 1000, 2500, 9596.25, 13173.75, 11427.50, 13360.00
1884, 1, 41.493830, -86.322685, 30.50, 68.43, 9, 100.00, 2000, 1000, 2500, 8747.50, 13186.25, 11431.25, 13470.00
1885, 1, 41.493830, -86.322685, 29.81, 68.43, 9, 100.00, 2000, 1000, 2500, 8800.00, 13183.75, 11433.75, 13363.75
1886, 1, 41.493830, -86.322685, 25.85, 68.43, 9, 100.00, 2000, 1000, 2500, 9567.50, 13178.75, 11447.50, 13361.25
1887, 1, 41.493830, -86.322685, 29.67, 68.43, 9, 100.00, 2000, 1000, 2500, 9518.75, 13213.75, 11443.75, 13412.50
1888, 1, 41.493830, -86.322685, 27.62, 68.43, 9, 100.00, 2000, 1000, 2500, 9341.25, 13260.00, 11441.25, 13418.75
1889, 1, 41.493830, -86.322685, 28.96, 68.43, 9, 100.00, 2000, 1000, 2500, 9545.00, 13267.50, 11447.50, 13401.25
1890, 1, 41.493830, -86.322685, 27.88, 68.43, 9, 100.00, 2000, 1000, 2500, 9481.25, 13291.25, 11436.25, 13421.25
1891, 1, 41.493830, -86.322685, 28.68, 68.43, 9, 100.00, 2000, 1000, 2500, 9097.50, 13180.00, 11441.25, 13361.25
1892, 1, 41.493830, -86.322685, 29.81, 68.43, 9, 100.00, 2000, 1000, 2500, 9490.00, 13192.50, 11440.00, 13375.00
1893, 1, 41.493830, -86.322685, 28.54, 68.43, 9, 100.00, 2000, 1000, 2500, 8605.00, 13198.75, 11442.50, 13413.75
1894, 1, 41.493832, -86.322685, 29.67, 68.65, 9, 100.00, 2000, 1000, 2500, 8732.50, 13295.00, 11443.75, 13422.50
1895, 1, 41.493832, -86.322685, 28.24, 68.65, 9, 100.00, 2000, 1000, 2500, 9445.00, 13200.00, 11452.50, 13382.50
1897, 1, 41.493832, -86.322685, 31.09, 68.65, 9, 100.00, 2000, 1000, 2500, 9388.75, 13231.25, 11451.25, 13405.00
1898, 1, 41.493832, -86.322685, 29.80, 68.65, 9, 100.00, 2000, 1000, 2500, 9253.75, 13192.50, 11472.50, 13376.25
1899, 1, 41.493832, -86.322685, 28.36, 68.65, 9, 100.00, 2000, 1000, 2500, 8922.50, 13312.50, 11456.25, 13403.75
1900, 1, 41.493830, -86.322685, 28.83, 68.43, 9, 100.00, 2000, 1000, 2500, 8616.25, 13201.25, 11460.00, 13380.00
1901, 1, 41.493830, -86.322685, 29.95, 68.43, 9, 100.00, 2000, 1000, 2500, 9115.00, 13240.00, 11470.00, 13421.25
1902, 1, 41.493828, -86.322685, 30.10, 68.21, 9, 100.00, 2000, 1000, 2500, 9382.50, 13302.50, 11458.75, 13433.75
1903, 1, 41.493828, -86.322685, 28.53, 68.21, 9, 100.00, 2000, 1000, 2500, 9412.50, 13203.75, 11462.50, 13387.50
1904, 1, 41.493828, -86.322685, 29.24, 68.21, 9, 100.00, 2000, 1000, 2500, 8731.25, 13230.00, 11447.50, 13403.75
1905, 1, 41.493828, -86.322685, 30.38, 68.21, 9, 100.00, 2000, 1000, 2500, 8932.50, 13202.50, 11453.75, 13388.75
1906, 1, 41.493830, -86.322678, 28.95, 68.13, 9, 100.00, 2000, 1000, 2500, 8936.25, 13253.75, 11451.25, 13461.25
1907, 1, 41.493830, -86.322678, 29.81, 68.13, 9, 100.00, 2000, 1000, 2500, 9335.00, 13237.50, 11450.00, 13452.50
1908, 1, 41.493830, -86.322678, 29.52, 68.13, 9, 100.00, 2000, 1000, 2500, 9391.25, 13296.25, 11453.75, 13386.25
1909, 1, 41.493830, -86.322678, 30.69, 68.13, 9, 100.00, 2000, 1000, 2500, 8751.25, 13240.00, 11455.00, 13390.00
1910, 1, 41.493830, -86.322678, 29.53, 68.13, 9, 100.00, 2000, 1000, 2500, 8865.00, 13216.25, 11452.50, 13400.00
1911, 1, 41.493830, -86.322678, 28.94, 68.13, 9, 100.00, 2000, 1000, 2500, 8770.00, 13237.50, 11456.25, 13392.50
1912, 1, 41.493830, -86.322678, 27.93, 68.13, 9, 100.00, 2000, 1000, 2500, 9312.50, 13240.00, 11461.25, 13486.25
1914, 1, 41.493828, -86.322678, 29.24, 67.91, 9, 100.00, 2000, 1000, 2500, 8821.25, 13251.25, 11456.25, 13408.75
1915, 1, 41.493828, -86.322678, 29.67, 67.91, 9, 100.00, 2000, 1000, 2500, 8660.00, 13235.00, 11462.50, 13487.50
1916, 1, 41.493828, -86.322678, 29.09, 67.91, 9, 100.00, 2000, 1000, 2500, 9335.00, 13221.25, 11458.75, 13415.00
1917, 1, 41.493828, -86.322678, 30.24, 67.91, 9, 100.00, 2000, 1000, 2500, 9356.25, 13210.00, 11452.50, 13391.25
1918, 1, 41.493826, -86.322678, 28.80, 67.68, 9, 100.00, 2000, 1000, 2500, 9401.25, 13208.75, 11458.75, 13391.25
1919, 1, 41.493826, -86.322678, 29.94, 67.68, 9, 100.00, 2000, 1000, 2500, 9356.25, 13277.50, 11455.00, 13387.50
1920, 1, 41.493826, -86.322678, 29.82, 67.68, 9, 100.00, 2000, 1000, 2500, 9391.25, 13210.00, 11462.50, 13397.50
1921, 1, 41.493826, -86.322678, 31.09, 67.68, 9, 100.00, 2000, 1000, 2500, 9318.75, 13213.75, 11463.75, 13408.75
1922, 1, 41.493826, -86.322678, 31.20, 67.68, 9, 100.00, 2000, 1000, 2500, 9327.50, 13300.00, 11473.75, 13425.00
1923, 1, 41.493826, -86.322678, 31.41, 67.68, 9, 100.00, 2000, 1000, 2500, 9262.50, 13218.75, 11480.00, 13407.50
1924, 1, 41.493826, -86.322678, 32.20, 67.68, 9, 100.00, 2000, 1000, 2500, 9345.00, 13305.00, 11471.25, 13450.00
1925, 1, 41.493824, -86.322678, 33.22, 67.46, 9, 100.00, 2000, 1000, 2500, 9310.00, 13212.50, 11473.75, 13392.50
1926, 1, 41.493824, -86.322678, 32.58, 67.46, 9, 100.00, 2000, 1000, 2500, 8621.25, 13221.25, 11475.00, 13480.00
1927, 1, 41.493824, -86.322678, 35.84, 67.46, 9, 100.00, 2000, 1000, 2500, 9012.50, 13202.50, 11483.75, 13382.50
1928, 1, 41.493824, -86.322678, 31.50, 67.46, 9, 100.00, 2000, 1000, 2500, 9343.75, 13215.00, 11487.50, 13396.25
1929, 1, 41.493824, -86.322678, 34.57, 67.46, 9, 100.00, 2000, 1000, 2500, 9317.50, 13317.50, 11487.50, 13437.50
1931, 1, 41.493824, -86.322678, 31.50, 67.46, 9, 100.00, 2000, 1000, 2500, 9301.25, 13217.50, 11477.50, 13400.00
1932, 1, 41.493824, -86.322678, 32.67, 67.46, 9, 100.00, 2000, 1000, 2500, 9338.75, 13218.75, 11480.00, 13397.50
1933, 1, 41.493824, -86.322678, 32.32, 67.46, 9, 100.00, 2000, 1000, 2500, 9323.75, 13216.25, 11485.00, 13398.75
1934, 1, 41.493824, -86.322678, 31.57, 67.46, 9, 100.00, 2000, 1000, 2500, 9292.50, 13312.50, 11481.25, 13408.75
1935, 1, 41.493824, -86.322678, 31.52, 67.46, 9, 100.00, 2000, 1000, 2500, 9357.50, 13236.25, 11478.75, 13392.50
1936, 1, 41.493824, -86.322678, 31.80, 67.46, 9, 100.00, 2000, 1000, 2500, 9352.50, 13216.25, 11470.00, 13397.50
1937, 1, 41.493826, -86.322678, 30.97, 67.68, 9, 100.00, 2000, 1000, 2500, 9330.00, 13286.25, 11466.25, 13400.00
1938, 1, 41.493826, -86.322678, 31.57, 67.68, 9, 100.00, 2000, 1000, 2500, 9363.75, 13212.50, 11461.25, 13392.50
1939, 1, 41.493826, -86.322678, 29.09, 67.68, 9, 100.00, 2000, 1000, 2500, 9296.25, 13220.00, 11463.75, 13400.00
1940, 1, 41.493826, -86.322678, 30.67, 67.68, 9, 100.00, 2000, 1000, 2500, 8960.00, 13266.25, 11468.75, 13530.00
1941, 1, 41.493826, -86.322678, 27.80, 67.68, 9, 100.00, 2000, 1000, 2500, 9381.25, 13210.00, 11463.75, 13396.25
1942, 1, 41.493824, -86.322678, 29.23, 67.46, 9, 100.00, 2000, 1000, 2500, 9310.00, 13301.25, 11453.75, 13461.25
1943, 1, 41.493824, -86.322678, 29.67, 67.46, 9, 100.00, 2000, 1000, 2500, 9303.75, 13217.50, 11443.75, 13441.25
1944, 1, 41.493824, -86.322685, 30.37, 67.77, 9, 100.00, 2000, 1000, 2500, 9288.75, 13220.00, 11436.25, 13492.50
1945, 1, 41.493824, -86.322685, 31.11, 67.77, 9, 100.00, 2000, 1000, 2500, 9282.50, 13261.25, 11435.00, 13475.00
1946, 1, 41.493824, -86.322685, 27.67, 67.77, 9, 100.00, 2000, 1000, 2500, 8911.25, 13206.25, 11440.00, 13387.50
1947, 1, 41.493824, -86.322685, 27.35, 67.77, 9, 100.00, 2000, 1000, 2500, 8742.50, 13376.25, 11433.75, 13416.25
1948, 1, 41.493826, -86.322685, 28.53, 67.99, 9, 100.00, 2000, 1000, 2500, 8460.00, 13231.25, 11436.25, 13420.00
1949, 1, 41.493826, -86.322685, 26.79, 67.99, 9, 100.00, 2000, 1000, 2500, 9236.25, 13225.00, 11428.75, 13406.25
1951, 1, 41.493828, -86.322685, 28.69, 68.21, 9, 100.00, 2000, 1000, 2500, 9247.50, 13231.25, 11433.75, 13408.75
1952, 1, 41.493828, -86.322685, 27.17, 68.21, 9, 100.00, 2000, 1000, 2500, 9262.50, 13257.50, 11430.00, 13465.00
1953, 1, 41.493828, -86.322685, 27.99, 68.21, 9, 100.00, 2000, 1000, 2500, 9301.25, 13228.75, 11431.25, 13470.00
1954, 1, 41.493828, -86.322685, 27.17, 68.21, 9, 100.00, 2000, 1000, 2500, 9370.00, 13212.50, 11425.00, 13391.25
1955, 1, 41.493828, -86.322685, 27.82, 68.21, 9, 100.00, 2000, 1000, 2500, 8973.75, 13213.75, 11427.50, 13420.00
1956, 1, 41.493826, -86.322685, 26.28, 67.99, 9, 100.00, 2000, 1000, 2500, 9388.75, 13208.75, 11421.25, 13387.50
1957, 1, 41.493826, -86.322685, 27.18, 67.99, 9, 100.00, 2000, 1000, 2500, 9201.25, 13295.00, 11420.00, 13433.75
1958, 1, 41.493826, -86.322685, 27.24, 67.99, 9, 100.00, 2000, 1000, 2500, 9345.00, 13212.50, 11426.25, 13391.25
1959, 1, 41.493826, -86.322685, 24.88, 67.99, 9, 100.00, 2000, 1000, 2500, 9365.00, 13207.50, 11417.50, 13388.75
1960, 1, 41.493826, -86.322685, 27.99, 67.99, 9, 100.00, 2000, 1000, 2500, 2125.00, 14285.00, 11741.25, 14436.25
1961, 1, 41.493826, -86.322685, 26.66, 67.99, 9, 100.00, 2000, 1000, 2500, 1522.50, 14232.50, 11375.00, 14351.25
1962, 1, 41.493826, -86.322685, 27.11, 67.99, 9, 100.00, 2000, 1000, 2500, 285.00, 14388.75, 11365.00, 14497.50
1963, 1, 41.493826, -86.322685, 27.67, 67.99, 9, 100.00, 2000, 1000, 2500, 292.50, 14395.00, 11363.75, 14505.00
1964, 1, 41.493826, -86.322685, 27.64, 67.99, 9, 100.00, 2000, 1000, 2500, 777.50, 14340.00, 11362.50, 14458.75
1965, 1, 41.493826, -86.322685, 28.81, 67.99, 9, 100.00, 2000, 1000, 2500, 161.25, 14418.75, 11363.75, 14527.50
1966, 1, 41.493824, -86.322685, 28.52, 67.77, 9, 100.00, 2000, 1000, 2500, 290.00, 14410.00, 11366.25, 14518.75
1967, 1, 41.493824, -86.322685, 26.44, 67.77, 9, 100.00, 2000, 1000, 2500, 290.00, 14412.50, 11358.75, 14523.75
1968, 1, 41.493824, -86.322685, 28.07, 67.77, 9, 100.00, 2000, 1000, 2500, 1661.25, 14242.50, 11383.75, 14361.25
1970, 1, 41.493824, -86.322685, 26.57, 67.77, 9, 100.00, 2000, 1000, 2500, 161.25, 14428.75, 11360.00, 14537.50
1971, 1, 41.493824, -86.322685, 27.48, 67.77, 9, 100.00, 2000, 1000, 2500, 300.00, 14418.75, 11357.50, 14528.75
1972, 1, 41.493826, -86.322685, 29.24, 67.99, 9, 100.00, 2000, 1000, 2500, 285.00, 14423.75, 11368.75, 14533.75
1973, 1, 41.493826, -86.322685, 26.86, 67.99, 9, 100.00, 2000, 1000, 2500, 1082.50, 13297.50, 8.75, 13296.25
1974, 1, 41.493826, -86.322685, 30.21, 67.99, 9, 100.00, 2000, 1000, 2500, 3431.25, 13970.00, 11400.00, 14140.00
1975, 1, 41.493828, -86.322685, 26.86, 68.21, 9, 100.00, 2000, 1000, 2500, 7222.50, 13632.50, 11421.25, 13685.00
1976, 1, 41.493828, -86.322685, 35.97, 68.21, 9, 100.00, 2000, 1000, 2500, -2093.75, 13466.25, 8.75, 13415.00
1977, 1, 41.493828, -86.322685, 29.53, 68.21, 9, 100.00, 2000, 1000, 2500, 1016.25, 14407.50, 11370.00, 14526.25
1978, 1, 41.493828, -86.322685, 29.67, 68.21, 9, 100.00, 2000, 1000, 2500, 297.50, 14425.00, 11367.50, 14535.00
1979, 1, 41.493828, -86.322685, 28.26, 68.21, 9, 100.00, 2000, 1000, 2500, 158.75, 14443.75, 11365.00, 14552.50
1980, 1, 41.493828, -86.322685, 28.16, 68.21, 9, 100.00, 2000, 1000, 2500, 160.00, 14447.50, 11365.00, 14396.25
1981, 1, 41.493828, -86.322685, 28.36, 68.21, 9, 100.00, 2000, 1000, 2500, 160.00, 14443.75, 11368.75, 14552.50
1982, 1, 41.493828, -86.322685, 30.97, 68.21, 9, 100.00, 2000, 1000, 2500, 10.00, 13430.00, 7.50, 13426.25
1983, 1, 41.493828, -86.322685, 35.86, 68.21, 9, 100.00, 2000, 1000, 2500, 160.00, 14451.25, 11357.50, 14451.25
1984, 1, 41.493828, -86.322693, 29.67, 68.50, 9, 100.00, 2000, 1000, 2500, 168.75, 14448.75, 11362.50, 14557.50
1986, 1, 41.493828, -86.322693, 29.38, 68.50, 9, 100.00, 2000, 1000, 2500, 177.50, 14448.75, 11362.50, 14558.75
1987, 1, 41.493828, -86.322693, 36.46, 68.50, 9, 100.00, 2000, 1000, 2500, 168.75, 14448.75, 11363.75, 14558.75
1988, 1, 41.493830, -86.322693, 30.65, 68.72, 9, 100.00, 2000, 1000, 2500, 162.50, 14451.25, 11365.00, 14561.25
1989, 1, 41.493830, -86.322693, 28.82, 68.72, 9, 100.00, 2000, 1000, 2500, 113.75, 13711.25, 11366.25, 13725.00
1990, 1, 41.493832, -86.322693, 38.86, 68.94, 9, 100.00, 2000, 1000, 2500, 170.00, 14448.75, 11367.50, 14558.75
1991, 1, 41.493832, -86.322693, 37.75, 68.94, 9, 100.00, 2000, 1000, 2500, 167.50, 14452.50, 11362.50, 14561.25
1992, 1, 41.493832, -86.322693, 29.23, 68.94, 9, 100.00, 2000, 1000, 2500, 128.75, 13423.75, 8.75, 13417.50
1993, 1, 41.493832, -86.322693, 27.93, 68.94, 9, 100.00, 2000, 1000, 2500, 166.25, 14450.00, 11363.75, 14560.00
1994, 1, 41.493832, -86.322693, 38.01, 68.94, 9, 100.00, 2000, 1000, 2500, 161.25, 14447.50, 11365.00, 14557.50
1995, 1, 41.493830, -86.322693, 28.13, 68.72, 9, 100.00, 2000, 1000, 2500, 166.25, 14445.00, 11366.25, 14553.75
1996, 1, 41.493832, -86.322693, 30.24, 68.94, 9, 100.00, 2000, 1000, 2500, 161.25, 13738.75, 3870.00, 13497.50
1997, 1, 41.493832, -86.322693, 30.09, 68.94, 9, 100.00, 2000, 1000, 2500, 2076.25, 14355.00, 3622.50, 14420.00
1998, 1, 41.493832, -86.322693, 30.24, 68.94, 9, 100.00, 2000, 1000, 2500, 132.50, 13433.75, 5950.00, 14476.25
1999, 1, 41.493832, -86.322693, 30.67, 68.94, 9, 100.00, 2000, 1000, 2500, 1736.25, 14323.75, 11402.50, 14523.75
2000, 1, 41.493832, -86.322693, 30.25, 68.94, 9, 100.00, 2000, 1000, 2500, 161.25, 13763.75, 8955.00, 13603.75
2002, 1, 41.493832, -86.322693, 31.52, 68.94, 9, 100.00, 2000, 1000, 2500, 163.75, 14450.00, 11377.50, 14558.75
2003, 1, 41.493832, -86.322693, 38.58, 68.94, 9, 100.00, 2000, 1000, 2500, 161.25, 14452.50, 11376.25, 14560.00
2004, 1, 41.493832, -86.322693, 39.55, 68.94, 9, 100.00, 2000, 1000, 2500, 188.75, 14446.25, 11375.00, 14557.50
2005, 1, 41.493832, -86.322693, 36.65, 68.94, 9, 100.00, 2000, 1000, 2500, -870.00, 14446.25, 7967.50, 13575.00
2006, 1, 41.493832, -86.322693, 30.82, 68.94, 9, 100.00, 2000, 1000, 2500, 1985.00, 14347.50, 11370.00, 14551.25
2007, 1, 41.493832, -86.322693, 29.38, 68.94, 9, 100.00, 2000, 1000, 2500, 246.25, 13431.25, 7.50, 13428.75
2008, 1, 41.493832, -86.322693, 39.41, 68.94, 9, 100.00, 2000, 1000, 2500, 158.75, 14442.50, 11377.50, 14553.75
2009, 0, 41.493832, -86.322693, 30.69, 68.94, 9, 100.00, 1825, 1175, 1500, 180.00, 14445.00, 11371.25, 14553.75
2010, 0, 41.493832, -86.322693, 32.63, 68.94, 9, 100.00, 1650, 1350, 1500, 158.75, 13840.00, 500.00, 13476.25
2011, 0, 41.493834, -86.322693, 31.95, 68.94, 9, 100.00, 1500, 1500, 1500, 172.50, 14453.75, 11383.75, 14562.50
2012, 0, 41.493834, -86.322693, 39.39, 68.94, 9, 100.00, 1500, 1500, 1500, 157.50, 14451.25, 11373.75, 14561.25
2013, 0, 41.493835, -86.322693, 31.60, 68.94, 9, 100.00, 1500, 1500, 1500, 156.25, 14455.00, 11377.50, 14562.50
2015, 0, 41.493835, -86.322693, 32.08, 68.94, 9, 100.00, 1500, 1500, 1500, 160.00, 14457.50, 11368.75, 14563.75
2016, 0, 41.493835, -86.322693, 34.97, 68.94, 9, 100.00, 1500, 1500, 1500, 145.00, 13862.50, 8.75, 13452.50
2017, 0, 41.493835, -86.322693, 38.91, 68.94, 9, 100.00, 1500, 1500, 1500, 221.25, 13422.50, 10.00, 13430.00
2018, 0, 41.493835, -86.322693, 40.12, 68.94, 9, 100.00, 1500, 1500, 1500, 167.50, 14453.75, 11370.00, 14561.25
2019, 0, 41.493835, -86.322693, 39.83, 68.94, 9, 100.00, 1500, 1500, 1500, 2283.75, 14391.25, 11375.00, 14551.25
2020, 0, 41.493835, -86.322693, 37.87, 68.94, 9, 100.00, 1500, 1500, 1500, 166.25, 14447.50, 11385.00, 14550.00
2021, 0, 41.493835, -86.322693, 40.62, 68.94, 9, 100.00, 1500, 1500, 1500, 173.75, 13732.50, 11377.50, 14342.50
2022, 0, 41.493835, -86.322693, 32.63, 68.94, 9, 100.00, 1500, 1500, 1500, -1547.50, 13537.50, 700.00, 13480.00
2023, 0, 41.493835, -86.322693, 31.09, 68.94, 9, 100.00, 1500, 1500, 1500, 136.25, 14182.50, 11387.50, 14555.00
2025, 0, 41.493835, -86.322693, 33.31, 68.94, 9, 100.00, 1500, 1500, 1500, 156.25, 14460.00, 11381.25, 14570.00
2026, 0, 41.493835, -86.322693, 31.54, 68.94, 9, 100.00, 1500, 1500, 1500, 160.00, 14460.00, 11378.75, 14571.25
2027, 0, 41.493835, -86.322693, 38.86, 68.94, 9, 100.00, 1500, 1500, 1500, 163.75, 14460.00, 11377.50, 14295.00
2028, 0, 41.493834, -86.322693, 38.91, 68.94, 9, 100.00, 1500, 1500, 1500, 357.50, 14448.75, 11382.50, 14545.00
2029, 0, 41.493834, -86.322693, 40.71, 68.94, 9, 100.00, 1500, 1500, 1500, 163.75, 14462.50, 11381.25, 14571.25
2030, 0, 41.493832, -86.322693, 31.11, 68.94, 9, 100.00, 1500, 1500, 1500, 162.50, 14468.75, 11370.00, 14576.25
2031, 0, 41.493832, -86.322693, 38.24, 68.94, 9, 100.00, 1500, 1500, 1500, -66.25, 13452.50, 8.75, 14201.25
2032, 0, 41.493832, -86.322693, 33.98, 68.94, 9, 100.00, 1500, 1500, 1500, 135.00, 13771.25, 1713.75, 14381.25
2034, 0, 41.493832, -86.322693, 40.27, 68.94, 9, 100.00, 1500, 1500, 1500, 170.00, 14467.50, 11378.75, 14575.00
2035, 0, 41.493832, -86.322693, 33.98, 68.94, 9, 100.00, 1500, 1500, 1500, 172.50, 14468.75, 11366.25, 14577.50
2036, 0, 41.493832, -86.322693, 32.55, 68.94, 9, 100.00, 1500, 1500, 1500, 167.50, 14466.25, 11373.75, 14576.25
2037, 0, 41.493834, -86.322693, 40.19, 68.94, 9, 100.00, 1500, 1500, 1500, 151.25, 14466.25, 11372.50, 14536.25
2038, 0, 41.493834, -86.322693, 32.11, 68.94, 9, 100.00, 1500, 1500, 1500, 1772.50, 14442.50, 5993.75, 14491.25
2039, 0, 41.493834, -86.322693, 30.22, 68.94, 9, 100.00, 1500, 1500, 1500, 156.25, 14470.00, 11370.00, 14580.00
2040, 0, 41.493834, -86.322693, 34.53, 68.94, 9, 100.00, 1500, 1500, 1500, 2521.25, 14432.50, 11360.00, 14572.50
2041, 0, 41.493834, -86.322693, 33.02, 68.94, 9, 100.00, 1500, 1500, 1500, 112.50, 13875.00, 1655.00, 14385.00
2043, 0, 41.493834, -86.322701, 37.75, 68.94, 9, 100.00, 1500, 1500, 1500, -57.50, 13457.50, 8.75, 13460.00
2044, 0, 41.493834, -86.322701, 31.41, 68.94, 9, 100.00, 1500, 1500, 1500, 160.00, 14470.00, 11363.75, 14578.75
2045, 0, 41.493834, -86.322701, 28.94, 68.94, 9, 100.00, 1500, 1500, 1500, 152.50, 14196.25, 11371.25, 14518.75
2046, 0, 41.493834, -86.322701, 31.80, 68.94, 9, 100.00, 1500, 1500, 1500, -220.00, 13435.00, 10.00, 13432.50
2047, 0, 41.493834, -86.322701, 32.59, 68.94, 9, 100.00, 1500, 1500, 1500, 1091.25, 14446.25, 11360.00, 14552.50
2048, 0, 41.493834, -86.322701, 31.67, 68.94, 9, 100.00, 1500, 1500, 1500, 71.25, 13427.50, 10.00, 13486.25
2049, 0, 41.493834, -86.322701, 32.08, 68.94, 9, 100.00, 1500, 1500, 1500, 193.75, 14473.75, 11363.75, 14583.75
2050, 0, 41.493832, -86.322701, 36.75, 68.94, 9, 100.00, 1500, 1500, 1500, 192.50, 14456.25, 11378.75, 14582.50
2052, 0, 41.493832, -86.322701, 32.94, 68.94, 9, 100.00, 1500, 1500, 1500, 148.75, 14476.25, 11357.50, 14585.00
2053, 0, 41.493832, -86.322693, 31.54, 68.94, 9, 100.00, 1500, 1500, 1500, 250.00, 14468.75, 11352.50, 14582.50
2054, 0, 41.493832, -86.322693, 32.23, 68.94, 9, 100.00, 1500, 1500, 1500, 175.00, 14453.75, 11371.25, 14563.75
2055, 0, 41.493830, -86.322693, 40.87, 68.94, 9, 100.00, 1500, 1500, 1500, 160.00, 14095.00, 8.75, 13438.75
2056, 0, 41.493830, -86.322693, 31.95, 68.94, 9, 100.00, 1500, 1500, 1500, 160.00, 14475.00, 11368.75, 14585.00
2057, 0, 41.493830, -86.322693, 35.31, 68.94, 9, 100.00, 1500, 1500, 1500, 157.50, 14477.50, 11368.75, 14590.00
2058, 0, 41.493830, -86.322693, 40.26, 68.94, 9, 100.00, 1500, 1500, 1500, 212.50, 14477.50, 11361.25, 14588.75
2059, 0, 41.493830, -86.322693, 40.19, 68.94, 9, 100.00, 1500, 1500, 1500, 152.50, 14482.50, 11360.00, 14588.75
2060, 0, 41.493830, -86.322693, 35.77, 68.94, 9, 100.00, 1500, 1500, 1500, 1568.75, 14456.25, 11366.25, 14583.75
2062, 0, 41.493828, -86.322693, 33.03, 68.94, 9, 100.00, 1500, 1500, 1500, 160.00, 14481.25, 11363.75, 14592.50
2063, 0, 41.493828, -86.322693, 35.70, 68.94, 9, 100.00, 1500, 1500, 1500, 150.00, 14481.25, 11377.50, 14592.50
2064, 0, 41.493828, -86.322693, 30.97, 68.94, 9, 100.00, 1500, 1500, 1500, 140.00, 13451.25, 7.50, 13446.25
2065, 0, 41.493828, -86.322693, 37.25, 68.94, 9, 100.00, 1500, 1500, 1500, 196.25, 14452.50, 11375.00, 14562.50
2066, 0, 41.493828, -86.322693, 42.41, 68.94, 9, 100.00, 1500, 1500, 1500, 170.00, 14478.75, 11371.25, 14582.50
2067, 0, 41.493826, -86.322693, 31.11, 68.94, 9, 100.00, 1500, 1500, 1500, 138.75, 14075.00, 11372.50, 14583.75
2068, 0, 41.493826, -86.322693, 32.71, 68.94, 9, 100.00, 1500, 1500, 1500, 156.25, 14485.00, 11365.00, 13807.50
2069, 0, 41.493826, -86.322693, 32.39, 68.94, 9, 100.00, 1500, 1500, 1500, 161.25, 14458.75, 11371.25, 14570.00
2070, 0, 41.493826, -86.322693, 31.13, 68.94, 9, 100.00, 1500, 1500, 1500, 172.50, 14482.50, 11373.75, 14593.75
2072, 0, 41.493826, -86.322693, 33.15, 68.94, 9, 100.00, 1500, 1500, 1500, 186.25, 14478.75, 11358.75, 14590.00
2073, 0, 41.493826, -86.322693, 33.06, 68.94, 9, 100.00, 1500, 1500, 1500, -2195.00, 13500.00, 3963.75, 13523.75
2074, 0, 41.493826, -86.322693, 31.88, 68.94, 9, 100.00, 1500, 1500, 1500, 152.50, 14486.25, 11357.50, 14015.00
2075, 0, 41.493828, -86.322693, 39.27, 68.94, 9, 100.00, 1500, 1500, 1500, -43.75, 13448.75, 8.75, 13442.50
2076, 0, 41.493828, -86.322693, 40.05, 68.94, 9, 100.00, 1500, 1500, 1500, 150.00, 13451.25, 7.50, 13446.25
2077, 0, 41.493828, -86.322693, 32.47, 68.94, 9, 100.00, 1500, 1500, 1500, 1518.75, 14328.75, 11371.25, 14521.25
2078, 0, 41.493828, -86.322693, 32.39, 68.94, 9, 100.00, 1500, 1500, 1500, 185.00, 14461.25, 5055.00, 13538.75
2079, 0, 41.493828, -86.322693, 32.39, 68.94, 9, 100.00, 1500, 1500, 1500, 153.75, 14478.75, 11367.50, 14590.00
2080, 0, 41.493828, -86.322693, 36.03, 68.94, 9, 100.00, 1500, 1500, 1500, -100.00, 13465.00, 7.50, 13457.50
2082, 0, 41.493828, -86.322693, 33.29, 68.94, 9, 100.00, 1500, 1500, 1500, 155.00, 14481.25, 11363.75, 14592.50
2083, 0, 41.493828, -86.322693, 30.50, 68.94, 9, 100.00, 1500, 1500, 1500, -82.50, 13467.50, 8.75, 13461.25
2084, 0, 41.493828, -86.322693, 31.52, 68.94, 9, 100.00, 1500, 1500, 1500, 161.25, 14483.75, 11357.50, 14590.00
2085, 0, 41.493828, -86.322693, 41.40, 68.94, 9, 100.00, 1500, 1500, 1500, 807.50, 14465.00, 11366.25, 14568.75
2086, 0, 41.493828, -86.322693, 33.54, 68.94, 9, 100.00, 1500, 1500, 1500, 1953.75, 14296.25, 3020.00, 14380.00
2087, 0, 41.493828, -86.322693, 31.13, 68.94, 9, 100.00, 1500, 1500, 1500, 493.75, 14470.00, 11366.25, 14588.75
2088, 0, 41.493828, -86.322693, 37.95, 68.94, 9, 100.00, 1500, 1500, 1500, 127.50, 13967.50, 8108.75, 14537.50
2090, 0, 41.493828, -86.322693, 33.65, 68.94, 9, 100.00, 1500, 1500, 1500, 166.25, 14483.75, 11353.75, 14590.00
2091, 0, 41.493826, -86.322693, 33.92, 68.94, 9, 100.00, 1500, 1500, 1500, 168.75, 14482.50, 11356.25, 14593.75
2092, 0, 41.493826, -86.322693, 31.65, 68.94, 9, 100.00, 1500, 1500, 1500, 108.75, 13465.00, 7.50, 13460.00
2093, 0, 41.493826, -86.322693, 40.49, 68.94, 9, 100.00, 1500, 1500, 1500, 2548.75, 14445.00, 11366.25, 14582.50
2094, 0, 41.493828, -86.322693, 37.29, 68.94, 9, 100.00, 1500, 1500, 1500, 158.75, 13428.75, 8.75, 13533.75
2095, 0, 41.493828, -86.322693, 34.59, 68.94, 9, 100.00, 1500, 1500, 1500, -635.00, 13673.75, 11353.75, 14151.25
2096, 0, 41.493830, -86.322693, 34.36, 68.94, 9, 100.00, 1500, 1500, 1500, 50.00, 13465.00, 8.75, 13483.75
2097, 0, 41.493832, -86.322693, 31.83, 68.94, 9, 100.00, 1500, 1500, 1500, 308.75, 14475.00, 11355.00, 14580.00
2098, 0, 41.493832, -86.322693, 40.20, 68.94, 9, 100.00, 1500, 1500, 1500, 230.00, 14481.25, 11368.75, 14595.00
2099, 0, 41.493832, -86.322693, 34.30, 68.94, 9, 100.00, 1500, 1500, 1500, 172.50, 14482.50, 11340.00, 14592.50
2101, 0, 41.493834, -86.322693, 40.47, 68.94, 9, 100.00, 1500, 1500, 1500, 161.25, 14487.50, 11340.00, 14595.00
2102, 0, 41.493834, -86.322693, 32.71, 68.94, 9, 100.00, 1500, 1500, 1500, 156.25, 14485.00, 11345.00, 14592.50
2103, 0, 41.493834, -86.322693, 41.80, 68.94, 9, 100.00, 1500, 1500, 1500, -991.25, 13486.25, 7.50, 13470.00
2104, 0, 41.493834, -86.322693, 32.42, 68.94, 9, 100.00, 1500, 1500, 1500, 153.75, 13548.75, 7.50, 13455.00
2105, 0, 41.493834, -86.322693, 32.99, 68.94, 9, 100.00, 1500, 1500, 1500, 155.00, 14486.25, 11331.25, 14595.00
2106, 0, 41.493834, -86.322693, 38.28, 68.94, 9, 100.00, 1500, 1500, 1500, 107.50, 13772.50, 8.75, 13955.00
2107, 0, 41.493834, -86.322693, 34.03, 68.94, 9, 100.00, 1500, 1500, 1500, 160.00, 14492.50, 11322.50, 14598.75
2108, 0, 41.493834, -86.322693, 32.99, 68.94, 9, 100.00, 1500, 1500, 1500, -2045.00, 13528.75, 7.50, 13501.25
2110, 0, 41.493834, -86.322693, 32.62, 68.94, 9, 100.00, 1500, 1500, 1500, 47.50, 13591.25, 7.50, 13472.50
2111, 0, 41.493834, -86.322693, 37.05, 68.94, 9, 100.00, 1500, 1500, 1500, 166.25, 14491.25, 11335.00, 14600.00
2112, 0, 41.493834, -86.322693, 31.83, 68.94, 9, 100.00, 1500, 1500, 1500, 181.25, 14488.75, 11358.75, 14591.25
2113, 0, 41.493834, -86.322693, 46.22, 68.94, 9, 100.00, 1500, 1500, 1500, 170.00, 14496.25, 11390.00, 14605.00
2114, 0, 41.493832, -86.322693, 35.95, 68.94, 9, 100.00, 1500, 1500, 1500, 291.25, 14492.50, 11423.75, 14598.75
2115, 0, 41.493830, -86.322693, 36.56, 68.94, 9, 100.00, 1500, 1500, 1500, 287.50, 14491.25, 11400.00, 14603.75
2116, 0, 41.493830, -86.322693, 32.24, 68.94, 9, 100.00, 1500, 1500, 1500, 158.75, 14497.50, 11353.75, 14603.75
2117, 0, 41.493830, -86.322693, 37.81, 68.94, 9, 100.00, 1500, 1500, 1500, 152.50, 14495.00, 11327.50, 14600.00
2119, 0, 41.493830, -86.322693, 38.25, 68.94, 9, 100.00, 1500, 1500, 1500, 251.25, 14451.25, 11266.25, 14553.75
2120, 0, 41.493830, -86.322693, 29.52, 68.94, 9, 100.00, 1500, 1500, 1500, 2318.75, 14437.50, 7145.00, 14532.50
2121, 0, 41.493830, -86.322693, 32.35, 68.94, 9, 100.00, 1500, 1500, 1500, -1527.50, 13591.25, 11266.25, 14356.25
2122, 0, 41.493830, -86.322693, 27.48, 68.94, 9, 100.00, 1500, 1500, 1500, 82.50, 13476.25, 10.00, 13463.75
2123, 0, 41.493830, -86.322693, 22.20, 68.94, 9, 100.00, 1500, 1500, 1500, 2102.50, 14395.00, 11265.00, 14578.75
2124, 0, 41.493832, -86.322685, 29.52, 68.94, 9, 100.00, 1500, 1500, 1500, 91.25, 13472.50, 8.75, 13470.00
2125, 0, 41.493832, -86.322685, 24.47, 68.94, 9, 100.00, 1500, 1500, 1500, 707.50, 14450.00, 11250.00, 14591.25
2126, 0, 41.493834, -86.322685, 25.27, 68.94, 9, 100.00, 1500, 1500, 1500, -12.50, 13482.50, 7.50, 13477.50
2127, 0, 41.493835, -86.322685, 30.60, 68.94, 9, 100.00, 1500, 1500, 1500, 2565.00, 14453.75, 9976.25, 14552.50
2128, 0, 41.493835, -86.322685, 26.89, 68.94, 9, 100.00, 1500, 1500, 1500, 628.75, 14481.25, 11293.75, 14601.25
2130, 0, 41.493837, -86.322685, 28.44, 68.94, 9, 100.00, 1500, 1500, 1500, -982.50, 13502.50, 8.75, 13491.25
2131, 0, 41.493841, -86.322685, 37.98, 68.94, 9, 100.00, 1500, 1500, 1500, 160.00, 14503.75, 11317.50, 14608.75
2132, 0, 41.493841, -86.322685, 33.07, 68.94, 9, 100.00, 1500, 1500, 1500, 150.00, 13986.25, 11356.25, 14458.75
2133, 0, 41.493843, -86.322685, 36.30, 68.94, 9, 100.00, 1500, 1500, 1500, -931.25, 13502.50, 8.75, 13492.50
2134, 0, 41.493845, -86.322685, 37.72, 68.94, 9, 100.00, 1500, 1500, 1500, 207.50, 14455.00, 11413.75, 14606.25
2135, 0, 41.493845, -86.322685, 55.39, 68.94, 9, 100.00, 1500, 1500, 1500, 138.75, 13472.50, 7.50, 13468.75
2136, 0, 41.493845, -86.322685, 50.30, 68.94, 9, 100.00, 1500, 1500, 1500, -355.00, 13712.50, 10.00, 13481.25
2137, 0, 41.493847, -86.322685, 53.37, 68.94, 9, 100.00, 1500, 1500, 1500, 133.75, 14101.25, 11435.00, 14583.75
2138, 0, 41.493847, -86.322685, 61.61, 68.94, 9, 100.00, 1500, 1500, 1500, 160.00, 14510.00, 11418.75, 14618.75
2139, 0, 41.493847, -86.322685, 52.23, 68.94, 9, 100.00, 1500, 1500, 1500, 166.25, 14506.25, 11411.25, 14620.00
2141, 0, 41.493847, -86.322685, 53.35, 68.94, 9, 100.00, 1500, 1500, 1500, -317.50, 13493.75, 8.75, 13488.75
2142, 0, 41.493847, -86.322685, 56.04, 68.94, 9, 100.00, 1500, 1500, 1500, 185.00, 14462.50, 11400.00, 14611.25
2143, 0, 41.493847, -86.322685, 61.57, 68.94, 9, 100.00, 1500, 1500, 1500, 1423.75, 14356.25, 3678.75, 14485.00
2144, 0, 41.493847, -86.322685, 59.01, 68.94, 9, 100.00, 1500, 1500, 1500, 157.50, 13482.50, 7.50, 13480.00
2145, 0, 41.493847, -86.322685, 69.61, 68.94, 9, 100.00, 1500, 1500, 1500, 796.25, 14488.75, 11482.50, 14597.50
2146, 0, 41.493847, -86.322685, 60.25, 68.94, 9, 100.00, 1500, 1500, 1500, 177.50, 14516.25, 11448.75, 14620.00
2147, 0, 41.493847, -86.322685, 60.13, 68.94, 9, 100.00, 1500, 1500, 1500, 42.50, 14517.50, 11446.25, 13763.75
2148, 0, 41.493847, -86.322685, 70.69, 68.94, 9, 100.00, 1500, 1500, 1500, 211.25, 14493.75, 11420.00, 14622.50
2150, 0, 41.493847, -86.322685, 69.66, 68.94, 9, 100.00, 1500, 1500, 1500, 202.50, 14518.75, 11467.50, 14628.75
2151, 0, 41.493845, -86.322685, 61.56, 68.94, 9, 100.00, 1500, 1500, 1500, 2533.75, 14481.25, 11468.75, 14618.75
2152, 0, 41.493845, -86.322685, 70.21, 68.94, 9, 100.00, 1500, 1500, 1500, 2040.00, 14441.25, 11483.75, 14510.00
2153, 0, 41.493845, -86.322685, 60.95, 68.94, 9, 100.00, 1500, 1500, 1500, 105.00, 13488.75, 10.00, 13481.25
2154, 0, 41.493845, -86.322685, 75.12, 68.94, 9, 100.00, 1500, 1500, 1500, 178.75, 14518.75, 11470.00, 14627.50
2155, 0, 41.493845, -86.322685, 64.57, 68.94, 9, 100.00, 1500, 1500, 1500, 167.50, 14527.50, 10812.50, 13728.75
2156, 0, 41.493845, -86.322685, 69.30, 68.94, 9, 100.00, 1500, 1500, 1500, 196.25, 14523.75, 11526.25, 14632.50
2157, 0, 41.493845, -86.322685, 68.93, 68.94, 9, 100.00, 1500, 1500, 1500, 156.25, 14525.00, 11508.75, 14633.75
2158, 0, 41.493845, -86.322685, 68.37, 68.94, 9, 100.00, 1500, 1500, 1500, 152.50, 14446.25, 11553.75, 14221.25
2160, 0, 41.493847, -86.322685, 81.26, 68.94, 9, 100.00, 1500, 1500, 1500, 580.00, 14513.75, 11541.25, 14608.75
2161, 0, 41.493847, -86.322685, 83.19, 68.94, 9, 100.00, 1500, 1500, 1500, 2176.25, 13480.00, 8880.00, 14582.50
2162, 0, 41.493847, -86.322693, 72.96, 68.94, 9, 100.00, 1500, 1500, 1500, 187.50, 14525.00, 11530.00, 14637.50
2163, 0, 41.493849, -86.322693, 80.97, 68.94, 9, 100.00, 1500, 1500, 1500, 158.75, 14530.00, 11546.25, 13931.25
2164, 0, 41.493849, -86.322693, 76.86, 68.94, 9, 100.00, 1500, 1500, 1500, 317.50, 14523.75, 11562.50, 14636.25
2165, 0, 41.493851, -86.322693, 87.68, 68.94, 9, 100.00, 1500, 1500, 1500, 172.50, 14527.50, 11536.25, 14637.50
2166, 0, 41.493851, -86.322693, 74.92, 68.94, 9, 100.00, 1500, 1500, 1500, -1882.50, 13551.25, 8.75, 13506.25
2168, 0, 41.493853, -86.322693, 82.05, 68.94, 9, 100.00, 1500, 1500, 1500, 152.50, 14212.50, 405.00, 14645.00
2169, 0, 41.493853, -86.322693, 91.93, 68.94, 9, 100.00, 1500, 1500, 1520, 371.25, 14378.75, 11560.00, 13903.75
2170, 0, 41.493853, -86.322701, 91.23, 68.94, 9, 100.00, 1500, 1500, 1500, 151.25, 13951.25, 11561.25, 14292.50
2171, 0, 41.493853, -86.322701, 81.86, 68.94, 9, 100.00, 1500, 1500, 1500, 165.00, 14190.00, 8656.25, 13660.00
2172, 0, 41.493853, -86.322701, 80.32, 68.94, 9, 100.00, 1500, 1500, 1500, 148.75, 13601.25, 8.75, 13487.50
2173, 0, 41.493853, -86.322708, 82.99, 68.94, 9, 100.00, 1500, 1500, 1500, 167.50, 14535.00, 11583.75, 14645.00
2174, 0, 41.493853, -86.322708, 83.68, 68.94, 9, 100.00, 1500, 1500, 1500, 170.00, 14538.75, 11557.50, 14646.25
2175, 0, 41.493853, -86.322708, 83.55, 68.94, 9, 100.00, 1500, 1500, 1500, 1935.00, 13530.00, 7.50, 14086.25
2176, 0, 41.493853, -86.322708, 85.89, 68.94, 9, 100.00, 1500, 1500, 1500, 153.75, 13982.50, 10.00, 13523.75
2178, 0, 41.493855, -86.322708, 94.48, 68.94, 9, 100.00, 1500, 1500, 1500, 151.25, 14261.25, 11228.75, 13761.25
2179, 0, 41.493855, -86.322708, 85.15, 68.94, 9, 100.00, 1500, 1500, 1500, 2516.25, 14495.00, 11545.00, 14638.75
2180, 0, 41.493855, -86.322708, 93.39, 68.94, 9, 100.00, 1500, 1500, 1500, 165.00, 14148.75, 5056.25, 13583.75
2181, 0, 41.493855, -86.322708, 94.50, 68.94, 9, 100.00, 1500, 1500, 1500, -1438.75, 13532.50, 7.50, 13530.00
2182, 0, 41.493856, -86.322708, 93.38, 68.94, 9, 100.00, 1500, 1500, 1500, 163.75, 14537.50, 11571.25, 14653.75
2183, 0, 41.493855, -86.322708, 93.68, 68.94, 9, 100.00, 1500, 1500, 1500, 1867.50, 14422.50, 3950.00, 14517.50
2184, 0, 41.493855, -86.322708, 84.83, 68.94, 9, 100.00, 1500, 1500, 1500, 181.25, 14543.75, 11562.50, 14656.25
2185, 0, 41.493855, -86.322708, 83.90, 68.94, 9, 100.00, 1500, 1500, 1500, 2242.50, 14482.50, 3388.75, 14510.00
2187, 0, 41.493855, -86.322708, 84.21, 68.94, 9, 100.00, 1500, 1500, 1500, 1767.50, 14416.25, 11591.25, 14625.00
2188, 0, 41.493855, -86.322708, 84.94, 68.94, 9, 100.00, 1500, 1500, 1500, 165.00, 14547.50, 11556.25, 14655.00
2189, 0, 41.493855, -86.322716, 87.47, 68.94, 9, 100.00, 1500, 1500, 1500, 156.25, 13976.25, 11558.75, 14658.75
2190, 0, 41.493855, -86.322716, 83.49, 68.94, 9, 100.00, 1500, 1500, 1500, 160.00, 13813.75, 8.75, 13538.75
2191, 0, 41.493855, -86.322716, 96.55, 68.94, 9, 100.00, 1500, 1500, 1500, 351.25, 14517.50, 11583.75, 14633.75
2192, 0, 41.493855, -86.322716, 94.85, 68.94, 9, 100.00, 1500, 1500, 1500, 170.00, 14556.25, 11583.75, 14665.00
2193, 0, 41.493855, -86.322716, 86.59, 68.94, 9, 100.00, 1500, 1500, 1500, 1885.00, 14527.50, 11593.75, 14655.00
2194, 0, 41.493855, -86.322716, 87.00, 68.94, 9, 100.00, 1500, 1500, 1500, 76.25, 13520.00, 6908.75, 14593.75
2195, 0, 41.493856, -86.322716, 90.99, 68.94, 9, 100.00, 1500, 1500, 1500, -762.50, 13537.50, 7.50, 13523.75
2197, 0, 41.493856, -86.322716, 95.34, 68.94, 9, 100.00, 1500, 1500, 1500, 415.00, 14560.00, 11665.00, 14666.25
2198, 0, 41.493856, -86.322716, 80.28, 68.94, 9, 100.00, 1500, 1500, 1500, 152.50, 14088.75, 6270.00, 14595.00
2199, 0, 41.493856, -86.322716, 74.22, 68.94, 9, 100.00, 1500, 1500, 1500, -1148.75, 13688.75, 11716.25, 13790.00
2200, 0, 41.493856, -86.322716, 66.43, 68.94, 9, 100.00, 1500, 1500, 1500, 150.00, 13936.25, 3176.25, 13578.75
2201, 0, 41.493858, -86.322716, 73.18, 68.94, 9, 100.00, 1500, 1500, 1500, 168.75, 14565.00, 11595.00, 14673.75
2202, 0, 41.493858, -86.322716, 66.61, 68.94, 9, 100.00, 1500, 1500, 1500, 135.00, 13522.50, 7.50, 13517.50
2203, 0, 41.493858, -86.322716, 66.10, 68.94, 9, 100.00, 1500, 1500, 1500, 1781.25, 14485.00, 1098.75, 14457.50
2204, 0, 41.493858, -86.322716, 42.95, 68.94, 9, 100.00, 1500, 1500, 1500, 96.25, 13530.00, 8.75, 13538.75
2206, 0, 41.493858, -86.322716, 37.11, 68.94, 9, 100.00, 1500, 1500, 1500, 150.00, 13932.50, 11391.25, 14128.75
2207, 0, 41.493858, -86.322716, 31.11, 68.94, 9, 100.00, 1500, 1500, 1500, 155.00, 14547.50, 11320.00, 14657.50
2208, 0, 41.493856, -86.322716, 26.61, 68.94, 9, 100.00, 1500, 1500, 1500, -2097.50, 13568.75, 7.50, 13531.25
2209, 0, 41.493856, -86.322716, 27.82, 68.94, 9, 100.00, 1500, 1500, 1500, 2251.25, 14476.25, 11248.75, 14607.50
2210, 0, 41.493856, -86.322716, 33.98, 68.94, 9, 100.00, 1500, 1500, 1500, 176.25, 14543.75, 10366.25, 13762.50
2211, 0, 41.493856, -86.322716, 32.25, 68.94, 9, 100.00, 1500, 1500, 1500, 141.25, 13528.75, 8.75, 14093.75
2212, 0, 41.493856, -86.322716, 25.91, 68.94, 9, 100.00, 1500, 1500, 1500, 156.25, 14548.75, 8480.00, 13697.50
2213, 0, 41.493856, -86.322716, 28.58, 68.94, 9, 100.00, 1500, 1500, 1500, 162.50, 13531.25, 7.50, 13530.00
2215, 0, 41.493856, -86.322716, 23.51, 68.94, 9, 100.00, 1500, 1500, 1500, 1243.75, 14336.25, 11263.75, 14623.75
2216, 0, 41.493856, -86.322716, 27.51, 68.94, 9, 100.00, 1500, 1500, 1500, 171.25, 14545.00, 11210.00, 14653.75
2217, 0, 41.493858, -86.322716, 25.68, 68.94, 9, 100.00, 1500, 1500, 1520, 393.75, 14520.00, 11201.25, 14630.00
2218, 0, 41.493858, -86.322716, 25.52, 68.94, 9, 100.00, 1500, 1500, 1500, -1318.75, 13567.50, 7.50, 13553.75
2219, 0, 41.493858, -86.322723, 20.01, 68.94, 9, 100.00, 1500, 1500, 1500, 157.50, 13597.50, 1561.25, 13533.75
2220, 0, 41.493860, -86.322723, 34.40, 68.94, 9, 100.00, 1500, 1500, 1500, -1838.75, 13615.00, 502.50, 13581.25
2221, 0, 41.493860, -86.322723, 27.56, 68.94, 9, 100.00, 1500, 1500, 1500, 132.50, 13843.75, 7.50, 13547.50
2222, 0, 41.493860, -86.322723, 34.11, 68.94, 9, 100.00, 1500, 1500, 1500, 151.25, 14437.50, 11300.00, 14357.50
2224, 0, 41.493860, -86.322723, 36.46, 68.94, 9, 100.00, 1500, 1500, 1500, -1850.00, 14565.00, 11273.75, 13853.75
2225, 0, 41.493860, -86.322723, 34.54, 68.94, 9, 100.00, 1500, 1500, 1500, 157.50, 14565.00, 11278.75, 14671.25
2226, 0, 41.493860, -86.322723, 35.95, 68.94, 9, 100.00, 1500, 1500, 1500, 136.25, 14001.25, 11285.00, 14652.50
2227, 0, 41.493860, -86.322723, 36.06, 68.94, 9, 100.00, 1500, 1500, 1500, 310.00, 14565.00, 11283.75, 14673.75
2228, 0, 41.493860, -86.322723, 30.99, 68.94, 9, 100.00, 1500, 1500, 1500, 160.00, 14231.25, 11317.50, 14665.00
2229, 0, 41.493858, -86.322723, 39.91, 68.94, 9, 100.00, 1500, 1500, 1500, 365.00, 14551.25, 11300.00, 14656.25
2230, 0, 41.493858, -86.322723, 32.23, 68.94, 9, 100.00, 1500, 1500, 1500, 327.50, 14570.00, 11313.75, 14683.75
2231, 0, 41.493858, -86.322723, 42.91, 68.94, 9, 100.00, 1500, 1500, 1500, 143.75, 14318.75, 2915.00, 14531.25
2232, 0, 41.493858, -86.322723, 36.12, 68.94, 9, 100.00, 1500, 1500, 1500, 2206.25, 14525.00, 11336.25, 14682.50
2234, 0, 41.493858, -86.322723, 37.31, 68.94, 9, 100.00, 1500, 1500, 1500, -1466.25, 13693.75, 3077.50, 13627.50
2235, 0, 41.493860, -86.322723, 48.49, 68.94, 9, 100.00, 1500, 1500, 1500, 168.75, 14596.25, 11371.25, 14700.00
2236, 0, 41.493860, -86.322731, 48.46, 68.94, 9, 100.00, 1500, 1500, 1500, 142.50, 14206.25, 4132.50, 14581.25
2237, 0, 41.493860, -86.322723, 40.96, 68.94, 9, 100.00, 1500, 1500, 1500, 150.00, 14598.75, 11380.00, 14707.50
2238, 0, 41.493860, -86.322723, 51.76, 68.94, 9, 100.00, 1500, 1500, 1500, -33.75, 13586.25, 10.00, 13575.00
2239, 0, 41.493860, -86.322723, 49.99, 68.94, 9, 100.00, 1500, 1500, 1500, 153.75, 13576.25, 7.50, 13572.50
2240, 0, 41.493860, -86.322723, 48.23, 68.94, 9, 100.00, 1500, 1500, 1500, 2203.75, 14538.75, 10.00, 14168.75
2241, 0, 41.493862, -86.322723, 47.16, 68.94, 9, 100.00, 1500, 1500, 1500, 156.25, 14606.25, 11370.00, 14712.50
2242, 0, 41.493862, -86.322723, 39.50, 68.94, 9, 100.00, 1500, 1500, 1500, 152.50, 14607.50, 11365.00, 14718.75
2244, 0, 41.493862, -86.322723, 50.44, 68.94, 9, 100.00, 1500, 1500, 1500, 166.25, 14615.00, 2582.50, 13641.25
2245, 0, 41.493862, -86.322723, 50.04, 68.94, 9, 100.00, 1500, 1500, 1500, -1197.50, 13616.25, 8.75, 13596.25
2246, 0, 41.493862, -86.322723, 49.99, 68.94, 9, 100.00, 1500, 1500, 1500, 441.25, 14607.50, 11373.75, 14717.50
2247, 0, 41.493862, -86.322723, 50.53, 68.94, 9, 100.00, 1500, 1500, 1500, 205.00, 13588.75, 7.50, 13686.25
2248, 0, 41.493862, -86.322723, 43.64, 68.94, 9, 100.00, 1500, 1500, 1500, -1640.00, 13697.50, 8.75, 13735.00
2249, 0, 41.493860, -86.322723, 42.94, 68.94, 9, 100.00, 1500, 1500, 1500, 1283.75, 14455.00, 11638.75, 14702.50
2250, 0, 41.493860, -86.322723, 41.63, 68.94, 9, 100.00, 1500, 1500, 1500, -2088.75, 13657.50, 4465.00, 13676.25
2251, 0, 41.493862, -86.322723, 47.02, 68.94, 9, 100.00, 1500, 1500, 1500, 138.75, 14088.75, 7690.00, 14682.50
2253, 0, 41.493862, -86.322723, 55.08, 68.94, 9, 100.00, 1500, 1500, 1500, 158.75, 14642.50, 11463.75, 14750.00
2254, 0, 41.493862, -86.322723, 49.92, 68.94, 9, 100.00, 1500, 1500, 1500, 153.75, 14648.75, 11468.75, 14756.25
2255, 0, 41.493864, -86.322723, 53.84, 68.94, 9, 100.00, 1500, 1500, 1500, 151.25, 14651.25, 11476.25, 14760.00
2256, 0, 41.493862, -86.322723, 57.32, 68.94, 9, 100.00, 1500, 1500, 1500, 941.25, 14635.00, 6197.50, 14671.25
2257, 0, 41.493864, -86.322723, 64.86, 68.94, 9, 100.00, 1500, 1500, 1500, 153.75, 13617.50, 7.50, 13613.75
2258, 0, 41.493864, -86.322723, 61.59, 68.94, 9, 100.00, 1500, 1500, 1500, 165.00, 14663.75, 11538.75, 14770.00
2259, 0, 41.493864, -86.322723, 67.36, 68.94, 9, 100.00, 1500, 1500, 1500, 2115.00, 14588.75, 11261.25, 14731.25
2260, 0, 41.493864, -86.322723, 63.83, 68.94, 9, 100.00, 1500, 1500, 1500, 1713.75, 13623.75, 8.75, 14308.75
2261, 0, 41.493866, -86.322723, 81.55, 68.94, 9, 100.00, 1500, 1500, 1500, 136.25, 14282.50, 5971.25, 14695.00
2262, 0, 41.493866, -86.322723, 76.91, 68.94, 9, 100.00, 1500, 1500, 1500, 115.00, 13637.50, 6928.75, 14715.00
2264, 0, 41.493866, -86.322723, 87.79, 68.94, 9, 100.00, 1500, 1500, 1500, 152.50, 14397.50, 8456.25, 13796.25
2265, 0, 41.493866, -86.322723, 91.56, 68.94, 9, 100.00, 1500, 1500, 1500, 158.75, 13802.50, 11580.00, 14765.00
2266, 0, 41.493866, -86.322723, 78.41, 68.94, 9, 100.00, 1500, 1500, 1500, 467.50, 14673.75, 11581.25, 14791.25
2267, 0, 41.493866, -86.322723, 84.13, 68.94, 9, 100.00, 1500, 1500, 1500, 167.50, 14686.25, 11556.25, 14793.75
2268, 0, 41.493868, -86.322723, 83.56, 68.94, 9, 100.00, 1500, 1500, 1500, 1860.00, 14601.25, 11593.75, 14782.50
2269, 0, 41.493868, -86.322723, 98.82, 68.94, 9, 100.00, 1500, 1500, 1500, 155.00, 14693.75, 11583.75, 14802.50
2270, 0, 41.493868, -86.322723, 95.87, 68.94, 9, 100.00, 1500, 1500, 1500, 127.50, 13810.00, 3845.00, 14675.00
2271, 0, 41.493868, -86.322731, 92.22, 68.94, 9, 100.00, 1500, 1500, 1500, 147.50, 14420.00, 1886.25, 14617.50
2272, 0, 41.493870, -86.322731, 95.05, 68.94, 9, 100.00, 1500, 1500, 1500, 158.75, 14710.00, 11608.75, 14726.25
2274, 0, 41.493870, -86.322731, 107.39, 68.94, 9, 100.00, 1500, 1500, 1500, 157.50, 14710.00, 11600.00, 14818.75
2275, 1, 41.493872, -86.322731, 112.11, 74.74, 9, 96.93, 1575, 1425, 2500, 101.25, 13656.25, 8.75, 13652.50
2276, 1, 41.493872, -86.322731, 114.18, 74.74, 9, 73.45, 1750, 1531, 2500, -435.00, 13496.25, 8.75, 13493.75
2277, 1, 41.493872, -86.322731, 120.91, 74.74, 9, 72.70, 1900, 1545, 2500, 6452.50, 13857.50, 11648.75, 14015.00
2278, 1, 41.493874, -86.322731, 124.43, 74.96, 9, 61.54, 2000, 1720, 2500, 11148.75, 13206.25, 11676.25, 13460.00
2279, 1, 41.493874, -86.322723, 135.59, 74.75, 9, 50.01, 2000, 1895, 2500, 14902.50, 12690.00, 11697.50, 12911.25
2280, 1, 41.493874, -86.322723, 145.04, 74.75, 9, 41.33, 2000, 2000, 2326, 18356.25, 12281.25, 11693.75, 12521.25
2281, 1, 41.493872, -86.322716, 150.60, 74.32, 9, 32.39, 2000, 2000, 2147, 18242.50, 12307.50, 11677.50, 12533.75
2282, 1, 41.493870, -86.322716, 151.51, 74.10, 9, 26.15, 2000, 2000, 2022, 18200.00, 12323.75, 11661.25, 12568.75
2283, 1, 41.493868, -86.322716, 158.66, 73.88, 9, 20.54, 2000, 2000, 1910, 18078.75, 12441.25, 11672.50, 12576.25
2284, 1, 41.493866, -86.322716, 156.52, 73.66, 9, 16.22, 2000, 2000, 1824, 16916.25, 12262.50, 11667.50, 12637.50
2285, 1, 41.493864, -86.322708, 162.91, 73.21, 9, 7.80, 2000, 2000, 1655, 18035.00, 12377.50, 11641.25, 12635.00
2286, 1, 41.493862, -86.322708, 166.99, 72.99, 9, 1.40, 2000, 2000, 1527, 17983.75, 12333.75, 11636.25, 12551.25
2288, 1, 41.493858, -86.322708, 168.28, 72.54, 9, -4.47, 2000, 2000, 1410, 18130.00, 12445.00, 11615.00, 12688.75
2289, 1, 41.493856, -86.322701, 167.06, 72.08, 9, -9.65, 2000, 2000, 1307, 17773.75, 12383.75, 11645.00, 12612.50
2290, 1, 41.493853, -86.322701, 165.39, 71.63, 9, -12.39, 2000, 2000, 1252, 17521.25, 12295.00, 11655.00, 12557.50
2291, 1, 41.493851, -86.322701, 162.94, 71.41, 9, -14.59, 2000, 2000, 1208, 17152.50, 12266.25, 11640.00, 12616.25
2292, 1, 41.493845, -86.322701, 161.52, 70.75, 9, -17.63, 2000, 2000, 1147, 17310.00, 12335.00, 11647.50, 12578.75
2293, 1, 41.493843, -86.322701, 156.33, 70.53, 9, -18.74, 2000, 2000, 1125, 16672.50, 12278.75, 11655.00, 12612.50
2294, 1, 41.493841, -86.322701, 153.81, 70.31, 9, -19.92, 2000, 2000, 1101, 16833.75, 12373.75, 11657.50, 12616.25
2295, 1, 41.493839, -86.322693, 150.73, 69.82, 9, -21.29, 2000, 2000, 1074, 16357.50, 12332.50, 11652.50, 12603.75
2296, 1, 41.493837, -86.322693, 146.41, 69.60, 9, -23.70, 2000, 2000, 1026, 17120.00, 12452.50, 11668.75, 12730.00
2297, 1, 41.493837, -86.322693, 144.62, 69.60, 9, -23.34, 2000, 2000, 1033, 16717.50, 12321.25, 11690.00, 12670.00
2298, 1, 41.493835, -86.322693, 141.25, 69.38, 9, -23.06, 2000, 2000, 1038, 17173.75, 12411.25, 11691.25, 12598.75
2299, 1, 41.493834, -86.322693, 138.26, 69.16, 9, -24.30, 2000, 2000, 1013, 17603.75, 12395.00, 11685.00, 12562.50
2300, 1, 41.493832, -86.322685, 134.91, 68.65, 9, -24.91, 2000, 2000, 1001, 16465.00, 12246.25, 11691.25, 12493.75
2301, 1, 41.493830, -86.322685, 131.95, 68.43, 9, -26.23, 2000, 2000, 975, 17296.25, 12520.00, 11695.00, 12518.75
2302, 1, 41.493830, -86.322685, 132.90, 68.43, 9, -28.41, 2000, 2000, 931, 16923.75, 12210.00, 11695.00, 12473.75
2304, 1, 41.493828, -86.322685, 131.39, 68.21, 9, -31.26, 2000, 2000, 874, 17588.75, 12417.50, 11685.00, 12692.50
2305, 1, 41.493828, -86.322685, 129.61, 68.21, 9, -33.17, 2000, 2000, 836, 16773.75, 12286.25, 11696.25, 12642.50
2306, 1, 41.493826, -86.322685, 133.22, 67.99, 9, -35.08, 2000, 2000, 798, 16828.75, 12328.75, 11695.00, 12571.25
2307, 1, 41.493824, -86.322678, 129.17, 67.46, 9, -36.60, 2000, 2000, 768, 17412.50, 12371.25, 11701.25, 12520.00
2308, 1, 41.493824, -86.322678, 128.55, 67.46, 9, -38.84, 2000, 2000, 723, 16532.50, 12268.75, 11697.50, 12513.75
2309, 1, 41.493822, -86.322678, 126.58, 67.24, 9, -39.92, 2000, 2000, 701, 16918.75, 12328.75, 11701.25, 12647.50
2310, 1, 41.493822, -86.322678, 124.61, 67.24, 9, -42.61, 2000, 2000, 647, 17576.25, 12325.00, 11707.50, 12576.25
2311, 1, 41.493822, -86.322678, 122.81, 67.24, 9, -43.17, 2000, 2000, 636, 17352.50, 12337.50, 11707.50, 12506.25
2312, 1, 41.493820, -86.322678, 125.51, 67.02, 9, -45.33, 2000, 2000, 593, 17161.25, 12375.00, 11715.00, 12627.50
2313, 1, 41.493820, -86.322678, 121.29, 67.02, 9, -46.64, 2000, 2000, 567, 17802.50, 12402.50, 11711.25, 12615.00
2314, 1, 41.493818, -86.322678, 120.56, 66.80, 9, -47.61, 2000, 2000, 547, 17116.25, 12481.25, 11710.00, 12576.25
2315, 1, 41.493818, -86.322678, 122.33, 66.80, 9, -50.99, 1980, 2000, 500, 16813.75, 12360.00, 11708.75, 12686.25
2316, 1, 41.493818, -86.322678, 123.33, 66.80, 9, -52.45, 1950, 2000, 500, 16813.75, 12435.00, 11708.75, 12715.00
2317, 0, 41.493816, -86.322678, 119.02, 66.59, 9, -55.15, 1886, 1975, 1500, 14355.00, 12602.50, 11695.00, 12840.00
2319, 0, 41.493816, -86.322678, 122.44, 66.59, 9, -55.15, 1711, 1800, 1500, 5045.00, 13830.00, 11641.25, 13972.50
2320, 0, 41.493816, -86.322678, 119.93, 66.59, 9, -55.15, 1536, 1625, 1500, 175.00, 14467.50, 11611.25, 14575.00
2321, 0, 41.493816, -86.322678, 127.23, 66.59, 9, -55.15, 1500, 1500, 1500, 221.25, 13903.75, 11448.75, 13475.00
2322, 0, 41.493816, -86.322678, 128.02, 66.59, 9, -55.15, 1500, 1500, 1500, 143.75, 13487.50, 8.75, 13483.75
2323, 0, 41.493816, -86.322678, 127.07, 66.59, 9, -55.15, 1500, 1500, 1500, 152.50, 13497.50, 8.75, 13490.00
2324, 0, 41.493816, -86.322678, 126.15, 66.59, 9, -55.15, 1500, 1500, 1500, 160.00, 13871.25, 10268.75, 14597.50
2325, 0, 41.493818, -86.322678, 122.36, 66.59, 9, -55.15, 1500, 1500, 1500, 467.50, 14535.00, 11598.75, 14636.25
2326, 0, 41.493818, -86.322678, 113.49, 66.59, 9, -55.15, 1500, 1500, 1500, 1050.00, 14362.50, 11592.50, 14657.50
2328, 0, 41.493818, -86.322678, 122.67, 66.59, 9, -55.15, 1500, 1500, 1500, 1946.25, 14452.50, 11635.00, 14633.75
2329, 0, 41.493818, -86.322678, 122.91, 66.59, 9, -55.15, 1500, 1500, 1500, 243.75, 14562.50, 11592.50, 14666.25
2330, 0, 41.493820, -86.322678, 123.24, 66.59, 9, -55.15, 1500, 1500, 1500, 170.00, 14575.00, 11607.50, 14682.50
2331, 0, 41.493820, -86.322678, 126.55, 66.59, 9, -55.15, 1500, 1500, 1500, 132.50, 13543.75, 7.50, 13540.00
2332, 0, 41.493822, -86.322685, 127.15, 66.59, 9, -55.15, 1500, 1500, 1500, -1530.00, 13578.75, 7.50, 13551.25
2333, 0, 41.493822, -86.322685, 119.78, 66.59, 9, -55.15, 1500, 1500, 1500, 151.25, 14271.25, 11577.50, 13852.50
2334, 0, 41.493822, -86.322685, 130.76, 66.59, 9, -55.15, 1500, 1500, 1500, 161.25, 14597.50, 11577.50, 14705.00
2335, 0, 41.493822, -86.322685, 122.81, 66.59, 9, -55.15, 1500, 1500, 1500, -2163.75, 13613.75, 8.75, 13571.25
2337, 0, 41.493822, -86.322685, 125.51, 66.59, 9, -55.15, 1500, 1500, 1500, -348.75, 13808.75, 9745.00, 13765.00
2338, 0, 41.493822, -86.322685, 123.54, 66.59, 9, -55.15, 1500, 1500, 1500, 152.50, 14615.00, 11576.25, 14408.75
2339, 0, 41.493822, -86.322685, 123.76, 66.59, 9, -55.15, 1500, 1500, 1500, 1951.25, 14540.00, 512.50, 14492.50
2340, 0, 41.493822, -86.322678, 125.87, 66.59, 9, -55.15, 1500, 1500, 1500, 187.50, 14622.50, 11566.25, 14731.25
2341, 0, 41.493822, -86.322678, 140.75, 66.59, 9, -55.15, 1500, 1500, 1500, 125.00, 13592.50, 7.50, 13588.75
2342, 0, 41.493822, -86.322678, 132.10, 66.59, 9, -55.15, 1500, 1500, 1500, 152.50, 14633.75, 11558.75, 13946.25
2343, 0, 41.493822, -86.322678, 140.98, 66.59, 9, -55.15, 1500, 1500, 1500, -957.50, 13626.25, 7.50, 13617.50
2344, 0, 41.493822, -86.322678, 139.67, 66.59, 9, -55.15, 1500, 1500, 1500, -1728.75, 13688.75, 8.75, 13628.75
2346, 0, 41.493822, -86.322678, 139.82, 66.59, 9, -55.15, 1500, 1500, 1500, 178.75, 14651.25, 11550.00, 14757.50
2347, 0, 41.493822, -86.322678, 137.97, 66.59, 9, -55.15, 1500, 1500, 1500, 148.75, 14002.50, 8.75, 13840.00
2348, 0, 41.493822, -86.322678, 140.14, 66.59, 9, -55.15, 1500, 1500, 1500, 168.75, 14658.75, 11546.25, 14767.50
2349, 0, 41.493824, -86.322678, 147.55, 66.59, 9, -55.15, 1500, 1500, 1500, 203.75, 14656.25, 11538.75, 14763.75
2350, 0, 41.493824, -86.322678, 149.47, 66.59, 9, -55.15, 1500, 1500, 1500, 180.00, 14666.25, 11532.50, 14773.75
2351, 0, 41.493826, -86.322678, 149.81, 66.59, 9, -55.15, 1500, 1500, 1500, 150.00, 13635.00, 7.50, 13631.25
2352, 0, 41.493826, -86.322678, 153.42, 66.59, 9, -55.15, 1500, 1500, 1500, 1861.25, 14565.00, 11528.75, 14778.75
2353, 0, 41.493826, -86.322678, 148.88, 66.59, 9, -55.15, 1500, 1500, 1500, 276.25, 13646.25, 8.75, 13645.00
2355, 0, 41.493826, -86.322678, 150.06, 66.59, 9, -55.15, 1500, 1500, 1500, 195.00, 14688.75, 11528.75, 14796.25
2356, 0, 41.493826, -86.322678, 153.83, 66.59, 9, -55.15, 1500, 1500, 1500, 197.50, 14698.75, 11517.50, 14736.25
2357, 0, 41.493828, -86.322678, 155.33, 66.59, 9, -55.15, 1500, 1500, 1500, 47.50, 13667.50, 8.75, 13663.75
2358, 0, 41.493830, -86.322678, 154.31, 66.59, 9, -55.15, 1500, 1500, 1500, 141.25, 13662.50, 8.75, 13660.00
2359, 0, 41.493832, -86.322678, 157.50, 66.59, 9, -55.15, 1500, 1500, 1500, -765.00, 13693.75, 7.50, 13682.50
2360, 0, 41.493832, -86.322678, 156.28, 66.59, 9, -55.15, 1500, 1500, 1500, 152.50, 14710.00, 11513.75, 14820.00
2361, 0, 41.493834, -86.322685, 154.72, 66.59, 9, -55.15, 1500, 1500, 1500, 145.00, 13676.25, 7.50, 13673.75
2362, 0, 41.493834, -86.322685, 156.13, 66.59, 9, -55.15, 1500, 1500, 1500, 151.25, 14411.25, 3767.50, 13751.25
2363, 0, 41.493834, -86.322685, 154.80, 66.59, 9, -55.15, 1500, 1500, 1500, 143.75, 14092.50, 8.75, 14102.50
2365, 0, 41.493834, -86.322685, 155.97, 66.59, 9, -55.15, 1500, 1500, 1500, 157.50, 14728.75, 11478.75, 14838.75
2366, 0, 41.493837, -86.322685, 153.99, 66.59, 9, -55.15, 1500, 1500, 1500, -1906.25, 14735.00, 11492.50, 14212.50
2367, 0, 41.493837, -86.322685, 147.15, 66.59, 9, -55.15, 1500, 1500, 1500, 130.00, 13706.25, 8.75, 13702.50
2368, 0, 41.493839, -86.322693, 143.89, 66.59, 9, -55.15, 1500, 1500, 1500, 148.75, 14386.25, 6066.25, 13811.25
2369, 0, 41.493841, -86.322693, 144.81, 66.59, 9, -55.15, 1500, 1500, 1500, 165.00, 14753.75, 11535.00, 14861.25
2370, 0, 41.493841, -86.322693, 145.90, 66.59, 9, -55.15, 1500, 1500, 1500, 232.50, 14315.00, 9922.50, 13922.50
2371, 0, 41.493843, -86.322693, 146.78, 66.59, 9, -55.15, 1500, 1500, 1500, 778.75, 14743.75, 8435.00, 14812.50
2373, 0, 41.493843, -86.322693, 147.30, 66.59, 9, -55.15, 1500, 1500, 1500, -336.25, 13745.00, 10.00, 13738.75
2374, 0, 41.493843, -86.322693, 150.71, 66.59, 9, -55.15, 1500, 1500, 1500, 228.75, 14246.25, 1783.75, 13776.25
2375, 0, 41.493845, -86.322693, 148.22, 66.59, 9, -55.15, 1500, 1500, 1500, 143.75, 14241.25, 11527.50, 14871.25
2376, 0, 41.493847, -86.322701, 147.20, 66.59, 9, -55.15, 1500, 1500, 1500, 220.00, 13730.00, 8.75, 13735.00
2377, 0, 41.493847, -86.322701, 151.12, 66.59, 9, -55.15, 1500, 1500, 1500, 227.50, 14782.50, 11523.75, 14888.75
2378, 0, 41.493847, -86.322701, 149.60, 66.59, 9, -55.15, 1500, 1500, 1500, 2478.75, 14742.50, 11517.50, 14887.50
2379, 0, 41.493847, -86.322701, 152.19, 66.59, 9, -55.15, 1500, 1500, 1500, 158.75, 14796.25, 11513.75, 14906.25
2380, 0, 41.493847, -86.322701, 147.94, 66.59, 9, -55.15, 1500, 1500, 1500, 155.00, 14803.75, 11515.00, 14912.50
2381, 0, 41.493847, -86.322701, 152.27, 66.59, 9, -55.15, 1500, 1500, 1500, 146.25, 13771.25, 6.25, 13762.50
2382, 0, 41.493847, -86.322701, 153.94, 66.59, 9, -55.15, 1500, 1500, 1500, 253.75, 14798.75, 11487.50, 14892.50
2384, 0, 41.493849, -86.322701, 154.91, 66.59, 9, -55.15, 1500, 1500, 1500, 53.75, 13791.25, 7.50, 13783.75
2385, 0, 41.493849, -86.322701, 155.20, 66.59, 9, -55.15, 1500, 1500, 1500, 2350.00, 14746.25, 11536.25, 14903.75
2386, 0, 41.493851, -86.322701, 158.98, 66.59, 9, -55.15, 1500, 1500, 1500, 161.25, 14393.75, 3175.00, 13858.75
2387, 0, 41.493851, -86.322701, 159.58, 66.59, 9, -55.15, 1500, 1500, 1500, 905.00, 14820.00, 11521.25, 14921.25
2388, 0, 41.493853, -86.322701, 159.05, 66.59, 9, -55.15, 1500, 1500, 1500, 161.25, 14843.75, 11477.50, 14951.25
2389, 0, 41.493853, -86.322701, 160.28, 66.59, 9, -55.15, 1500, 1500, 1500, 272.50, 14845.00, 11486.25, 14945.00
2390, 0, 41.493855, -86.322701, 158.61, 66.59, 9, -55.15, 1500, 1500, 1500, 186.25, 14835.00, 11498.75, 14956.25
2391, 0, 41.493855, -86.322701, 160.33, 66.59, 9, -55.15, 1500, 1500, 1500, 166.25, 14630.00, 307.50, 13866.25
2393, 0, 41.493855, -86.322701, 159.72, 66.59, 9, -55.15, 1500, 1500, 1500, 107.50, 13841.25, 7.50, 13835.00
2394, 0, 41.493855, -86.322701, 158.93, 66.59, 9, -55.15, 1500, 1500, 1500, -71.25, 13841.25, 7.50, 13830.00
2395, 0, 41.493856, -86.322701, 159.80, 66.59, 9, -55.15, 1500, 1500, 1500, 145.00, 13846.25, 7.50, 13843.75
2396, 0, 41.493856, -86.322701, 163.20, 66.59, 9, -55.15, 1500, 1500, 1500, 1578.75, 14743.75, 7.50, 14412.50
2397, 0, 41.493856, -86.322701, 161.22, 66.59, 9, -55.15, 1500, 1500, 1500, 156.25, 14895.00, 11452.50, 15002.50
2398, 0, 41.493856, -86.322701, 162.85, 66.59, 9, -55.15, 1500, 1500, 1500, 103.75, 13878.75, 7.50, 13878.75
2399, 0, 41.493856, -86.322701, 159.93, 66.59, 9, -55.15, 1500, 1500, 1500, 142.50, 13876.25, 6.25, 14023.75
2400, 0, 41.493856, -86.322701, 164.57, 66.59, 9, -55.15, 1500, 1500, 1500, 150.00, 13886.25, 7.50, 13882.50
2401, 0, 41.493858, -86.322701, 162.83, 66.59, 9, -55.15, 1500, 1500, 1500, -2226.25, 13922.50, 10.00, 13893.75
2402, 1, 41.493858, -86.322708, 164.79, 72.54, 9, -55.15, 1525, 1525, 500, 152.50, 14833.75, 11176.25, 15043.75
2404, 1, 41.493858, -86.322708, 164.26, 72.54, 9, -100.00, 1375, 1675, 500, 1428.75, 13733.75, 8.75, 13736.25
2405, 1, 41.493858, -86.322708, 155.95, 72.54, 9, -100.00, 1200, 1850, 500, 7138.75, 13966.25, 11582.50, 14155.00
2406, 1, 41.493858, -86.322708, 143.30, 72.54, 9, -100.00, 1025, 2000, 500, 17428.75, 12706.25, 11690.00, 12851.25
2407, 1, 41.493855, -86.322708, 122.81, 72.10, 9, -100.00, 1000, 2000, 500, 17647.50, 12632.50, 11707.50, 12905.00
2408, 1, 41.493855, -86.322708, 102.22, 72.10, 9, -97.50, 1025, 2000, 500, 17846.25, 12571.25, 11733.75, 12788.75
2409, 1, 41.493853, -86.322708, 81.56, 71.88, 9, -82.87, 1200, 2000, 500, 13593.75, 13063.75, 11710.00, 13316.25
2410, 1, 41.493851, -86.322708, 65.78, 71.66, 9, -72.17, 1350, 2000, 500, 10235.00, 13423.75, 11637.50, 13701.25
2411, 1, 41.493849, -86.322708, 55.14, 71.44, 9, -61.25, 1525, 2000, 500, 9486.25, 13648.75, 11565.00, 13827.50
2412, 1, 41.493847, -86.322701, 41.31, 70.97, 9, -50.64, 1700, 2000, 500, 10503.75, 13518.75, 11463.75, 13747.50
2413, 1, 41.493849, -86.322701, 35.60, 71.19, 9, -45.19, 1825, 2000, 596, 10225.00, 13610.00, 11391.25, 13716.25
2414, 1, 41.493849, -86.322693, 28.21, 70.93, 9, -36.99, 2000, 2000, 760, 9711.25, 13563.75, 11371.25, 13745.00
2415, 1, 41.493851, -86.322693, 20.10, 71.15, 9, -28.83, 2000, 2000, 923, 16561.25, 12577.50, 11353.75, 12895.00
2416, 1, 41.493855, -86.322685, 14.86, 71.34, 9, -22.40, 2000, 2000, 1051, 17421.25, 12505.00, 11253.75, 12726.25
2418, 1, 41.493856, -86.322685, 10.12, 71.57, 9, -16.41, 2000, 2000, 1171, 17026.25, 12572.50, 11275.00, 12825.00
2419, 1, 41.493862, -86.322685, 6.93, 72.26, 9, -11.37, 2000, 2000, 1272, 16865.00, 12563.75, 11281.25, 12786.25
2420, 1, 41.493866, -86.322685, 6.57, 72.73, 9, -8.17, 2000, 2000, 1336, 16893.75, 12622.50, 11271.25, 12780.00
2421, 1, 41.493872, -86.322678, 7.72, 73.18, 9, -3.65, 2000, 2000, 1427, 16713.75, 12611.25, 11276.25, 12842.50
2422, 1, 41.493877, -86.322678, 8.97, 73.90, 9, -0.62, 2000, 2000, 1487, 17108.75, 12591.25, 11270.00, 12796.25
2423, 1, 41.493891, -86.322678, 11.98, 75.58, 9, 1.56, 2000, 2000, 1531, 16082.50, 12602.50, 11281.25, 12862.50
2424, 1, 41.493896, -86.322678, 11.26, 76.31, 9, 3.65, 2000, 2000, 1573, 16515.00, 12576.25, 11260.00, 12822.50
2425, 1, 41.493902, -86.322678, 13.26, 77.04, 9, 5.15, 2000, 2000, 1602, 16980.00, 12641.25, 11283.75, 12856.25
2426, 1, 41.493908, -86.322678, 17.73, 77.78, 9, 5.92, 2000, 2000, 1618, 16900.00, 12603.75, 11280.00, 12747.50
2427, 1, 41.493914, -86.322678, 19.07, 78.53, 9, 6.88, 2000, 2000, 1637, 16465.00, 12598.75, 11301.25, 12842.50
2428, 1, 41.493919, -86.322670, 21.98, 79.11, 9, 7.66, 2000, 2000, 1653, 16356.25, 12507.50, 11312.50, 12776.25
2429, 1, 41.493925, -86.322670, 27.82, 79.87, 9, 8.12, 2000, 2000, 1662, 16070.00, 12595.00, 11343.75, 12813.75
2430, 1, 41.493931, -86.322670, 30.66, 80.64, 9, 8.35, 2000, 2000, 1666, 15826.25, 12620.00, 11375.00, 12822.50
2431, 1, 41.493937, -86.322662, 32.42, 81.27, 9, 7.90, 2000, 2000, 1658, 15982.50, 12506.25, 11411.25, 12770.00
2432, 1, 41.493940, -86.322662, 37.80, 81.79, 9, 8.03, 2000, 2000, 1660, 16073.75, 12538.75, 11443.75, 12806.25
2433, 1, 41.493946, -86.322655, 41.68, 82.46, 9, 6.95, 2000, 2000, 1639, 16278.75, 12500.00, 11490.00, 12736.25
2435, 1, 41.493950, -86.322655, 46.52, 82.99, 9, 5.73, 2000, 2000, 1614, 15867.50, 12553.75, 11531.25, 12765.00
2436, 1, 41.493954, -86.322647, 50.15, 83.42, 9, 4.96, 2000, 2000, 1599, 16361.25, 12470.00, 11571.25, 12733.75
2437, 1, 41.493958, -86.322639, 54.16, 83.86, 9, 3.66, 2000, 2000, 1573, 16418.75, 12580.00, 11588.75, 12802.50
2438, 1, 41.493959, -86.322639, 56.60, 84.14, 9, 1.27, 2000, 2000, 1525, 16728.75, 12615.00, 11615.00, 12805.00
2439, 1, 41.493965, -86.322624, 60.98, 84.80, 9, 0.85, 2000, 2000, 1516, 16482.50, 12517.50, 11630.00, 12800.00
2440, 1, 41.493967, -86.322617, 61.53, 85.00, 9, 0.59, 2000, 2000, 1511, 16186.25, 12688.75, 11656.25, 12841.25
2441, 1, 41.493969, -86.322609, 65.78, 85.21, 9, -0.82, 2000, 2000, 1483, 15660.00, 12613.75, 11663.75, 12842.50
2442, 1, 41.493971, -86.322609, 68.07, 85.51, 9, -2.51, 2000, 2000, 1449, 15947.50, 12630.00, 11677.50, 12782.50
2443, 1, 41.493973, -86.322601, 70.71, 85.73, 9, -3.21, 2000, 2000, 1435, 16006.25, 12535.00, 11693.75, 12787.50
2444, 1, 41.493975, -86.322594, 75.19, 85.96, 9, -5.15, 2000, 2000, 1396, 16702.50, 12647.50, 11696.25, 12836.25
2445, 1, 41.493975, -86.322586, 72.93, 85.89, 9, -5.26, 2000, 2000, 1394, 16283.75, 12512.50, 11713.75, 12751.25
2446, 1, 41.493975, -86.322578, 75.18, 85.81, 9, -4.94, 2000, 2000, 1401, 16500.00, 12416.25, 11713.75, 12642.50
2447, 1, 41.493977, -86.322571, 74.45, 86.05, 9, -6.21, 2000, 2000, 1375, 16571.25, 12505.00, 11708.75, 12736.25
2448, 1, 41.493977, -86.322571, 77.28, 86.05, 9, -5.43, 2000, 2000, 1391, 16103.75, 12621.25, 11712.50, 12848.75
2449, 1, 41.493977, -86.322563, 75.16, 85.97, 9, -5.63, 2000, 2000, 1387, 16446.25, 12617.50, 11707.50, 12738.75
2451, 1, 41.493977, -86.322556, 78.51, 85.89, 9, -5.23, 2000, 2000, 1395, 16176.25, 12558.75, 11705.00, 12775.00
2452, 1, 41.493977, -86.322548, 78.88, 85.81, 9, -5.65, 2000, 2000, 1386, 16482.50, 12531.25, 11720.00, 12823.75
2453, 1, 41.493977, -86.322548, 80.40, 85.81, 9, -6.63, 2000, 2000, 1367, 16226.25, 12440.00, 11727.50, 12703.75
2454, 1, 41.493979, -86.322540, 81.40, 86.07, 9, -6.71, 2000, 2000, 1365, 16587.50, 12516.25, 11726.25, 12751.25
2455, 1, 41.493979, -86.322533, 82.76, 85.99, 9, -8.07, 2000, 2000, 1338, 16665.00, 12502.50, 11732.50, 12706.25
2456, 1, 41.493980, -86.322525, 83.05, 86.27, 9, -8.06, 2000, 2000, 1338, 16720.00, 12515.00, 11718.75, 12693.75
2457, 1, 41.493980, -86.322525, 81.64, 86.27, 9, -7.17, 2000, 2000, 1356, 16827.50, 12490.00, 11727.50, 12703.75
2458, 1, 41.493980, -86.322517, 83.95, 86.19, 9, -8.30, 2000, 2000, 1334, 16316.25, 12561.25, 11713.75, 12787.50
2459, 1, 41.493980, -86.322517, 85.01, 86.19, 9, -8.92, 2000, 2000, 1321, 16696.25, 12617.50, 11722.50, 12658.75
2460, 1, 41.493980, -86.322510, 86.13, 86.10, 9, -8.68, 2000, 2000, 1326, 16157.50, 12325.00, 11735.00, 12752.50
2461, 1, 41.493980, -86.322510, 84.07, 86.10, 9, -8.25, 2000, 2000, 1335, 16423.75, 12353.75, 11731.25, 12628.75
2462, 1, 41.493980, -86.322502, 81.25, 86.01, 9, -6.20, 2000, 2000, 1375, 17306.25, 12472.50, 11727.50, 12630.00
2463, 1, 41.493980, -86.322502, 77.56, 86.01, 9, -5.17, 2000, 2000, 1396, 16961.25, 12447.50, 11726.25, 12696.25
2464, 1, 41.493980, -86.322502, 77.28, 86.01, 9, -4.37, 2000, 2000, 1412, 16912.50, 12440.00, 11707.50, 12686.25
2465, 1, 41.493980, -86.322495, 75.88, 85.91, 9, -1.40, 2000, 2000, 1472, 16848.75, 12426.25, 11712.50, 12672.50
2466, 1, 41.493980, -86.322495, 74.21, 85.91, 9, 0.13, 2000, 2000, 1502, 16996.25, 12502.50, 11712.50, 12710.00
2467, 1, 41.493980, -86.322487, 71.92, 85.81, 9, 2.28, 2000, 2000, 1545, 17226.25, 12496.25, 11703.75, 12605.00
2468, 1, 41.493980, -86.322487, 70.15, 85.81, 9, 3.43, 2000, 2000, 1568, 16300.00, 12381.25, 11692.50, 12656.25
2470, 1, 41.493980, -86.322479, 70.85, 85.70, 9, 4.89, 2000, 2000, 1597, 15745.00, 12438.75, 11702.50, 12711.25
2471, 1, 41.493982, -86.322479, 72.76, 86.13, 9, 5.89, 2000, 2000, 1617, 16945.00, 12458.75, 11695.00, 12626.25
2472, 1, 41.493982, -86.322472, 69.71, 86.03, 9, 6.15, 2000, 2000, 1622, 16757.50, 12368.75, 11705.00, 12752.50
2473, 1, 41.493982, -86.322472, 72.71, 86.03, 9, 5.88, 2000, 2000, 1617, 16825.00, 12428.75, 11713.75, 12676.25
2474, 1, 41.493982, -86.322464, 73.97, 85.92, 9, 5.62, 2000, 2000, 1612, 17482.50, 12442.50, 11713.75, 12690.00
2475, 1, 41.493984, -86.322464, 74.82, 86.37, 9, 4.33, 2000, 2000, 1586, 17095.00, 12380.00, 11707.50, 12652.50
2476, 1, 41.493984, -86.322464, 75.99, 86.37, 9, 4.86, 2000, 2000, 1597, 16725.00, 12396.25, 11706.25, 12583.75
2477, 1, 41.493984, -86.322456, 73.05, 86.27, 9, 5.66, 2000, 2000, 1613, 17633.75, 12461.25, 11716.25, 12692.50
2478, 1, 41.493984, -86.322456, 74.45, 86.27, 9, 6.89, 2000, 2000, 1637, 16885.00, 12307.50, 11705.00, 12690.00
2479, 1, 41.493982, -86.322456, 76.05, 85.81, 9, 6.33, 2000, 2000, 1626, 16732.50, 12428.75, 11702.50, 12596.25
2480, 1, 41.493982, -86.322456, 76.75, 85.81, 9, 5.81, 2000, 2000, 1616, 16078.75, 12481.25, 11712.50, 12722.50
2481, 1, 41.493982, -86.322449, 78.03, 85.69, 9, 4.93, 2000, 2000, 1598, 16395.00, 12340.00, 11726.25, 12538.75
2482, 1, 41.493982, -86.322449, 83.12, 85.69, 9, 3.68, 2000, 2000, 1573, 17337.50, 12505.00, 11732.50, 12686.25
2483, 1, 41.493984, -86.322449, 85.51, 86.17, 9, 1.85, 2000, 2000, 1536, 17921.25, 12340.00, 11727.50, 12581.25
2485, 1, 41.493984, -86.322449, 87.51, 86.17, 9, -0.23, 2000, 2000, 1495, 18146.25, 12276.25, 11736.25, 12520.00
2486, 1, 41.493984, -86.322441, 93.03, 86.05, 9, -3.53, 2000, 2000, 1429, 16838.75, 12406.25, 11743.75, 12648.75
2487, 1, 41.493986, -86.322441, 92.21, 86.55, 9, -5.71, 2000, 2000, 1385, 17373.75, 12347.50, 11740.00, 12548.75
2488, 1, 41.493986, -86.322441, 94.24, 86.55, 9, -7.68, 2000, 2000, 1346, 16730.00, 12283.75, 11733.75, 12665.00
2489, 0, 41.493986, -86.322441, 93.83, 86.55, 9, -7.59, 1875, 1875, 1500, 10827.50, 13111.25, 11735.00, 13305.00
2490, 0, 41.493986, -86.322441, 97.52, 86.55, 9, -7.59, 1725, 1725, 1500, 2847.50, 14142.50, 11666.25, 14273.75
2491, 0, 41.493986, -86.322441, 97.86, 86.55, 9, -7.59, 1575, 1575, 1500, -1520.00, 13497.50, 7.50, 13472.50
2492, 0, 41.493986, -86.322441, 108.44, 86.55, 9, -7.59, 1500, 1500, 1500, 140.00, 13513.75, 7.50, 13505.00
2493, 0, 41.493986, -86.322441, 111.08, 86.55, 9, -7.59, 1500, 1500, 1500, 186.25, 14528.75, 11642.50, 14636.25
2494, 0, 41.493986, -86.322441, 108.54, 86.55, 9, -7.59, 1500, 1500, 1500, 161.25, 14555.00, 11636.25, 14661.25
2495, 0, 41.493988, -86.322441, 104.02, 86.55, 9, -7.59, 1500, 1500, 1500, 155.00, 14565.00, 11630.00, 14547.50
2496, 0, 41.493988, -86.322441, 111.31, 86.55, 9, -7.59, 1500, 1500, 1500, 203.75, 14575.00, 11626.25, 14682.50
2498, 0, 41.493988, -86.322441, 100.87, 86.55, 9, -7.59, 1500, 1500, 1500, 92.50, 13555.00, 7.50, 13547.50
2499, 0, 41.493990, -86.322441, 109.07, 86.55, 9, -7.59, 1500, 1500, 1500, 152.50, 14593.75, 11637.50, 14705.00
2500, 0, 41.493990, -86.322441, 99.38, 86.55, 9, -7.59, 1500, 1500, 1500, 161.25, 14605.00, 11655.00, 14715.00
2501, 0, 41.493990, -86.322441, 110.74, 86.55, 9, -7.59, 1500, 1500, 1500, 163.75, 14611.25, 11612.50, 14721.25
2502, 0, 41.493992, -86.322441, 101.09, 86.55, 9, -7.59, 1500, 1500, 1500, 167.50, 14620.00, 11630.00, 14727.50
2503, 0, 41.493992, -86.322441, 100.30, 86.55, 9, -7.59, 1500, 1500, 1500, 146.25, 13830.00, 7.50, 14226.25
2504, 0, 41.493992, -86.322441, 108.85, 86.55, 9, -7.59, 1500, 1500, 1500, 975.00, 14585.00, 11606.25, 14713.75
2505, 0, 41.493992, -86.322441, 99.24, 86.55, 9, -7.59, 1500, 1500, 1500, 117.50, 13886.25, 8.75, 13635.00
2507, 0, 41.493994, -86.322441, 98.00, 86.55, 9, -7.59, 1500, 1500, 1500, -1695.00, 13713.75, 11593.75, 14183.75
2508, 0, 41.493994, -86.322441, 110.28, 86.55, 9, -7.59, 1500, 1500, 1500, 131.25, 14052.50, 2860.00, 14595.00
2509, 0, 41.493994, -86.322441, 101.77, 86.55, 9, -7.59, 1500, 1500, 1500, 175.00, 13908.75, 8.75, 13633.75
2510, 0, 41.493994, -86.322441, 100.99, 86.55, 9, -7.59, 1500, 1500, 1500, 173.75, 14661.25, 11562.50, 14765.00
2511, 0, 41.493994, -86.322441, 110.84, 86.55, 9, -7.59, 1500, 1500, 1500, -1918.75, 14673.75, 8.75, 14670.00
2512, 0, 41.493994, -86.322441, 108.90, 86.55, 9, -7.59, 1500, 1500, 1500, 165.00, 14598.75, 10561.25, 13866.25
2513, 0, 41.493994, -86.322441, 93.03, 86.55, 9, -7.59, 1500, 1500, 1500, 1345.00, 14650.00, 6836.25, 14711.25
2514, 0, 41.493994, -86.322441, 103.31, 86.55, 9, -7.59, 1500, 1500, 1500, 130.00, 13651.25, 8.75, 13650.00
2515, 0, 41.493996, -86.322441, 105.53, 86.55, 9, -7.59, 1500, 1500, 1500, 2025.00, 14586.25, 10210.00, 14751.25
2516, 0, 41.493994, -86.322441, 95.33, 86.55, 9, -7.59, 1500, 1500, 1500, 181.25, 14695.00, 11575.00, 14808.75
2517, 0, 41.493996, -86.322441, 97.46, 86.55, 9, -7.59, 1500, 1500, 1500, 205.00, 14696.25, 11565.00, 14802.50
2519, 0, 41.493996, -86.322441, 105.63, 86.55, 9, -7.59, 1500, 1500, 1500, 25.00, 13683.75, 7.50, 13676.25
2520, 0, 41.493996, -86.322441, 98.74, 86.55, 9, -7.59, 1500, 1500, 1500, -462.50, 13697.50, 8.75, 13685.00
2521, 0, 41.493996, -86.322441, 97.82, 86.55, 9, -7.59, 1500, 1500, 1500, -225.00, 13697.50, 10.00, 13690.00
2522, 0, 41.493996, -86.322441, 101.05, 86.55, 9, -7.59, 1500, 1500, 1500, 153.75, 13690.00, 8.75, 13681.25
2523, 0, 41.493996, -86.322441, 99.28, 86.55, 9, -7.59, 1500, 1500, 1500, 176.25, 14723.75, 11565.00, 14840.00
2524, 0, 41.493996, -86.322449, 97.52, 86.55, 9, -7.59, 1500, 1500, 1500, 155.00, 14738.75, 11577.50, 14660.00
2525, 0, 41.493996, -86.322449, 107.56, 86.55, 9, -7.59, 1500, 1500, 1500, 158.75, 14021.25, 7673.75, 13845.00
2526, 0, 41.493994, -86.322449, 100.82, 86.55, 9, -7.59, 1500, 1500, 1500, 155.00, 14751.25, 11563.75, 14858.75
2528, 0, 41.493994, -86.322449, 85.10, 86.55, 9, -7.59, 1500, 1500, 1500, 2040.00, 13715.00, 1701.25, 14667.50
2529, 0, 41.493994, -86.322449, 84.51, 86.55, 9, -7.59, 1500, 1500, 1500, 123.75, 13730.00, 8.75, 13726.25
2530, 0, 41.493994, -86.322449, 87.68, 86.55, 9, -7.59, 1500, 1500, 1500, 183.75, 14768.75, 11563.75, 14881.25
2531, 0, 41.493996, -86.322449, 91.11, 86.55, 9, -7.59, 1500, 1500, 1500, 175.00, 14778.75, 11572.50, 14883.75
2532, 0, 41.493998, -86.322449, 95.38, 86.55, 9, -7.59, 1500, 1500, 1500, -91.25, 14053.75, 4761.25, 13826.25
2533, 0, 41.493999, -86.322449, 110.73, 86.55, 9, -7.59, 1500, 1500, 1500, 213.75, 14786.25, 11573.75, 14896.25
2534, 0, 41.493999, -86.322449, 105.75, 86.55, 9, -7.59, 1500, 1500, 1500, 150.00, 13757.50, 8.75, 13753.75
2535, 0, 41.494001, -86.322449, 108.81, 86.55, 9, -7.59, 1500, 1500, 1500, 2197.50, 14733.75, 11575.00, 14882.50
2536, 0, 41.494001, -86.322449, 111.97, 86.55, 9, -7.59, 1500, 1500, 1500, 141.25, 13773.75, 8.75, 13768.75
2538, 0, 41.494003, -86.322449, 114.51, 86.55, 9, -7.59, 1500, 1500, 1500, 152.50, 14817.50, 11570.00, 14925.00
2539, 0, 41.494003, -86.322449, 122.54, 86.55, 9, -7.59, 1500, 1500, 1500, 156.25, 14825.00, 11545.00, 14932.50
2540, 0, 41.494005, -86.322456, 124.86, 86.55, 9, -7.59, 1500, 1500, 1500, -2256.25, 13837.50, 1492.50, 13841.25
2541, 0, 41.494007, -86.322456, 125.24, 86.55, 9, -7.59, 1500, 1500, 1500, 203.75, 14835.00, 11537.50, 14945.00
2542, 0, 41.494007, -86.322456, 128.49, 86.55, 9, -7.59, 1500, 1500, 1500, 101.25, 13817.50, 7.50, 13813.75
2543, 0, 41.494007, -86.322456, 116.81, 86.55, 9, -7.59, 1500, 1500, 1500, 145.00, 13938.75, 8.75, 14481.25
2544, 0, 41.494007, -86.322456, 126.76, 86.55, 9, -7.59, 1500, 1500, 1500, 96.25, 13828.75, 7.50, 13817.50
2545, 0, 41.494007, -86.322456, 120.50, 86.55, 9, -7.59, 1500, 1500, 1500, 230.00, 14053.75, 8.75, 14115.00
2546, 0, 41.494007, -86.322456, 125.93, 86.55, 9, -7.59, 1500, 1500, 1500, 137.50, 13840.00, 10.00, 13837.50
2547, 0, 41.494009, -86.322456, 117.26, 86.55, 9, -7.59, 1500, 1500, 1500, -812.50, 14697.50, 8.75, 13861.25
2549, 0, 41.494009, -86.322456, 125.19, 86.55, 9, -7.59, 1500, 1500, 1500, 167.50, 14893.75, 11543.75, 15005.00
2550, 0, 41.494011, -86.322456, 125.64, 86.55, 9, -7.59, 1500, 1500, 1500, 146.25, 13860.00, 10.00, 13855.00
2551, 0, 41.494011, -86.322456, 117.33, 86.55, 9, -7.59, 1500, 1500, 1500, 158.75, 14908.75, 11526.25, 15017.50
2552, 0, 41.494011, -86.322456, 123.94, 86.55, 9, -7.59, 1500, 1500, 1500, 153.75, 14923.75, 11541.25, 15030.00
2553, 1, 41.494013, -86.322464, 110.93, 93.17, 9, -27.41, 1625, 1625, 951, 786.25, 14843.75, 11557.50, 14958.75
2554, 1, 41.494013, -86.322464, 122.17, 93.17, 9, -26.35, 1775, 1775, 973, 3631.25, 14502.50, 11583.75, 14630.00
2555, 1, 41.494013, -86.322456, 115.22, 93.26, 9, -25.53, 1925, 1925, 989, 8255.00, 13931.25, 11653.75, 14078.75
2556, 1, 41.494015, -86.322456, 114.83, 93.73, 9, -28.96, 2000, 2000, 920, 18356.25, 12492.50, 11686.25, 12797.50
2557, 1, 41.494013, -86.322456, 116.12, 93.26, 9, -28.64, 2000, 2000, 927, 18832.50, 12515.00, 11700.00, 12762.50
2558, 1, 41.494011, -86.322449, 116.39, 92.88, 9, -29.10, 2000, 2000, 918, 18162.50, 12591.25, 11697.50, 12823.75
2559, 1, 41.494007, -86.322449, 112.00, 91.92, 9, -28.44, 2000, 2000, 931, 17376.25, 12603.75, 11710.00, 12798.75
2560, 1, 41.494005, -86.322441, 105.20, 91.48, 9, -25.62, 2000, 2000, 987, 17016.25, 12553.75, 11716.25, 12835.00
2561, 1, 41.494001, -86.322433, 98.38, 90.51, 9, -21.80, 2000, 2000, 1063, 17158.75, 12483.75, 11725.00, 12812.50
2562, 1, 41.494001, -86.322433, 94.22, 90.51, 9, -18.20, 2000, 2000, 1136, 17271.25, 12488.75, 11717.50, 12711.25
2563, 1, 41.493999, -86.322426, 91.80, 90.00, 9, -16.69, 2000, 2000, 1166, 17317.50, 12385.00, 11713.75, 12630.00
2564, 1, 41.493998, -86.322418, 89.52, 89.46, 9, -15.80, 2000, 2000, 1184, 17238.75, 12606.25, 11716.25, 12833.75
2566, 1, 41.493998, -86.322418, 85.99, 89.46, 9, -13.15, 2000, 2000, 1236, 16408.75, 12540.00, 11721.25, 12905.00
2567, 1, 41.493996, -86.322411, 80.93, 88.88, 9, -12.00, 2000, 2000, 1260, 16977.50, 12526.25, 11701.25, 12770.00
2568, 1, 41.493996, -86.322403, 79.73, 88.84, 9, -9.94, 2000, 2000, 1301, 16323.75, 12618.75, 11687.50, 12950.00
2569, 1, 41.493996, -86.322395, 72.93, 88.80, 9, -4.78, 2000, 2000, 1404, 17038.75, 12688.75, 11676.25, 12876.25
2570, 1, 41.493996, -86.322380, 72.99, 88.71, 9, -2.54, 2000, 2000, 1449, 16192.50, 12603.75, 11662.50, 12860.00
2571, 1, 41.493998, -86.322372, 72.80, 89.33, 9, -1.94, 2000, 2000, 1461, 16802.50, 12592.50, 11677.50, 12773.75
2572, 1, 41.493998, -86.322365, 74.58, 89.30, 9, -0.33, 2000, 2000, 1493, 16631.25, 12663.75, 11666.25, 12777.50
2573, 1, 41.493999, -86.322357, 73.12, 90.00, 9, 1.09, 2000, 2000, 1521, 15800.00, 12658.75, 11668.75, 12851.25
2574, 1, 41.493999, -86.322350, 75.74, 90.00, 9, 0.82, 2000, 2000, 1516, 16130.00, 12597.50, 11665.00, 12816.25
2575, 1, 41.494001, -86.322342, 76.47, 90.80, 9, 0.76, 2000, 2000, 1515, 16596.25, 12482.50, 11671.25, 12670.00
2576, 1, 41.494001, -86.322334, 71.06, 90.84, 9, 3.73, 2000, 2000, 1574, 17288.75, 12435.00, 11670.00, 12700.00
2577, 1, 41.494001, -86.322334, 69.95, 90.84, 9, 6.24, 2000, 2000, 1624, 17072.50, 12536.25, 11663.75, 12781.25
2578, 1, 41.494003, -86.322327, 68.89, 91.77, 9, 9.04, 2000, 2000, 1680, 17012.50, 12533.75, 11652.50, 12763.75
2579, 1, 41.494003, -86.322319, 68.59, 91.87, 9, 11.55, 2000, 2000, 1730, 16310.00, 12543.75, 11648.75, 12718.75
2580, 1, 41.494005, -86.322311, 71.56, 92.96, 9, 11.97, 2000, 2000, 1739, 17121.25, 12608.75, 11650.00, 12798.75
2582, 1, 41.494007, -86.322311, 71.27, 93.95, 9, 11.91, 2000, 2000, 1738, 17412.50, 12602.50, 11663.75, 12837.50
2583, 1, 41.494007, -86.322304, 72.54, 323.54, 10, -88.91, 1950, 2000, 500, 15951.25, 12708.75, 11666.25, 12872.50
2584, 1, 41.494009, -86.322296, 65.43, 323.28, 10, -90.37, 1800, 2000, 500, 11560.00, 13137.50, 11620.00, 13316.25
2585, 1, 41.494009, -86.322296, 59.30, 323.28, 10, -88.28, 1625, 2000, 500, 9552.50, 13441.25, 11566.25, 13525.00
2586, 1, 41.494009, -86.322289, 49.19, 323.07, 10, -85.35, 1450, 2000, 500, 9005.00, 13467.50, 11503.75, 13648.75
2587, 1, 41.494011, -86.322281, 36.93, 322.82, 10, -81.54, 1369, 2000, 500, 9403.75, 13512.50, 11393.75, 13647.50
2588, 1, 41.494013, -86.322281, 29.67, 322.77, 10, -77.32, 1453, 2000, 500, 9517.50, 13472.50, 11298.75, 13656.25
2589, 1, 41.494015, -86.322273, 20.40, 322.52, 10, -74.47, 1510, 2000, 500, 8995.00, 13528.75, 11250.00, 13700.00
2590, 1, 41.494017, -86.322273, 13.02, 322.47, 10, -70.49, 1590, 2000, 500, 9092.50, 13508.75, 11207.50, 13610.00
2591, 1, 41.494020, -86.322273, 5.11, 322.38, 10, -66.58, 1668, 2000, 500, 9610.00, 13445.00, 11240.00, 13645.00
2592, 1, 41.494024, -86.322266, 356.86, 322.08, 10, -61.61, 1767, 2000, 500, 11002.50, 13351.25, 11260.00, 13483.75
2593, 1, 41.494028, -86.322266, 347.69, 321.98, 10, -57.24, 1855, 2000, 500, 13396.25, 13045.00, 11287.50, 13185.00
2594, 1, 41.494034, -86.322266, 341.01, 321.84, 10, -52.51, 1947, 2000, 500, 14173.75, 12800.00, 11318.75, 12962.50
2595, 1, 41.494038, -86.322266, 331.81, 321.75, 10, -48.27, 2000, 2000, 534, 16328.75, 12550.00, 11338.75, 12826.25
2596, 1, 41.494041, -86.322273, 325.57, 321.86, 10, -42.70, 2000, 2000, 646, 16816.25, 12607.50, 11337.50, 12827.50
2597, 1, 41.494047, -86.322273, 317.36, 321.71, 10, -36.78, 2000, 2000, 764, 16562.50, 12550.00, 11357.50, 12785.00
2598, 1, 41.494051, -86.322273, 310.61, 321.62, 10, -30.14, 2000, 2000, 897, 16130.00, 12491.25, 11360.00, 12773.75
2599, 1, 41.494053, -86.322281, 301.91, 321.78, 10, -23.85, 2000, 2000, 1022, 15982.50, 12572.50, 11365.00, 12803.75
2601, 1, 41.494057, -86.322289, 293.81, 321.89, 10, -17.39, 2000, 2000, 1152, 17142.50, 12470.00, 11372.50, 12705.00
2602, 1, 41.494061, -86.322289, 289.20, 321.79, 10, -11.03, 2000, 2000, 1279, 16987.50, 12565.00, 11382.50, 12803.75
2603, 1, 41.494062, -86.322296, 286.36, 321.96, 10, -7.01, 2000, 2000, 1359, 15932.50, 12522.50, 11371.25, 12788.75
2604, 1, 41.494062, -86.322304, 285.96, 322.17, 10, -3.98, 2000, 2000, 1420, 16428.75, 12495.00, 11377.50, 12722.50
2605, 1, 41.494064, -86.322304, 284.65, 322.12, 10, -1.92, 2000, 2000, 1461, 16127.50, 12551.25, 11387.50, 12812.50
2606, 1, 41.494064, -86.322319, 284.39, 322.55, 10, -0.48, 2000, 2000, 1490, 16673.75, 12573.75, 11390.00, 12833.75
2607, 1, 41.494064, -86.322327, 285.52, 322.77, 10, 1.50, 2000, 2000, 1530, 15545.00, 12541.25, 11373.75, 12826.25
2608, 1, 41.494066, -86.322334, 286.89, 322.94, 10, 2.10, 2000, 2000, 1541, 16223.75, 12566.25, 11381.25, 12738.75
2609, 1, 41.494066, -86.322342, 289.11, 323.16, 10, 2.74, 2000, 2000, 1554, 16623.75, 12555.00, 11395.00, 12787.50
2610, 1, 41.494066, -86.322350, 289.57, 323.38, 10, 2.84, 2000, 2000, 1556, 17143.75, 12433.75, 11385.00, 12630.00
2611, 1, 41.494068, -86.322357, 292.89, 323.55, 10, 2.31, 2000, 2000, 1546, 16377.50, 12428.75, 11377.50, 12767.50
2612, 1, 41.494068, -86.322357, 296.24, 323.55, 10, 1.71, 2000, 2000, 1534, 16547.50, 12475.00, 11393.75, 12655.00
2613, 1, 41.494070, -86.322365, 296.07, 323.73, 10, 1.68, 2000, 2000, 1533, 16931.25, 12507.50, 11377.50, 12717.50
2614, 1, 41.494070, -86.322372, 298.81, 323.95, 10, 1.04, 2000, 2000, 1520, 16483.75, 12518.75, 11371.25, 12697.50
2615, 1, 41.494072, -86.322380, 302.25, 324.13, 10, 0.11, 2000, 2000, 1502, 15717.50, 12482.50, 11367.50, 12731.25
2616, 1, 41.494072, -86.322380, 304.80, 324.13, 10, -0.31, 2000, 2000, 1493, 16368.75, 12415.00, 11366.25, 12646.25
2618, 1, 41.494074, -86.322388, 306.40, 324.31, 10, -1.00, 2000, 2000, 1479, 16173.75, 12420.00, 11372.50, 12652.50
2619, 1, 41.494076, -86.322388, 307.57, 324.26, 10, -0.80, 2000, 2000, 1484, 16175.00, 12386.25, 11365.00, 12736.25
2620, 1, 41.494078, -86.322395, 307.63, 324.44, 10, -1.02, 2000, 2000, 1479, 16971.25, 12395.00, 11360.00, 12653.75
2621, 1, 41.494081, -86.322403, 306.39, 324.57, 10, 0.63, 2000, 2000, 1512, 16192.50, 12432.50, 11357.50, 12655.00
2622, 1, 41.494081, -86.322403, 308.47, 324.57, 10, 1.17, 2000, 2000, 1523, 9116.25, 13343.75, 11332.50, 13553.75
2623, 1, 41.494081, -86.322411, 308.33, 324.81, 10, 0.60, 2000, 2000, 1512, 17316.25, 12345.00, 11356.25, 12600.00
2624, 1, 41.494083, -86.322411, 310.88, 324.76, 10, 0.53, 2000, 2000, 1510, 17328.75, 12383.75, 11350.00, 12607.50
2625, 1, 41.494083, -86.322411, 311.85, 324.76, 10, -0.25, 2000, 2000, 1495, 17008.75, 12441.25, 11360.00, 12606.25
2626, 1, 41.494083, -86.322411, 316.02, 324.76, 10, -2.14, 2000, 2000, 1457, 18678.75, 12131.25, 11356.25, 12383.75
2627, 1, 41.494085, -86.322418, 316.89, 324.94, 10, -2.11, 2000, 2000, 1457, 17717.50, 12395.00, 11337.50, 12612.50
2628, 0, 41.494085, -86.322418, 317.31, 324.94, 10, -2.81, 1900, 1900, 1500, 13401.25, 12822.50, 11331.25, 13005.00
2629, 0, 41.494085, -86.322418, 315.06, 324.94, 10, -2.81, 1725, 1725, 1500, 558.75, 14422.50, 11260.00, 14531.25
2630, 0, 41.494087, -86.322418, 320.70, 324.94, 10, -2.81, 1550, 1550, 1500, 330.00, 14470.00, 11241.25, 14578.75
2632, 0, 41.494087, -86.322418, 321.30, 324.94, 10, -2.81, 1500, 1500, 1500, 176.25, 14516.25, 11256.25, 14621.25
2633, 0, 41.494087, -86.322418, 319.28, 324.94, 10, -2.81, 1500, 1500, 1500, 176.25, 14527.50, 11242.50, 14626.25
2634, 0, 41.494087, -86.322418, 319.27, 324.94, 10, -2.81, 1500, 1500, 1500, 162.50, 14556.25, 11241.25, 14641.25
2635, 0, 41.494087, -86.322418, 325.95, 324.94, 10, -2.81, 1500, 1500, 1500, 346.25, 13567.50, 7.50, 13533.75
2636, 0, 41.494087, -86.322418, 324.64, 324.94, 10, -2.81, 1500, 1500, 1500, -481.25, 13606.25, 7.50, 13585.00
2637, 0, 41.494087, -86.322418, 323.60, 324.94, 10, -2.81, 1500, 1500, 1500, 186.25, 14593.75, 11215.00, 14697.50
2638, 0, 41.494085, -86.322418, 320.87, 324.94, 10, -2.81, 1500, 1500, 1500, 136.25, 13606.25, 8.75, 13598.75
2639, 0, 41.494085, -86.322418, 325.72, 324.94, 10, -2.81, 1500, 1500, 1500, 96.25, 13617.50, 8.75, 13612.50
2641, 0, 41.494085, -86.322418, 322.53, 324.94, 10, -2.81, 1500, 1500, 1500, -1782.50, 13697.50, 10.00, 13631.25
2642, 0, 41.494085, -86.322418, 325.24, 324.94, 10, -2.81, 1500, 1500, 1500, 166.25, 14621.25, 11218.75, 14731.25
2643, 0, 41.494085, -86.322418, 320.83, 324.94, 10, -2.81, 1500, 1500, 1500, 162.50, 14640.00, 11210.00, 14743.75
2644, 0, 41.494085, -86.322418, 325.09, 324.94, 10, -2.81, 1500, 1500, 1500, -240.00, 13660.00, 7.50, 13650.00
2645, 0, 41.494085, -86.322418, 320.56, 324.94, 10, -2.81, 1500, 1500, 1500, 221.25, 13636.25, 8.75, 13630.00
2646, 0, 41.494085, -86.322418, 321.89, 324.94, 10, -2.81, 1500, 1500, 1500, -678.75, 13680.00, 8.75, 13668.75
2647, 0, 41.494085, -86.322418, 324.54, 324.94, 10, -2.81, 1500, 1500, 1500, 165.00, 14651.25, 11251.25, 14638.75
2648, 0, 41.494085, -86.322418, 322.20, 324.94, 10, -2.81, 1500, 1500, 1500, 2023.75, 14586.25, 7.50, 14510.00
2649, 0, 41.494085, -86.322418, 325.57, 324.94, 10, -2.81, 1500, 1500, 1500, 223.75, 13672.50, 10542.50, 13667.50
2651, 0, 41.494085, -86.322418, 317.73, 324.94, 10, -2.81, 1500, 1500, 1500, 130.00, 13816.25, 8.75, 13960.00
2652, 0, 41.494087, -86.322418, 314.58, 324.94, 10, -2.81, 1500, 1500, 1500, 162.50, 14692.50, 11232.50, 14800.00
2653, 0, 41.494087, -86.322418, 303.72, 324.94, 10, -2.81, 1500, 1500, 1500, 157.50, 14295.00, 11605.00, 14772.50
2654, 0, 41.494087, -86.322418, 304.76, 324.94, 10, -2.81, 1500, 1500, 1500, 170.00, 14708.75, 11223.75, 14812.50
2655, 0, 41.494087, -86.322418, 302.69, 324.94, 10, -2.81, 1500, 1500, 1500, 117.50, 13715.00, 7.50, 13708.75
2656, 0, 41.494089, -86.322418, 301.27, 324.94, 10, -2.81, 1500, 1500, 1500, 2435.00, 13710.00, 7683.75, 14766.25
2657, 0, 41.494089, -86.322418, 305.83, 324.94, 10, -2.81, 1500, 1500, 1500, 126.25, 13723.75, 7.50, 13718.75
2658, 0, 41.494089, -86.322418, 299.31, 324.94, 10, -2.81, 1500, 1500, 1500, 167.50, 14737.50, 11241.25, 14846.25
2660, 0, 41.494089, -86.322418, 301.99, 324.94, 10, -2.81, 1500, 1500, 1500, 163.75, 14743.75, 11233.75, 14847.50
2661, 0, 41.494089, -86.322418, 293.73, 324.94, 10, -2.81, 1500, 1500, 1500, 18.75, 13750.00, 7.50, 13741.25
2662, 0, 41.494089, -86.322418, 289.35, 324.94, 10, -2.81, 1500, 1500, 1500, 155.00, 14757.50, 11226.25, 14445.00
2663, 0, 41.494089, -86.322418, 295.45, 324.94, 10, -2.81, 1500, 1500, 1500, 145.00, 13763.75, 7.50, 14082.50
2664, 0, 41.494089, -86.322418, 285.73, 324.94, 10, -2.81, 1500, 1500, 1500, 143.75, 13762.50, 8.75, 13758.75
2665, 0, 41.494089, -86.322418, 293.65, 324.94, 10, -2.81, 1500, 1500, 1500, 211.25, 14778.75, 11250.00, 14885.00
2666, 0, 41.494087, -86.322418, 294.02, 324.94, 10, -2.81, 1500, 1500, 1500, 158.75, 14791.25, 11247.50, 14895.00
2667, 0, 41.494089, -86.322418, 284.02, 324.94, 10, -2.81, 1500, 1500, 1500, 148.75, 14385.00, 8342.50, 14845.00
2668, 0, 41.494089, -86.322418, 288.47, 324.94, 10, -2.81, 1500, 1500, 1500, 502.50, 14778.75, 11223.75, 14865.00
2669, 0, 41.494089, -86.322418, 289.72, 324.94, 10, -2.81, 1500, 1500, 1500, 97.50, 13807.50, 10.00, 13800.00
2671, 0, 41.494089, -86.322418, 289.15, 324.94, 10, -2.81, 1500, 1500, 1500, 166.25, 14817.50, 11236.25, 14920.00
2672, 0, 41.494089, -86.322418, 278.14, 324.94, 10, -2.81, 1500, 1500, 1500, 167.50, 14828.75, 11251.25, 14935.00
2673, 0, 41.494089, -86.322418, 279.53, 324.94, 10, -2.81, 1500, 1500, 1500, 166.25, 14836.25, 11240.00, 14938.75
2674, 0, 41.494089, -86.322418, 285.18, 324.94, 10, -2.81, 1500, 1500, 1500, 137.50, 13836.25, 7.50, 13832.50
2675, 0, 41.494089, -86.322418, 275.04, 324.94, 10, -2.81, 1500, 1500, 1500, 153.75, 13842.50, 7.50, 13837.50
2676, 0, 41.494091, -86.322418, 282.95, 324.94, 10, -2.81, 1500, 1500, 1500, 167.50, 14865.00, 11260.00, 14970.00
2677, 0, 41.494091, -86.322418, 271.71, 324.94, 10, -2.81, 1500, 1500, 1500, 151.25, 13860.00, 7.50, 13856.25
2678, 0, 41.494091, -86.322418, 281.48, 324.94, 10, -2.81, 1500, 1500, 1500, 170.00, 14877.50, 11242.50, 14985.00
2680, 0, 41.494091, -86.322418, 280.54, 324.94, 10, -2.81, 1500, 1500, 1500, -2092.50, 13927.50, 8.75, 13882.50
2681, 0, 41.494091, -86.322418, 269.55, 324.94, 10, -2.81, 1500, 1500, 1500, 357.50, 14887.50, 11235.00, 14991.25
2682, 0, 41.494091, -86.322418, 270.67, 324.94, 10, -2.81, 1500, 1500, 1500, -1643.75, 14001.25, 7.50, 13920.00
2683, 0, 41.494091, -86.322418, 268.03, 324.94, 10, -2.81, 1500, 1500, 1500, 66.25, 13917.50, 7.50, 13917.50
2684, 0, 41.494093, -86.322418, 266.01, 324.94, 10, -2.81, 1500, 1500, 1500, 125.00, 13931.25, 7.50, 13917.50
2685, 0, 41.494093, -86.322418, 264.21, 324.94, 10, -2.81, 1500, 1500, 1500, 158.75, 14723.75, 11057.50, 14187.50
2686, 0, 41.494095, -86.322411, 264.52, 324.94, 10, -2.81, 1500, 1500, 1500, 1696.25, 14813.75, 11223.75, 15038.75
2687, 0, 41.494095, -86.322411, 271.79, 324.94, 10, -2.81, 1500, 1500, 1500, 143.75, 14432.50, 8.75, 14291.25
2689, 0, 41.494095, -86.322411, 271.35, 324.94, 10, -2.81, 1500, 1500, 1500, 2400.00, 14918.75, 11241.25, 15047.50
2690, 0, 41.494097, -86.322411, 267.81, 324.94, 10, -2.81, 1500, 1500, 1500, 507.50, 14945.00, 11206.25, 15070.00
2691, 0, 41.494097, -86.322411, 252.98, 324.94, 10, -2.81, 1500, 1500, 1500, 790.00, 14778.75, 11197.50, 14865.00
2692, 0, 41.494097, -86.322411, 256.47, 324.94, 10, -2.81, 1500, 1500, 1500, 140.00, 13998.75, 8.75, 13996.25
2693, 0, 41.494097, -86.322411, 244.71, 324.94, 10, -2.81, 1500, 1500, 1500, 2022.50, 14911.25, 8.75, 14696.25
2694, 0, 41.494097, -86.322418, 230.52, 324.94, 10, -2.81, 1500, 1500, 1500, 131.25, 14012.50, 8.75, 14012.50
2695, 0, 41.494097, -86.322418, 224.79, 324.94, 10, -2.81, 1500, 1500, 1500, 120.00, 14051.25, 8.75, 14038.75
2696, 0, 41.494097, -86.322418, 227.99, 324.94, 10, -2.81, 1500, 1500, 1500, 152.50, 14045.00, 7.50, 14160.00
2698, 0, 41.494097, -86.322418, 218.06, 324.94, 10, -2.81, 1500, 1500, 1500, 2542.50, 15031.25, 11568.75, 15140.00
2699, 0, 41.494097, -86.322418, 214.00, 324.94, 10, -2.81, 1500, 1500, 1500, 1486.25, 14921.25, 10183.75, 15132.50
2700, 0, 41.494099, -86.322411, 221.37, 324.94, 10, -2.81, 1500, 1500, 1500, 261.25, 15108.75, 11250.00, 15201.25
2701, 0, 41.494099, -86.322411, 212.76, 324.94, 10, -2.81, 1500, 1500, 1500, -1582.50, 14227.50, 11233.75, 15106.25
2702, 0, 41.494099, -86.322411, 209.09, 324.94, 10, -2.81, 1500, 1500, 1500, 198.75, 14115.00, 10.00, 14111.25
2703, 0, 41.494101, -86.322411, 215.37, 324.94, 10, -2.81, 1500, 1500, 1500, 373.75, 14111.25, 7.50, 14118.75
2705, 0, 41.494101, -86.322411, 204.48, 324.94, 10, -2.81, 1500, 1500, 1500, -1822.50, 14127.50, 7.50, 14098.75
2706, 0, 41.494101, -86.322418, 209.54, 324.94, 10, -2.81, 1500, 1500, 1500, 1.25, 14167.50, 6.25, 14160.00
2707, 0, 41.494101, -86.322418, 207.64, 324.94, 10, -2.81, 1500, 1500, 1500, 193.75, 14892.50, 11230.00, 14722.50
2708, 0, 41.494101, -86.322418, 208.18, 324.94, 10, -2.81, 1500, 1500, 1500, 1600.00, 15160.00, 11242.50, 15286.25
2709, 0, 41.494101, -86.322418, 201.82, 324.94, 10, -2.81, 1500, 1500, 1500, -1583.75, 14297.50, 8.75, 14170.00
2710, 0, 41.494102, -86.322418, 198.89, 324.94, 10, -2.81, 1500, 1500, 1500, 126.25, 14186.25, 7.50, 14182.50
2711, 0, 41.494102, -86.322418, 199.35, 324.94, 10, -2.81, 1500, 1500, 1500, 135.00, 14180.00, 6.25, 14173.75
2712, 0, 41.494102, -86.322418, 199.58, 324.94, 10, -2.81, 1500, 1500, 1500, 472.50, 15183.75, 11272.50, 15288.75
2713, 0, 41.494102, -86.322418, 199.21, 324.94, 10, -2.81, 1500, 1500, 1500, 166.25, 15207.50, 11240.00, 15308.75
2715, 0, 41.494102, -86.322418, 202.52, 324.94, 10, -2.81, 1500, 1500, 1500, 123.75, 14765.00, 11261.25, 15308.75
2716, 0, 41.494102, -86.322418, 202.55, 324.94, 10, -2.81, 1500, 1500, 1500, 487.50, 15212.50, 11252.50, 15155.00
2717, 0, 41.494104, -86.322418, 197.29, 324.94, 10, -2.81, 1500, 1500, 1500, -977.50, 14397.50, 3077.50, 14281.25
2718, 0, 41.494104, -86.322418, 200.94, 324.94, 10, -2.81, 1500, 1500, 1500, 1847.50, 15141.25, 7.50, 15075.00
2719, 0, 41.494106, -86.322418, 195.70, 324.94, 10, -2.81, 1500, 1500, 1500, 192.50, 14247.50, 8.75, 14242.50
2720, 0, 41.494106, -86.322418, 192.41, 324.94, 10, -2.81, 1500, 1500, 1500, 237.50, 14236.25, 5.00, 14228.75
2721, 0, 41.494106, -86.322418, 192.05, 324.94, 10, -2.81, 1500, 1500, 1500, 155.00, 14236.25, 7.50, 14240.00
2722, 0, 41.494106, -86.322418, 196.64, 324.94, 10, -2.81, 1500, 1500, 1500, 190.00, 14247.50, 8.75, 14308.75
2724, 0, 41.494108, -86.322418, 189.90, 324.94, 10, -2.81, 1500, 1500, 1500, 1132.50, 15085.00, 11253.75, 15375.00
2725, 0, 41.494108, -86.322418, 189.34, 324.94, 10, -2.81, 1500, 1500, 1500, -682.50, 14473.75, 7.50, 14308.75
2726, 0, 41.494108, -86.322418, 189.80, 324.94, 10, -2.81, 1500, 1500, 1500, 323.75, 15307.50, 11277.50, 15401.25
2727, 0, 41.494108, -86.322418, 193.95, 324.94, 10, -2.81, 1500, 1500, 1500, -1482.50, 14408.75, 9786.25, 14515.00
2728, 1, 41.494110, -86.322418, 191.53, 324.31, 10, 100.00, 1625, 1475, 2500, 291.25, 14311.25, 7.50, 14306.25
2729, 1, 41.494110, -86.322418, 186.52, 324.31, 10, 100.00, 1800, 1300, 2500, 7342.50, 14611.25, 11391.25, 14743.75
2730, 1, 41.494110, -86.322418, 194.45, 324.31, 10, 100.00, 1950, 1150, 2500, 14552.50, 13416.25, 11505.00, 13632.50
2731, 1, 41.494110, -86.322418, 198.17, 324.31, 10, 100.00, 2000, 1000, 2500, 19407.50, 12723.75, 11522.50, 12970.00
2732, 1, 41.494112, -86.322418, 200.80, 324.26, 10, 100.00, 2000, 1000, 2500, 16912.50, 13106.25, 11495.00, 13353.75
2738, 1, 41.494112, -86.322418, 205.71, 324.26, 10, 100.00, 2000, 1000, 2500, 20100.00, 12685.00, 11496.25, 12956.25
2739, 0, 41.494118, -86.322411, 201.17, 324.26, 10, 100.00, 1850, 1150, 1500, 6617.50, 13548.75, 7.50, 14401.25
2740, 0, 41.494118, -86.322411, 200.47, 324.26, 10, 100.00, 1675, 1325, 1500, 1802.50, 14385.00, 251.25, 14812.50
2741, 0, 41.494118, -86.322411, 189.14, 324.26, 10, 100.00, 1500, 1500, 1500, 117.50, 14182.50, 8.75, 14173.75
2743, 0, 41.494118, -86.322411, 190.89, 324.26, 10, 100.00, 1500, 1500, 1500, 1340.00, 15048.75, 417.50, 15086.25
2744, 0, 41.494118, -86.322411, 186.84, 324.26, 10, 100.00, 1500, 1500, 1500, 121.25, 14498.75, 8.75, 14225.00
2745, 0, 41.494118, -86.322411, 191.10, 324.26, 10, 100.00, 1500, 1500, 1500, -1611.25, 14352.50, 4463.75, 14326.25
2746, 0, 41.494118, -86.322418, 184.84, 324.26, 10, 100.00, 1500, 1500, 1500, 966.25, 15262.50, 11263.75, 15380.00
2747, 0, 41.494118, -86.322418, 184.18, 324.26, 10, 100.00, 1500, 1500, 1500, -2020.00, 14357.50, 7.50, 14290.00
2748, 0, 41.494120, -86.322418, 184.85, 324.26, 10, 100.00, 1500, 1500, 1500, -2138.75, 14353.75, 7.50, 14325.00
2749, 0, 41.494120, -86.322418, 189.23, 324.26, 10, 100.00, 1500, 1500, 1500, 180.00, 14318.75, 7.50, 14316.25
2750, 0, 41.494120, -86.322418, 184.16, 324.26, 10, 100.00, 1500, 1500, 1500, 160.00, 14340.00, 7.50, 14333.75
2751, 0, 41.494120, -86.322418, 190.36, 324.26, 10, 100.00, 1500, 1500, 1500, 203.75, 14337.50, 8.75, 14336.25
2752, 0, 41.494120, -86.322411, 192.78, 324.26, 10, 100.00, 1500, 1500, 1500, 143.75, 15361.25, 6192.50, 15470.00
2753, 0, 41.494120, -86.322411, 196.46, 324.26, 10, 100.00, 1500, 1500, 1500, 2422.50, 15328.75, 11195.00, 15481.25
2755, 0, 41.494120, -86.322411, 197.05, 324.26, 10, 100.00, 1500, 1500, 1500, 402.50, 15357.50, 11182.50, 15473.75
2756, 0, 41.494120, -86.322411, 199.48, 324.26, 10, 100.00, 1500, 1500, 1500, 152.50, 15381.25, 11172.50, 15498.75
2757, 0, 41.494120, -86.322411, 208.05, 324.26, 10, 100.00, 1500, 1500, 1500, 212.50, 15401.25, 11098.75, 15505.00
2758, 0, 41.494120, -86.322411, 200.91, 324.26, 10, 100.00, 1500, 1500, 1500, 195.00, 14405.00, 6.25, 14401.25
2759, 0, 41.494123, -86.322411, 206.17, 324.26, 10, 100.00, 1500, 1500, 1500, 192.50, 14410.00, 6.25, 14405.00
2760, 0, 41.494125, -86.322411, 208.11, 324.26, 10, 100.00, 1500, 1500, 1500, 138.75, 14416.25, 7.50, 14413.75
2761, 0, 41.494125, -86.322411, 208.22, 324.26, 10, 100.00, 1500, 1500, 1500, 135.00, 14418.75, 8.75, 14413.75
2762, 0, 41.494127, -86.322411, 208.22, 324.26, 10, 100.00, 1500, 1500, 1520, 360.00, 14392.50, 7.50, 14390.00
2763, 0, 41.494127, -86.322411, 211.29, 324.26, 10, 100.00, 1500, 1500, 1500, -142.50, 14435.00, 8.75, 14433.75
2764, 0, 41.494127, -86.322411, 220.29, 324.26, 10, 100.00, 1500, 1500, 1500, -368.75, 14655.00, 2581.25, 14487.50
2766, 0, 41.494129, -86.322411, 213.54, 324.26, 10, 100.00, 1500, 1500, 1500, 133.75, 14433.75, 7.50, 14431.25
2767, 0, 41.494129, -86.322411, 215.09, 324.26, 10, 100.00, 1500, 1500, 1500, 157.50, 14445.00, 7.50, 14438.75
2768, 0, 41.494129, -86.322411, 216.00, 324.26, 10, 100.00, 1500, 1500, 1500, 201.25, 14433.75, 7.50, 14427.50
2769, 0, 41.494129, -86.322411, 219.20, 324.26, 10, 100.00, 1500, 1500, 1500, 132.50, 14438.75, 8.75, 14431.25
2770, 0, 41.494129, -86.322411, 223.82, 324.26, 10, 100.00, 1500, 1500, 1500, 156.25, 14425.00, 7.50, 14428.75
2771, 0, 41.494129, -86.322411, 235.74, 324.26, 10, 100.00, 1500, 1500, 1500, 195.00, 14428.75, 7.50, 14425.00
2772, 0, 41.494127, -86.322411, 241.71, 324.26, 10, 100.00, 1500, 1500, 1500, 198.75, 14423.75, 2985.00, 14420.00
2773, 0, 41.494127, -86.322411, 242.63, 324.26, 10, 100.00, 1500, 1500, 1500, 180.00, 14946.25, 9901.25, 14630.00
2775, 0, 41.494125, -86.322411, 245.72, 324.26, 10, 100.00, 1500, 1500, 1500, 151.25, 14438.75, 7.50, 14523.75
2776, 0, 41.494125, -86.322411, 244.86, 324.26, 10, 100.00, 1500, 1500, 1500, 145.00, 14393.75, 6.25, 14407.50
2777, 0, 41.494125, -86.322411, 245.54, 324.26, 10, 100.00, 1500, 1500, 1500, 127.50, 14442.50, 7.50, 14437.50
2778, 0, 41.494125, -86.322418, 252.65, 324.26, 10, 100.00, 1500, 1500, 1500, 173.75, 14431.25, 6.25, 14431.25
2779, 0, 41.494125, -86.322418, 244.13, 324.26, 10, 100.00, 1500, 1500, 1500, 130.00, 14435.00, 7.50, 14430.00
2780, 0, 41.494125, -86.322418, 239.25, 324.26, 10, 100.00, 1500, 1500, 1500, 215.00, 14428.75, 7.50, 14428.75
2781, 0, 41.494125, -86.322418, 240.86, 324.26, 10, 100.00, 1500, 1500, 1500, 193.75, 14427.50, 6.25, 14422.50
2782, 0, 41.494125, -86.322418, 239.45, 324.26, 10, 100.00, 1500, 1500, 1500, 153.75, 14431.25, 6.25, 14428.75
2783, 0, 41.494125, -86.322418, 239.74, 324.26, 10, 100.00, 1500, 1500, 1500, 2425.00, 15356.25, 2221.25, 15350.00
2785, 0, 41.494125, -86.322418, 249.97, 324.26, 10, 100.00, 1500, 1500, 1500, 125.00, 14441.25, 7.50, 14435.00
2786, 0, 41.494125, -86.322418, 238.44, 324.26, 10, 100.00, 1500, 1500, 1500, 198.75, 14437.50, 7.50, 14430.00
2787, 0, 41.494127, -86.322418, 236.03, 324.26, 10, 100.00, 1500, 1500, 1500, 1665.00, 14437.50, 6013.75, 15448.75
2788, 0, 41.494127, -86.322418, 234.59, 324.26, 10, 100.00, 1500, 1500, 1500, 1310.00, 15406.25, 11075.00, 15525.00
2789, 0, 41.494127, -86.322418, 234.30, 324.26, 10, 100.00, 1500, 1500, 1500, 200.00, 14443.75, 8.75, 14438.75
2790, 0, 41.494127, -86.322418, 233.06, 324.26, 10, 100.00, 1500, 1500, 1500, 207.50, 14438.75, 6.25, 14437.50
2791, 0, 41.494125, -86.322418, 231.45, 324.26, 10, 100.00, 1500, 1500, 1500, 152.50, 14430.00, 6.25, 14428.75
2792, 0, 41.494127, -86.322418, 232.43, 324.26, 10, 100.00, 1500, 1500, 1500, 128.75, 14431.25, 7.50, 14427.50
2793, 0, 41.494127, -86.322418, 231.68, 324.26, 10, 100.00, 1500, 1500, 1500, 141.25, 14435.00, 8.75, 14433.75
2794, 0, 41.494127, -86.322418, 230.47, 324.26, 10, 100.00, 1500, 1500, 1500, -306.25, 14445.00, 7.50, 14438.75
2796, 0, 41.494127, -86.322418, 226.82, 324.26, 10, 100.00, 1500, 1500, 1500, 201.25, 14911.25, 10476.25, 15463.75
2797, 0, 41.494127, -86.322418, 224.44, 324.26, 10, 100.00, 1500, 1500, 1500, 150.00, 14433.75, 8.75, 14437.50
2798, 0, 41.494129, -86.322418, 226.83, 324.26, 10, 100.00, 1500, 1500, 1500, 1886.25, 15328.75, 11120.00, 15498.75
2799, 0, 41.494129, -86.322418, 222.32, 324.26, 10, 100.00, 1500, 1500, 1500, 208.75, 14438.75, 7.50, 14438.75
2800, 0, 41.494129, -86.322418, 222.65, 324.26, 10, 100.00, 1500, 1500, 1500, 203.75, 14431.25, 7.50, 14427.50
2801, 0, 41.494131, -86.322418, 221.68, 324.26, 10, 100.00, 1500, 1500, 1500, 131.25, 14432.50, 7.50, 14427.50
2802, 0, 41.494131, -86.322418, 222.06, 324.26, 10, 100.00, 1500, 1500, 1500, 387.50, 14421.25, 8.75, 14432.50
2803, 0, 41.494131, -86.322418, 220.85, 324.26, 10, 100.00, 1500, 1500, 1500, 252.50, 15057.50, 11085.00, 15436.25
2805, 0, 41.494131, -86.322418, 220.24, 324.26, 10, 100.00, 1500, 1500, 1500, 2075.00, 15357.50, 11116.25, 15502.50
2806, 0, 41.494131, -86.322418, 219.96, 324.26, 10, 100.00, 1500, 1500, 1500, 123.75, 14448.75, 8.75, 14446.25
2807, 0, 41.494133, -86.322418, 222.43, 324.26, 10, 100.00, 1500, 1500, 1500, 160.00, 14442.50, 8.75, 14438.75
2808, 0, 41.494133, -86.322418, 227.81, 324.26, 10, 100.00, 1500, 1500, 1500, 121.25, 14452.50, 7.50, 14445.00
2809, 0, 41.494133, -86.322418, 223.66, 324.26, 10, 100.00, 1500, 1500, 1500, 146.25, 14440.00, 7.50, 14436.25
2810, 0, 41.494135, -86.322418, 223.96, 324.26, 10, 100.00, 1500, 1500, 1500, 127.50, 14431.25, 6.25, 14420.00
2811, 0, 41.494135, -86.322418, 225.83, 324.26, 10, 100.00, 1500, 1500, 1500, 182.50, 14430.00, 8.75, 14426.25
2812, 0, 41.494137, -86.322418, 228.98, 324.26, 10, 100.00, 1500, 1500, 1500, 203.75, 14436.25, 6.25, 14433.75
2814, 0, 41.494137, -86.322418, 226.82, 324.26, 10, 100.00, 1500, 1500, 1500, 228.75, 14437.50, 8.75, 14435.00
2815, 0, 41.494139, -86.322418, 228.03, 324.26, 10, 100.00, 1500, 1500, 1500, 515.00, 15405.00, 11076.25, 15513.75
2816, 0, 41.494139, -86.322418, 229.49, 324.26, 10, 100.00, 1500, 1500, 1500, 115.00, 14445.00, 6.25, 14443.75
2817, 0, 41.494139, -86.322418, 241.99, 324.26, 10, 100.00, 1500, 1500, 1500, 180.00, 14448.75, 7.50, 14443.75
2818, 0, 41.494139, -86.322418, 230.92, 324.26, 10, 100.00, 1500, 1500, 1500, 256.25, 14437.50, 8.75, 14406.25
2819, 0, 41.494139, -86.322418, 230.96, 324.26, 10, 100.00, 1500, 1500, 1500, 140.00, 14435.00, 7.50, 14428.75
2820, 0, 41.494141, -86.322418, 231.88, 324.26, 10, 100.00, 1500, 1500, 1500, 143.75, 14435.00, 7.50, 14432.50
2821, 0, 41.494141, -86.322418, 231.38, 324.26, 10, 100.00, 1500, 1500, 1500, 312.50, 14378.75, 6.25, 14378.75
2822, 0, 41.494141, -86.322418, 234.42, 324.26, 10, 100.00, 1500, 1500, 1500, 123.75, 14441.25, 7.50, 14436.25
2823, 0, 41.494141, -86.322418, 241.87, 324.26, 10, 100.00, 1500, 1500, 1500, 130.00, 14430.00, 7.50, 14423.75
2824, 0, 41.494141, -86.322418, 232.73, 324.26, 10, 100.00, 1500, 1500, 1500, 132.50, 14437.50, 6.25, 14437.50
2826, 0, 41.494141, -86.322418, 241.56, 324.26, 10, 100.00, 1500, 1500, 1500, 127.50, 14440.00, 7.50, 14436.25
2827, 0, 41.494143, -86.322418, 233.58, 324.26, 10, 100.00, 1500, 1500, 1500, 133.75, 14443.75, 7.50, 14440.00
2828, 0, 41.494143, -86.322418, 234.20, 324.26, 10, 100.00, 1500, 1500, 1500, 160.00, 14421.25, 7.50, 14417.50
2829, 0, 41.494143, -86.322418, 235.97, 324.26, 10, 100.00, 1500, 1500, 1500, -162.50, 14455.00, 6.25, 14472.50
2830, 0, 41.494143, -86.322418, 234.59, 324.26, 10, 100.00, 1500, 1500, 1500, 161.25, 14438.75, 8.75, 14435.00
2831, 0, 41.494144, -86.322418, 234.48, 324.26, 10, 100.00, 1500, 1500, 1500, 247.50, 14432.50, 7.50, 14432.50
2832, 0, 41.494144, -86.322418, 237.57, 324.26, 10, 100.00, 1500, 1500, 1500, 168.75, 14432.50, 6.25, 14422.50
2833, 0, 41.494144, -86.322411, 244.17, 324.26, 10, 100.00, 1500, 1500, 1500, 152.50, 14438.75, 6.25, 14432.50
2834, 0, 41.494144, -86.322411, 249.72, 324.26, 10, 100.00, 1500, 1500, 1500, 135.00, 14440.00, 7.50, 14435.00
2836, 0, 41.494144, -86.322411, 255.45, 324.26, 10, 100.00, 1500, 1500, 1500, 130.00, 14441.25, 7.50, 14440.00
2837, 0, 41.494144, -86.322411, 265.22, 324.26, 10, 100.00, 1500, 1500, 1500, 125.00, 14438.75, 7.50, 14432.50
2838, 0, 41.494144, -86.322411, 264.67, 324.26, 10, 100.00, 1500, 1500, 1500, 160.00, 14437.50, 7.50, 14431.25
2839, 0, 41.494144, -86.322411, 267.87, 324.26, 10, 100.00, 1500, 1500, 1500, 138.75, 14438.75, 7.50, 14435.00
2840, 0, 41.494144, -86.322411, 270.21, 324.26, 10, 100.00, 1500, 1500, 1500, 160.00, 14436.25, 6.25, 14435.00
2841, 0, 41.494144, -86.322411, 272.44, 324.26, 10, 100.00, 1500, 1500, 1500, 167.50, 14432.50, 6.25, 14427.50
2842, 0, 41.494144, -86.322411, 280.80, 324.26, 10, 100.00, 1500, 1500, 1500, 158.75, 14432.50, 7.50, 14431.25
2843, 0, 41.494144, -86.322411, 274.30, 324.26, 10, 100.00, 1500, 1500, 1500, 153.75, 14436.25, 7.50, 14432.50
2844, 0, 41.494144, -86.322411, 279.65, 324.26, 10, 100.00, 1500, 1500, 1500, 133.75, 14438.75, 7.50, 14432.50
2845, 0, 41.494146, -86.322411, 287.24, 324.26, 10, 100.00, 1500, 1500, 1500, 187.50, 14432.50, 8.75, 14428.75
2846, 0, 41.494146, -86.322418, 290.01, 324.26, 10, 100.00, 1500, 1500, 1500, 317.50, 15205.00, 8460.00, 15462.50
2848, 0, 41.494146, -86.322418, 288.74, 324.26, 10, 100.00, 1500, 1500, 1500, 287.50, 15413.75, 11056.25, 15522.50
2849, 0, 41.494146, -86.322418, 287.04, 324.26, 10, 100.00, 1500, 1500, 1500, 356.25, 14432.50, 7.50, 14436.25
2850, 0, 41.494148, -86.322433, 287.32, 324.26, 10, 100.00, 1500, 1500, 1500, 138.75, 14441.25, 8.75, 14438.75
2851, 0, 41.494150, -86.322433, 287.94, 324.26, 10, 100.00, 1500, 1500, 1500, -2052.50, 14490.00, 6.25, 14445.00
2852, 0, 41.494152, -86.322441, 289.01, 324.26, 10, 100.00, 1500, 1500, 1500, 130.00, 14438.75, 6.25, 14433.75
2853, 0, 41.494152, -86.322441, 287.23, 324.26, 10, 100.00, 1500, 1500, 1500, 201.25, 14427.50, 6.25, 14427.50
2854, 0, 41.494154, -86.322449, 288.05, 324.26, 10, 100.00, 1500, 1500, 1500, 137.50, 14432.50, 8.75, 14427.50
2855, 0, 41.494154, -86.322449, 285.89, 324.26, 10, 100.00, 1500, 1500, 1500, 125.00, 14438.75, 8.75, 14433.75
2856, 0, 41.494156, -86.322456, 284.36, 324.26, 10, 100.00, 1500, 1500, 1500, 138.75, 14438.75, 7.50, 14433.75
2858, 0, 41.494156, -86.322456, 287.15, 324.26, 10, 100.00, 1500, 1500, 1500, 251.25, 14437.50, 6.25, 14433.75
2859, 0, 41.494158, -86.322464, 283.66, 324.26, 10, 100.00, 1500, 1500, 1500, 205.00, 14435.00, 7.50, 14436.25
2860, 0, 41.494160, -86.322464, 287.58, 324.26, 10, 100.00, 1500, 1500, 1500, 141.25, 14438.75, 6.25, 14436.25
2861, 0, 41.494162, -86.322479, 283.79, 324.26, 10, 100.00, 1500, 1500, 1500, 135.00, 14442.50, 7.50, 14438.75
2862, 0, 41.494162, -86.322479, 283.79, 324.26, 10, 100.00, 1500, 1500, 1500, 156.25, 14431.25, 7.50, 14432.50
2863, 0, 41.494164, -86.322487, 282.16, 324.26, 10, 100.00, 1500, 1500, 1500, 131.25, 14440.00, 8.75, 14433.75
2864, 0, 41.494165, -86.322487, 279.09, 324.26, 10, 100.00, 1500, 1500, 1500, 137.50, 14437.50, 7.50, 14433.75
2865, 0, 41.494165, -86.322487, 281.53, 324.26, 10, 100.00, 1500, 1500, 1500, -1838.75, 14503.75, 7.50, 14441.25
2866, 0, 41.494165, -86.322502, 281.22, 324.26, 10, 100.00, 1500, 1500, 1500, 131.25, 14443.75, 6.25, 14440.00
2868, 0, 41.494167, -86.322502, 278.82, 324.26, 10, 100.00, 1500, 1500, 1500, 141.25, 14435.00, 8.75, 14427.50
2869, 0, 41.494167, -86.322510, 279.24, 324.26, 10, 100.00, 1500, 1500, 1500, 202.50, 15420.00, 11063.75, 15518.75
2870, 0, 41.494167, -86.322510, 281.53, 324.26, 10, 100.00, 1500, 1500, 1500, 165.00, 14438.75, 6.25, 14435.00
2871, 0, 41.494169, -86.322525, 281.70, 324.26, 10, 100.00, 1500, 1500, 1500, 92.50, 14450.00, 7.50, 14443.75
2872, 0, 41.494171, -86.322525, 279.27, 324.26, 10, 100.00, 1500, 1500, 1500, 156.25, 14432.50, 6.25, 14430.00
2873, 0, 41.494171, -86.322533, 279.99, 324.26, 10, 100.00, 1500, 1500, 1500, 142.50, 14438.75, 7.50, 14435.00
2874, 0, 41.494171, -86.322540, 277.62, 324.26, 10, 100.00, 1500, 1500, 1500, 135.00, 14440.00, 8.75, 14433.75
2875, 0, 41.494171, -86.322540, 276.49, 324.26, 10, 100.00, 1500, 1500, 1500, 206.25, 14440.00, 6.25, 14436.25
2877, 0, 41.494173, -86.322548, 276.55, 324.26, 10, 100.00, 1500, 1500, 1500, 158.75, 14437.50, 5.00, 14431.25
2878, 0, 41.494173, -86.322548, 276.88, 324.26, 10, 100.00, 1500, 1500, 1500, 126.25, 14440.00, 7.50, 14435.00
2879, 0, 41.494173, -86.322563, 275.38, 324.26, 10, 100.00, 1500, 1500, 1500, 132.50, 14431.25, 7.50, 14426.25
2880, 0, 41.494173, -86.322563, 273.55, 324.26, 10, 100.00, 1500, 1500, 1500, 125.00, 14441.25, 6.25, 14437.50
2881, 0, 41.494173, -86.322571, 273.56, 324.26, 10, 100.00, 1500, 1500, 1500, 136.25, 14440.00, 7.50, 14435.00
2882, 0, 41.494173, -86.322571, 273.19, 324.26, 10, 100.00, 1500, 1500, 1500, 237.50, 14426.25, 7.50, 14425.00
2883, 0, 41.494173, -86.322578, 271.38, 324.26, 10, 100.00, 1500, 1500, 1500, 172.50, 14435.00, 6.25, 14433.75
2884, 0, 41.494173, -86.322586, 268.33, 324.26, 10, 100.00, 1500, 1500, 1500, 127.50, 14438.75, 7.50, 14432.50
2885, 0, 41.494173, -86.322586, 268.82, 324.26, 10, 100.00, 1500, 1500, 1500, 128.75, 14437.50, 8.75, 14426.25
2887, 0, 41.494173, -86.322594, 269.57, 324.26, 10, 100.00, 1500, 1500, 1500, 180.00, 14436.25, 7.50, 14430.00
2888, 0, 41.494173, -86.322594, 269.89, 324.26, 10, 100.00, 1500, 1500, 1500, 191.25, 14431.25, 7.50, 14431.25
2889, 0, 41.494171, -86.322609, 279.37, 324.26, 10, 100.00, 1500, 1500, 1500, -1140.00, 14583.75, 11067.50, 14713.75
2890, 0, 41.494171, -86.322609, 269.84, 324.26, 10, 100.00, 1500, 1500, 1500, 135.00, 14431.25, 7.50, 14428.75
2891, 0, 41.494171, -86.322617, 269.89, 324.26, 10, 100.00, 1500, 1500, 1500, 126.25, 14437.50, 7.50, 14430.00
2892, 0, 41.494171, -86.322617, 269.07, 324.26, 10, 100.00, 1500, 1500, 1500, 145.00, 14426.25, 7.50, 14425.00
2893, 0, 41.494171, -86.322624, 269.84, 324.26, 10, 100.00, 1500, 1500, 1500, 168.75, 14415.00, 6.25, 14427.50
2894, 0, 41.494171, -86.322632, 270.31, 324.26, 10, 100.00, 1500, 1500, 1500, 136.25, 14440.00, 7.50, 14433.75
2895, 0, 41.494171, -86.322632, 270.21, 324.26, 10, 100.00, 1500, 1500, 1500, 137.50, 14438.75, 7.50, 14433.75
2897, 0, 41.494171, -86.322639, 278.00, 324.26, 10, 100.00, 1500, 1500, 1500, 173.75, 14430.00, 7.50, 14428.75
2898, 0, 41.494171, -86.322639, 270.17, 324.26, 10, 100.00, 1500, 1500, 1500, 860.00, 15396.25, 11063.75, 15496.25
2899, 0, 41.494171, -86.322647, 267.22, 324.26, 10, 100.00, 1500, 1500, 1500, 128.75, 14441.25, 7.50, 14436.25
2900, 0, 41.494171, -86.322647, 266.93, 324.26, 10, 100.00, 1500, 1500, 1500, 347.50, 14430.00, 8.75, 14411.25
2901, 0, 41.494171, -86.322655, 264.58, 324.26, 10, 100.00, 1500, 1500, 1500, 1675.00, 15336.25, 10853.75, 15478.75
2902, 0, 41.494171, -86.322655, 261.10, 324.26, 10, 100.00, 1500, 1500, 1500, 185.00, 14423.75, 7.50, 14427.50
2903, 0, 41.494171, -86.322662, 261.10, 324.26, 10, 100.00, 1500, 1500, 1500, 131.25, 14433.75, 7.50, 14432.50
2904, 0, 41.494169, -86.322662, 259.87, 324.26, 10, 100.00, 1500, 1500, 1500, 102.50, 14442.50, 10.00, 14438.75
2906, 0, 41.494169, -86.322670, 259.16, 324.26, 10, 100.00, 1500, 1500, 1500, 157.50, 14437.50, 7.50, 14413.75
2907, 0, 41.494169, -86.322670, 259.33, 324.26, 10, 100.00, 1500, 1500, 1500, 245.00, 14470.00, 8.75, 14430.00
2908, 0, 41.494169, -86.322678, 261.38, 324.26, 10, 100.00, 1500, 1500, 1500, 130.00, 14438.75, 6.25, 14432.50
2909, 0, 41.494169, -86.322678, 259.97, 324.26, 10, 100.00, 1500, 1500, 1500, 90.00, 14447.50, 7.50, 14433.75
2910, 0, 41.494169, -86.322678, 256.42, 324.26, 10, 100.00, 1500, 1500, 1500, 122.50, 14440.00, 7.50, 14435.00
2911, 0, 41.494167, -86.322685, 255.69, 324.26, 10, 100.00, 1500, 1500, 1500, 130.00, 14440.00, 7.50, 14430.00
2912, 0, 41.494167, -86.322693, 254.55, 324.26, 10, 100.00, 1500, 1500, 1500, 161.25, 14412.50, 7.50, 14410.00
2913, 0, 41.494167, -86.322693, 253.53, 324.26, 10, 100.00, 1500, 1500, 1500, 140.00, 14437.50, 6.25, 14435.00
2914, 0, 41.494167, -86.322693, 252.61, 324.26, 10, 100.00, 1500, 1500, 1500, 158.75, 14440.00, 8.75, 14432.50
2916, 0, 41.494167, -86.322693, 249.83, 324.26, 10, 100.00, 1500, 1500, 1500, 125.00, 14442.50, 7.50, 14437.50
2917, 0, 41.494167, -86.322701, 246.49, 324.26, 10, 100.00, 1500, 1500, 1500, 147.50, 14436.25, 7.50, 14433.75
2918, 0, 41.494165, -86.322701, 243.88, 324.26, 10, 100.00, 1500, 1500, 1500, 145.00, 14440.00, 7.50, 14437.50
2919, 0, 41.494165, -86.322701, 242.92, 324.26, 10, 100.00, 1500, 1500, 1500, 148.75, 14441.25, 7.50, 14435.00
2920, 0, 41.494165, -86.322701, 243.53, 324.26, 10, 100.00, 1500, 1500, 1500, 125.00, 14440.00, 7.50, 14436.25
2921, 0, 41.494165, -86.322701, 252.90, 324.26, 10, 100.00, 1500, 1500, 1500, 150.00, 14440.00, 8.75, 14435.00
2922, 0, 41.494167, -86.322708, 243.52, 324.26, 10, 100.00, 1500, 1500, 1500, 141.25, 14431.25, 7.50, 14431.25
2923, 0, 41.494167, -86.322708, 244.55, 324.26, 10, 100.00, 1500, 1500, 1500, 133.75, 14431.25, 5.00, 14422.50
2924, 0, 41.494167, -86.322708, 245.72, 324.26, 10, 100.00, 1500, 1500, 1500, 117.50, 14445.00, 8.75, 14436.25
2926, 0, 41.494165, -86.322708, 258.20, 324.26, 10, 100.00, 1500, 1500, 1500, 181.25, 14433.75, 7.50, 14430.00
2927, 0, 41.494165, -86.322708, 278.86, 324.26, 10, 100.00, 1500, 1500, 1520, 142.50, 14441.25, 6.25, 14433.75
2928, 0, 41.494164, -86.322708, 288.58, 324.26, 10, 100.00, 1500, 1500, 1500, 2296.25, 15331.25, 10610.00, 15447.50
2929, 0, 41.494164, -86.322708, 299.60, 324.26, 10, 100.00, 1500, 1500, 1500, -1932.50, 14470.00, 6.25, 14446.25
2930, 0, 41.494164, -86.322716, 312.25, 324.26, 10, 100.00, 1500, 1500, 1500, 106.25, 14401.25, 7.50, 14393.75
2931, 0, 41.494164, -86.322716, 314.38, 324.26, 10, 100.00, 1500, 1500, 1500, 128.75, 14435.00, 7.50, 14428.75
2932, 0, 41.494164, -86.322716, 319.57, 324.26, 10, 100.00, 1500, 1500, 1500, 218.75, 14415.00, 8.75, 14405.00
2933, 0, 41.494165, -86.322716, 309.80, 324.26, 10, 100.00, 1500, 1500, 1500, 132.50, 14431.25, 7.50, 14426.25
2935, 0, 41.494165, -86.322716, 306.39, 324.26, 10, 100.00, 1500, 1500, 1500, 961.25, 15395.00, 11032.50, 15506.25
2936, 0, 41.494167, -86.322716, 305.66, 324.26, 10, 100.00, 1500, 1500, 1500, -660.00, 14458.75, 7.50, 14460.00
2937, 0, 41.494167, -86.322723, 313.23, 324.26, 10, 100.00, 1500, 1500, 1500, 166.25, 14436.25, 7.50, 14433.75
2938, 0, 41.494167, -86.322723, 323.01, 324.26, 10, 100.00, 1500, 1500, 1500, 137.50, 14441.25, 6.25, 14433.75
2939, 0, 41.494167, -86.322723, 330.82, 324.26, 10, 100.00, 1500, 1500, 1500, 130.00, 14940.00, 7.50, 15196.25
2940, 0, 41.494169, -86.322731, 340.74, 324.26, 10, 100.00, 1500, 1500, 1500, 130.00, 14436.25, 7.50, 14433.75
2941, 0, 41.494171, -86.322731, 343.60, 324.26, 10, 100.00, 1500, 1500, 1500, 126.25, 14437.50, 7.50, 14432.50
2942, 0, 41.494171, -86.322731, 348.98, 324.26, 10, 100.00, 1500, 1500, 1500, 128.75, 14437.50, 7.50, 14431.25
2943, 0, 41.494177, -86.322739, 355.99, 324.26, 10, 100.00, 1500, 1500, 1500, 118.75, 14447.50, 6.25, 14442.50
2945, 0, 41.494179, -86.322739, 359.16, 324.26, 10, 100.00, 1500, 1500, 1500, 133.75, 14440.00, 8.75, 14435.00
2946, 0, 41.494179, -86.322739, 355.36, 324.26, 10, 100.00, 1500, 1500, 1500, 140.00, 14440.00, 6.25, 14432.50
2947, 0, 41.494183, -86.322739, 355.72, 324.26, 10, 100.00, 1500, 1500, 1500, 140.00, 14438.75, 7.50, 14435.00
2948, 0, 41.494184, -86.322739, 356.47, 324.26, 10, 100.00, 1500, 1500, 1500, -1413.75, 15406.25, 2582.50, 15506.25
2949, 0, 41.494186, -86.322739, 3.68, 324.26, 10, 100.00, 1500, 1500, 1500, 185.00, 14431.25, 7.50, 14426.25
2950, 0, 41.494186, -86.322739, 5.45, 324.26, 10, 100.00, 1500, 1500, 1500, 160.00, 14428.75, 7.50, 14428.75
2951, 0, 41.494188, -86.322739, 11.53, 324.26, 10, 100.00, 1500, 1500, 1500, 135.00, 14436.25, 7.50, 14431.25
2952, 0, 41.494190, -86.322746, 19.49, 324.26, 10, 100.00, 1500, 1500, 1500, 133.75, 14441.25, 7.50, 14431.25
2953, 0, 41.494190, -86.322746, 36.07, 324.26, 10, 100.00, 1500, 1500, 1500, 161.25, 14436.25, 8.75, 14432.50
2955, 0, 41.494192, -86.322746, 42.03, 324.26, 10, 100.00, 1500, 1500, 1500, 131.25, 14438.75, 7.50, 14436.25
2956, 0, 41.494194, -86.322754, 59.89, 324.26, 10, 100.00, 1500, 1500, 1500, 207.50, 14432.50, 7.50, 14437.50
2957, 0, 41.494196, -86.322754, 66.43, 324.26, 10, 100.00, 1500, 1500, 1500, 397.50, 15415.00, 11176.25, 15518.75
2958, 0, 41.494198, -86.322754, 70.87, 324.26, 10, 100.00, 1500, 1500, 1500, 1530.00, 15401.25, 11210.00, 15522.50
2959, 0, 41.494200, -86.322762, 81.34, 324.26, 10, 100.00, 1500, 1500, 1500, 128.75, 14440.00, 7.50, 14435.00
2960, 0, 41.494200, -86.322762, 91.49, 324.26, 10, 100.00, 1500, 1500, 1500, 202.50, 14427.50, 6.25, 14423.75
2961, 0, 41.494204, -86.322762, 95.20, 324.26, 10, 100.00, 1500, 1500, 1500, 167.50, 14433.75, 7.50, 14427.50
2962, 0, 41.494205, -86.322762, 103.82, 324.26, 10, 100.00, 1500, 1500, 1500, 163.75, 14435.00, 7.50, 14431.25
2964, 0, 41.494207, -86.322769, 107.74, 324.26, 10, 100.00, 1500, 1500, 1500, 151.25, 14433.75, 7.50, 14778.75
2965, 0, 41.494209, -86.322769, 109.94, 324.26, 10, 100.00, 1500, 1500, 1500, 153.75, 14437.50, 7.50, 14431.25
2966, 0, 41.494209, -86.322769, 113.65, 324.26, 10, 100.00, 1500, 1500, 1500, 62.50, 14441.25, 7.50, 14437.50
2967, 0, 41.494213, -86.322777, 112.57, 324.26, 10, 100.00, 1500, 1500, 1500, 215.00, 14428.75, 6.25, 14427.50
2968, 0, 41.494215, -86.322777, 118.24, 324.26, 10, 100.00, 1500, 1500, 1500, 171.25, 14440.00, 8.75, 14435.00
2969, 0, 41.494215, -86.322777, 121.56, 324.26, 10, 100.00, 1500, 1500, 1500, 200.00, 14431.25, 8.75, 14427.50
2970, 0, 41.494217, -86.322784, 120.05, 324.26, 10, 100.00, 1500, 1500, 1500, 153.75, 14437.50, 7.50, 14432.50
2971, 0, 41.494219, -86.322784, 120.52, 324.26, 10, 100.00, 1500, 1500, 1500, 155.00, 14435.00, 7.50, 14431.25
2972, 0, 41.494219, -86.322784, 116.04, 324.26, 10, 100.00, 1500, 1500, 1500, 95.00, 14446.25, 7.50, 14450.00
2974, 0, 41.494219, -86.322784, 108.59, 324.26, 10, 100.00, 1500, 1500, 1500, 160.00, 14436.25, 8.75, 14431.25
2975, 0, 41.494221, -86.322792, 105.80, 324.26, 10, 100.00, 1500, 1500, 1500, 165.00, 14433.75, 6.25, 14431.25
2976, 0, 41.494221, -86.322792, 97.32, 324.26, 10, 100.00, 1500, 1500, 1500, 157.50, 14438.75, 6.25, 14431.25
2977, 0, 41.494221, -86.322792, 83.98, 324.26, 10, 100.00, 1500, 1500, 1500, 141.25, 14438.75, 8.75, 14433.75
2978, 0, 41.494221, -86.322792, 80.24, 324.26, 10, 100.00, 1500, 1500, 1500, 133.75, 14437.50, 7.50, 14435.00
2979, 1, 41.494221, -86.322800, 76.66, 335.57, 10, 24.34, 1625, 1475, 1986, 692.50, 14380.00, 7.50, 14382.50
2980, 1, 41.494221, -86.322800, 73.20, 335.57, 10, 26.44, 1775, 1625, 2028, 3133.75, 14046.25, 7.50, 14103.75
2981, 1, 41.494223, -86.322800, 78.43, 335.52, 10, 18.24, 1950, 1800, 1864, 10367.50, 14132.50, 11481.25, 14326.25
2982, 1, 41.494225, -86.322792, 78.21, 335.15, 10, 11.00, 2000, 1975, 1719, 16660.00, 13206.25, 11583.75, 13430.00
2983, 1, 41.494226, -86.322792, 88.82, 335.10, 10, -0.63, 2000, 2000, 1487, 17787.50, 12975.00, 11600.00, 13215.00
2984, 1, 41.494226, -86.322784, 86.51, 334.77, 10, -7.71, 2000, 2000, 1345, 17607.50, 12851.25, 11607.50, 13095.00
2985, 1, 41.494226, -86.322769, 89.78, 334.12, 10, -13.95, 2000, 2000, 1221, 17498.75, 12971.25, 11600.00, 13131.25
2987, 1, 41.494225, -86.322762, 83.74, 333.84, 10, -15.26, 2000, 2000, 1194, 16510.00, 12920.00, 11603.75, 13162.50
2988, 1, 41.494225, -86.322754, 76.70, 333.51, 10, -15.70, 2000, 2000, 1185, 16816.25, 12865.00, 11571.25, 13086.25
2989, 1, 41.494225, -86.322739, 70.44, 332.87, 10, -15.45, 2000, 2000, 1191, 16468.75, 12877.50, 11555.00, 13078.75
2990, 1, 41.494225, -86.322716, 63.83, 331.93, 10, -15.24, 2000, 2000, 1195, 17016.25, 12891.25, 11530.00, 13093.75
2991, 1, 41.494226, -86.322708, 60.49, 331.56, 10, -15.10, 2000, 2000, 1198, 16846.25, 12773.75, 11493.75, 13016.25
2992, 1, 41.494228, -86.322701, 53.89, 331.20, 10, -15.76, 2000, 2000, 1184, 16277.50, 12770.00, 11468.75, 13033.75
2993, 1, 41.494232, -86.322685, 48.21, 330.49, 10, -14.45, 2000, 2000, 1210, 17028.75, 12733.75, 11408.75, 13011.25
2994, 1, 41.494236, -86.322678, 44.44, 330.08, 10, -14.02, 2000, 2000, 1219, 16503.75, 12763.75, 11337.50, 12987.50
2995, 1, 41.494242, -86.322670, 39.51, 329.62, 10, -12.89, 2000, 2000, 1242, 17070.00, 12717.50, 11286.25, 12921.25
2996, 1, 41.494247, -86.322662, 32.47, 329.15, 10, -13.31, 2000, 2000, 1233, 16135.00, 12706.25, 11235.00, 12965.00
2997, 1, 41.494255, -86.322655, 27.37, 328.63, 10, -11.14, 2000, 2000, 1277, 16261.25, 12787.50, 11206.25, 12970.00
2998, 1, 41.494263, -86.322647, 23.37, 328.11, 10, -10.60, 2000, 2000, 1288, 16311.25, 12746.25, 11177.50, 12961.25
2999, 1, 41.494270, -86.322639, 19.03, 327.59, 10, -11.23, 2000, 2000, 1275, 15833.75, 12723.75, 11165.00, 13003.75
3000, 1, 41.494278, -86.322639, 13.59, 327.36, 10, -9.46, 2000, 2000, 1310, 16361.25, 12721.25, 11170.00, 12930.00
3001, 1, 41.494284, -86.322632, 10.12, 326.89, 10, -8.26, 2000, 2000, 1334, 16757.50, 12706.25, 11177.50, 12975.00
3002, 1, 41.494291, -86.322632, 5.74, 326.66, 10, -7.85, 2000, 2000, 1343, 16925.00, 12665.00, 11187.50, 12918.75
3004, 1, 41.494299, -86.322624, 5.06, 326.12, 10, -8.22, 2000, 2000, 1335, 16648.75, 12661.25, 11200.00, 12933.75
3005, 1, 41.494307, -86.322624, 359.65, 325.88, 10, -7.66, 2000, 2000, 1346, 16665.00, 12725.00, 11212.50, 12982.50
3006, 1, 41.494312, -86.322624, 357.74, 325.70, 10, -6.80, 2000, 2000, 1363, 16391.25, 12702.50, 11227.50, 12925.00
3007, 1, 41.494329, -86.322624, 354.79, 325.15, 10, -5.89, 2000, 2000, 1382, 15578.75, 12736.25, 11235.00, 12992.50
3008, 1, 41.494337, -86.322624, 352.63, 324.90, 10, -5.43, 2000, 2000, 1391, 15868.75, 12713.75, 11231.25, 12932.50
3009, 1, 41.494347, -86.322624, 351.66, 324.58, 10, -4.74, 2000, 2000, 1405, 16112.50, 12771.25, 11261.25, 12942.50
3010, 1, 41.494356, -86.322624, 346.62, 324.25, 10, -4.50, 2000, 2000, 1409, 16315.00, 12713.75, 11263.75, 12962.50
3011, 1, 41.494366, -86.322624, 345.98, 323.93, 10, -4.78, 2000, 2000, 1404, 15966.25, 12717.50, 11261.25, 12892.50
3012, 1, 41.494373, -86.322632, 344.06, 323.97, 10, -5.13, 2000, 2000, 1397, 16488.75, 12660.00, 11281.25, 12911.25
3013, 1, 41.494383, -86.322632, 342.63, 323.64, 10, -4.36, 2000, 2000, 1412, 15953.75, 12661.25, 11267.50, 12905.00
3014, 1, 41.494390, -86.322632, 343.96, 323.36, 10, -4.01, 2000, 2000, 1419, 16842.50, 12712.50, 11271.25, 12918.75
3015, 1, 41.494400, -86.322639, 339.51, 323.33, 10, -3.99, 2000, 2000, 1420, 16965.00, 12668.75, 11281.25, 12890.00
3016, 1, 41.494406, -86.322639, 337.91, 323.12, 10, -2.24, 2000, 2000, 1455, 16820.00, 12655.00, 11278.75, 12831.25
3017, 1, 41.494413, -86.322647, 333.81, 323.16, 10, -0.95, 2000, 2000, 1480, 16793.75, 12731.25, 11285.00, 12951.25
3018, 1, 41.494421, -86.322647, 332.87, 322.88, 10, -0.31, 2000, 2000, 1493, 17042.50, 12666.25, 11290.00, 12812.50
3020, 1, 41.494427, -86.322655, 333.75, 322.99, 10, 0.26, 2000, 2000, 1505, 15745.00, 12737.50, 11285.00, 12893.75
3021, 1, 41.494434, -86.322662, 330.57, 323.02, 10, 0.09, 2000, 2000, 1501, 16251.25, 12610.00, 11292.50, 12831.25
3022, 1, 41.494440, -86.322662, 330.88, 322.80, 10, 0.44, 2000, 2000, 1508, 16380.00, 12658.75, 11292.50, 12825.00
3023, 1, 41.494446, -86.322670, 330.39, 322.91, 10, 0.51, 2000, 2000, 1510, 16342.50, 12682.50, 11302.50, 12812.50
3024, 1, 41.494459, -86.322685, 329.99, 323.07, 10, 0.01, 2000, 2000, 1500, 16352.50, 12646.25, 11288.75, 12853.75
3025, 1, 41.494467, -86.322685, 329.39, 322.76, 10, 0.32, 2000, 2000, 1506, 15888.75, 12652.50, 11315.00, 12858.75
3026, 1, 41.494473, -86.322693, 328.36, 322.88, 10, 0.42, 2000, 2000, 1508, 15933.75, 12695.00, 11295.00, 12838.75
3027, 1, 41.494478, -86.322701, 328.38, 323.00, 10, 0.80, 2000, 2000, 1516, 16016.25, 12662.50, 11298.75, 12881.25
3028, 1, 41.494486, -86.322708, 328.44, 323.04, 10, 0.52, 2000, 2000, 1510, 16691.25, 12702.50, 11297.50, 12892.50
3029, 1, 41.494492, -86.322708, 326.62, 322.80, 10, 0.53, 2000, 2000, 1510, 15911.25, 12655.00, 11308.75, 12887.50
3030, 1, 41.494497, -86.322716, 327.00, 322.92, 10, 0.58, 2000, 2000, 1511, 16227.50, 12723.75, 11306.25, 12841.25
3031, 1, 41.494505, -86.322723, 327.57, 322.96, 10, 0.44, 2000, 2000, 1508, 16150.00, 12628.75, 11298.75, 12876.25
3032, 1, 41.494511, -86.322731, 325.40, 323.09, 10, 0.93, 2000, 2000, 1518, 15713.75, 12643.75, 11300.00, 12877.50
3033, 1, 41.494516, -86.322739, 327.97, 323.21, 10, 0.71, 2000, 2000, 1514, 16261.25, 12585.00, 11303.75, 12828.75
3034, 1, 41.494522, -86.322746, 326.57, 323.34, 10, 1.77, 2000, 2000, 1535, 16490.00, 12692.50, 11300.00, 12766.25
3036, 1, 41.494530, -86.322746, 327.64, 323.01, 10, 0.92, 2000, 2000, 1518, 16300.00, 12612.50, 11301.25, 12873.75
3037, 1, 41.494535, -86.322754, 326.88, 323.14, 10, 0.15, 2000, 2000, 1502, 15846.25, 12585.00, 11308.75, 12840.00
3038, 1, 41.494541, -86.322762, 326.81, 323.27, 10, -0.23, 2000, 2000, 1495, 15903.75, 12707.50, 11295.00, 12927.50
3039, 1, 41.494547, -86.322769, 328.26, 323.41, 10, -0.08, 2000, 2000, 1498, 15372.50, 12603.75, 11306.25, 12916.25
3040, 1, 41.494560, -86.322777, 328.13, 323.20, 10, -0.24, 2000, 2000, 1495, 16581.25, 12610.00, 11301.25, 12793.75
3041, 0, 41.494560, -86.322777, 327.00, 323.20, 10, -0.44, 1875, 1875, 1500, 10538.75, 13361.25, 11275.00, 13517.50
3042, 0, 41.494572, -86.322792, 328.18, 323.20, 10, -0.44, 1700, 1700, 1500, 2916.25, 14310.00, 11220.00, 14415.00
3043, 0, 41.494577, -86.322792, 328.28, 323.20, 10, -0.44, 1525, 1525, 1500, 205.00, 14645.00, 11178.75, 14745.00
3044, 0, 41.494577, -86.322792, 328.70, 323.20, 10, -0.44, 1500, 1500, 1500, 155.00, 14220.00, 8.75, 13737.50
3045, 0, 41.494577, -86.322792, 326.89, 323.20, 10, -0.44, 1500, 1500, 1500, 152.50, 13742.50, 8.75, 13736.25
3046, 0, 41.494589, -86.322807, 327.34, 323.20, 10, -0.44, 1500, 1500, 1500, 152.50, 14467.50, 11160.00, 14037.50
3048, 0, 41.494593, -86.322807, 324.89, 323.20, 10, -0.44, 1500, 1500, 1500, 141.25, 13780.00, 7.50, 13972.50
3049, 0, 41.494595, -86.322807, 326.89, 323.20, 10, -0.44, 1500, 1500, 1500, 156.25, 14265.00, 8.75, 14610.00
3050, 0, 41.494598, -86.322815, 323.06, 323.20, 10, -0.44, 1500, 1500, 1500, 1846.25, 14698.75, 8207.50, 14850.00
3051, 0, 41.494602, -86.322815, 324.87, 323.20, 10, -0.44, 1500, 1500, 1500, -28.75, 13848.75, 3076.25, 13890.00
3052, 0, 41.494604, -86.322823, 327.04, 323.20, 10, -0.44, 1500, 1500, 1500, 2352.50, 14797.50, 11155.00, 14936.25
3053, 0, 41.494606, -86.322823, 320.31, 323.20, 10, -0.44, 1500, 1500, 1500, 181.25, 14860.00, 11146.25, 14960.00
3054, 0, 41.494610, -86.322823, 324.20, 323.20, 10, -0.44, 1500, 1500, 1500, 42.50, 13902.50, 8.75, 13895.00
3055, 0, 41.494612, -86.322823, 322.06, 323.20, 10, -0.44, 1500, 1500, 1500, 141.25, 13907.50, 6.25, 13905.00
3056, 0, 41.494612, -86.322823, 318.24, 323.20, 10, -0.44, 1500, 1500, 1500, 330.00, 13901.25, 5952.50, 14931.25
3058, 0, 41.494616, -86.322823, 323.19, 323.20, 10, -0.44, 1500, 1500, 1500, 141.25, 13948.75, 8.75, 13945.00
3059, 0, 41.494616, -86.322830, 320.43, 323.20, 10, -0.44, 1500, 1500, 1500, 315.00, 14050.00, 911.25, 14840.00
3060, 0, 41.494616, -86.322830, 321.23, 323.20, 10, -0.44, 1500, 1500, 1500, 170.00, 14976.25, 11111.25, 15075.00
3061, 0, 41.494621, -86.322830, 318.00, 323.20, 10, -0.44, 1500, 1500, 1500, 122.50, 14010.00, 7.50, 14007.50
3062, 0, 41.494621, -86.322830, 319.77, 323.20, 10, -0.44, 1500, 1500, 1500, 121.25, 14036.25, 10.00, 14030.00
3063, 0, 41.494623, -86.322830, 314.53, 323.20, 10, -0.44, 1500, 1500, 1500, 133.75, 14060.00, 8.75, 14050.00
3064, 0, 41.494625, -86.322838, 313.76, 323.20, 10, -0.44, 1500, 1500, 1500, 145.00, 14068.75, 7.50, 14065.00
3065, 0, 41.494625, -86.322838, 311.75, 323.20, 10, -0.44, 1500, 1500, 1500, 175.00, 14875.00, 8883.75, 14957.50
3067, 0, 41.494627, -86.322838, 304.73, 323.20, 10, -0.44, 1500, 1500, 1500, 157.50, 14678.75, 8226.25, 14940.00
3068, 0, 41.494631, -86.322838, 289.50, 323.20, 10, -0.44, 1500, 1500, 1500, 133.75, 14110.00, 8.75, 14106.25
3069, 0, 41.494635, -86.322838, 290.20, 323.20, 10, -0.44, 1500, 1500, 1500, 330.00, 14787.50, 7736.25, 14853.75
3070, 0, 41.494638, -86.322845, 276.13, 323.20, 10, -0.44, 1500, 1500, 1500, 171.25, 14123.75, 7.50, 14498.75
3071, 0, 41.494638, -86.322845, 272.10, 323.20, 10, -0.44, 1500, 1500, 1500, 151.25, 14133.75, 8.75, 14128.75
3072, 0, 41.494638, -86.322845, 266.55, 323.20, 10, -0.44, 1500, 1500, 1500, 148.75, 14138.75, 7.50, 14135.00
3073, 0, 41.494640, -86.322853, 261.59, 323.20, 10, -0.44, 1500, 1500, 1500, 108.75, 14148.75, 8.75, 14140.00
3074, 0, 41.494640, -86.322853, 257.41, 323.20, 10, -0.44, 1500, 1500, 1500, 1290.00, 14752.50, 7662.50, 14886.25
3075, 0, 41.494642, -86.322853, 257.64, 323.20, 10, -0.44, 1500, 1500, 1500, 280.00, 14895.00, 8505.00, 14973.75
3077, 0, 41.494644, -86.322861, 237.36, 323.20, 10, -0.44, 1500, 1500, 1500, 133.75, 14182.50, 7.50, 14267.50
3078, 0, 41.494644, -86.322861, 225.08, 323.20, 10, -0.44, 1500, 1500, 1500, 151.25, 14201.25, 7.50, 14196.25
3079, 0, 41.494646, -86.322861, 216.18, 323.20, 10, -0.44, 1500, 1500, 1500, 503.75, 15200.00, 11166.25, 15133.75
3080, 0, 41.494648, -86.322868, 205.54, 323.20, 10, -0.44, 1500, 1500, 1500, 170.00, 14911.25, 7770.00, 14376.25
3081, 0, 41.494650, -86.322868, 200.26, 323.20, 10, -0.44, 1500, 1500, 1500, 621.25, 15245.00, 11195.00, 15336.25
3082, 0, 41.494650, -86.322868, 193.38, 323.20, 10, -0.44, 1500, 1500, 1500, 211.25, 14231.25, 7.50, 14232.50
3083, 0, 41.494650, -86.322868, 188.90, 323.20, 10, -0.44, 1500, 1500, 1500, 142.50, 14270.00, 6.25, 14267.50
3084, 0, 41.494652, -86.322868, 184.15, 323.20, 10, -0.44, 1500, 1500, 1500, 482.50, 15273.75, 11218.75, 15373.75
3085, 0, 41.494652, -86.322868, 183.86, 323.20, 10, -0.44, 1500, 1500, 1500, 128.75, 14323.75, 6.25, 14316.25
3087, 0, 41.494654, -86.322868, 176.81, 323.20, 10, -0.44, 1500, 1500, 1500, 131.25, 14341.25, 8.75, 14335.00
3088, 0, 41.494656, -86.322868, 170.05, 323.20, 10, -0.44, 1500, 1500, 1500, -310.00, 14375.00, 7.50, 14366.25
3089, 0, 41.494656, -86.322876, 163.61, 323.20, 10, -0.44, 1500, 1500, 1500, 160.00, 14376.25, 7.50, 14446.25
3090, 0, 41.494658, -86.322876, 157.81, 323.20, 10, -0.44, 1500, 1500, 1500, 140.00, 14382.50, 8.75, 14382.50
3091, 0, 41.494658, -86.322876, 152.59, 323.20, 10, -0.44, 1500, 1500, 1500, 185.00, 14390.00, 7.50, 14385.00
3092, 0, 41.494659, -86.322876, 151.96, 323.20, 10, -0.44, 1500, 1500, 1500, 203.75, 14392.50, 8.75, 14377.50
3093, 0, 41.494661, -86.322876, 152.02, 323.20, 10, -0.44, 1500, 1500, 1500, 152.50, 14393.75, 7.50, 14387.50
3094, 0, 41.494661, -86.322876, 151.40, 323.20, 10, -0.44, 1500, 1500, 1500, 161.25, 15303.75, 10.00, 15335.00
3096, 0, 41.494663, -86.322884, 150.87, 323.20, 10, -0.44, 1500, 1500, 1500, 208.75, 14677.50, 3002.50, 15371.25
3097, 0, 41.494665, -86.322884, 148.19, 323.20, 10, -0.44, 1500, 1500, 1500, 212.50, 14416.25, 6.25, 14418.75
3098, 0, 41.494665, -86.322884, 150.68, 323.20, 10, -0.44, 1500, 1500, 1500, -1016.25, 14603.75, 7118.75, 14556.25
3099, 0, 41.494669, -86.322884, 146.70, 323.20, 10, -0.44, 1500, 1500, 1500, 128.75, 14438.75, 7.50, 14432.50
3100, 0, 41.494671, -86.322891, 138.55, 323.20, 10, -0.44, 1500, 1500, 1500, 121.25, 14442.50, 8.75, 14437.50
3101, 0, 41.494673, -86.322891, 146.29, 323.20, 10, -0.44, 1500, 1500, 1500, 148.75, 14435.00, 7.50, 14430.00
3102, 0, 41.494673, -86.322891, 142.92, 323.20, 10, -0.44, 1500, 1500, 1500, 235.00, 14417.50, 7.50, 14411.25
3103, 0, 41.494673, -86.322891, 153.40, 323.20, 10, -0.44, 1500, 1500, 1500, 57.50, 14441.25, 8.75, 14431.25
3104, 0, 41.494677, -86.322891, 160.57, 323.20, 10, -0.44, 1500, 1500, 1500, 295.00, 15427.50, 11268.75, 15531.25
3106, 0, 41.494677, -86.322891, 163.93, 323.20, 10, -0.44, 1500, 1500, 1500, -1670.00, 14508.75, 11268.75, 14653.75
3107, 1, 41.494678, -86.322891, 167.02, 323.91, 10, 100.00, 1675, 1475, 2500, 703.75, 15342.50, 8698.75, 14518.75
3108, 1, 41.494680, -86.322891, 177.19, 323.80, 10, 100.00, 1850, 1300, 2500, 5395.00, 13776.25, 7.50, 13871.25
3109, 1, 41.494680, -86.322891, 196.87, 323.80, 10, 100.00, 2000, 1150, 2500, 15058.75, 13425.00, 11426.25, 13657.50
3110, 1, 41.494680, -86.322884, 218.43, 323.29, 10, 100.00, 2000, 1000, 2500, 18332.50, 12875.00, 11373.75, 13150.00
3111, 1, 41.494678, -86.322884, 244.55, 323.40, 10, 100.00, 2000, 1000, 2500, 17947.50, 12845.00, 11312.50, 13125.00
3112, 1, 41.494677, -86.322884, 265.61, 323.51, 10, 100.00, 2000, 1000, 2500, 17547.50, 12822.50, 11312.50, 13002.50
3113, 1, 41.494675, -86.322884, 288.84, 323.62, 10, 100.00, 2000, 1000, 2500, 17768.75, 12781.25, 11296.25, 13005.00
3114, 1, 41.494671, -86.322884, 312.35, 323.84, 10, 100.00, 2000, 1000, 2500, 17200.00, 12766.25, 11301.25, 12983.75
3115, 1, 41.494669, -86.322884, 329.90, 323.95, 10, 100.00, 2000, 1000, 2500, 17076.25, 12673.75, 11296.25, 12973.75
3116, 1, 41.494667, -86.322891, 348.11, 324.56, 10, 85.72, 2000, 1175, 2500, 13411.25, 13137.50, 11231.25, 13320.00
3117, 1, 41.494667, -86.322891, 6.02, 324.56, 10, 70.35, 2000, 1350, 2500, 10562.50, 13631.25, 11157.50, 13776.25
3118, 1, 41.494667, -86.322899, 26.28, 325.07, 10, 56.49, 2000, 1500, 2500, 9587.50, 13805.00, 11162.50, 14018.75
3119, 1, 41.494671, -86.322899, 46.11, 324.86, 10, 36.62, 2000, 1675, 2232, 10912.50, 13637.50, 11338.75, 13807.50
3120, 1, 41.494675, -86.322899, 67.05, 324.65, 10, 17.38, 2000, 1850, 1847, 12036.25, 13442.50, 11508.75, 13683.75
3122, 1, 41.494678, -86.322899, 77.79, 324.43, 10, 2.22, 2000, 2000, 1544, 17593.75, 12845.00, 11578.75, 13053.75
3123, 1, 41.494682, -86.322891, 85.80, 323.69, 10, -7.98, 2000, 2000, 1340, 16463.75, 12846.25, 11595.00, 13066.25
3124, 1, 41.494682, -86.322884, 81.48, 323.18, 10, -14.10, 2000, 2000, 1217, 17046.25, 12852.50, 11588.75, 13052.50
3125, 1, 41.494684, -86.322861, 77.06, 321.57, 10, -16.34, 2000, 2000, 1173, 17043.75, 12832.50, 11567.50, 12963.75
3126, 1, 41.494684, -86.322853, 69.46, 321.08, 10, -16.65, 2000, 2000, 1167, 16403.75, 12806.25, 11532.50, 13067.50
3127, 1, 41.494686, -86.322838, 64.75, 320.01, 10, -17.40, 2000, 2000, 1151, 16065.00, 12767.50, 11522.50, 12983.75
3128, 1, 41.494688, -86.322830, 60.46, 319.43, 10, -18.44, 2000, 2000, 1131, 16228.75, 12741.25, 11487.50, 12981.25
3129, 1, 41.494692, -86.322823, 52.01, 318.73, 10, -18.08, 2000, 2000, 1138, 16616.25, 12772.50, 11405.00, 12906.25
3130, 1, 41.494696, -86.322807, 45.06, 317.59, 10, -17.43, 2000, 2000, 1151, 16667.50, 12721.25, 11352.50, 12980.00
3131, 1, 41.494701, -86.322800, 37.11, 316.79, 10, -17.89, 2000, 2000, 1142, 16196.25, 12710.00, 11310.00, 12961.25
3132, 1, 41.494707, -86.322792, 35.48, 315.99, 10, -16.39, 2000, 2000, 1172, 16695.00, 12703.75, 11238.75, 12962.50
3133, 1, 41.494713, -86.322784, 28.01, 315.19, 10, -16.30, 2000, 2000, 1174, 16132.50, 12755.00, 11185.00, 12962.50
3134, 1, 41.494720, -86.322777, 24.76, 314.26, 10, -16.23, 2000, 2000, 1175, 16091.25, 12650.00, 11157.50, 12967.50
3135, 1, 41.494728, -86.322769, 16.84, 313.33, 10, -15.75, 2000, 2000, 1185, 16180.00, 12725.00, 11173.75, 12915.00
3137, 1, 41.494736, -86.322769, 10.49, 312.81, 10, -14.21, 2000, 2000, 1215, 15758.75, 12695.00, 11186.25, 12926.25
3138, 1, 41.494745, -86.322762, 4.82, 311.74, 10, -14.29, 2000, 2000, 1214, 16290.00, 12711.25, 11188.75, 12913.75
3139, 1, 41.494755, -86.322762, 2.36, 311.06, 10, -12.61, 2000, 2000, 1247, 16752.50, 12716.25, 11193.75, 12936.25
3140, 1, 41.494764, -86.322754, 358.47, 309.97, 10, -12.25, 2000, 2000, 1255, 15951.25, 12666.25, 11218.75, 12897.50
3141, 1, 41.494783, -86.322754, 354.12, 308.55, 10, -11.14, 2000, 2000, 1277, 16782.50, 12671.25, 11242.50, 12932.50
3142, 1, 41.494793, -86.322754, 348.33, 307.82, 10, -10.27, 2000, 2000, 1294, 16132.50, 12625.00, 11241.25, 12872.50
3143, 1, 41.494802, -86.322762, 344.15, 307.47, 10, -9.44, 2000, 2000, 1311, 15863.75, 12687.50, 11245.00, 12868.75
3144, 1, 41.494812, -86.322762, 340.43, 306.71, 10, -8.43, 2000, 2000, 1331, 16046.25, 12680.00, 11273.75, 12847.50
3145, 1, 41.494822, -86.322769, 337.37, 306.32, 10, -8.09, 2000, 2000, 1338, 15642.50, 12655.00, 11267.50, 12887.50
3146, 1, 41.494829, -86.322769, 335.18, 305.68, 10, -8.33, 2000, 2000, 1333, 15672.50, 12651.25, 11270.00, 12896.25
3147, 1, 41.494837, -86.322777, 335.06, 305.43, 10, -8.33, 2000, 2000, 1333, 16230.00, 12657.50, 11281.25, 12850.00
3148, 1, 41.494846, -86.322777, 333.51, 304.60, 10, -8.92, 2000, 2000, 1321, 16201.25, 12622.50, 11281.25, 12850.00
3149, 1, 41.494854, -86.322784, 331.32, 304.32, 10, -8.70, 2000, 2000, 1325, 16233.75, 12638.75, 11295.00, 12907.50
3150, 1, 41.494862, -86.322792, 329.30, 304.03, 10, -8.87, 2000, 2000, 1322, 16032.50, 12673.75, 11285.00, 12890.00
3152, 1, 41.494869, -86.322800, 325.95, 303.73, 10, -7.99, 2000, 2000, 1340, 15582.50, 12632.50, 11297.50, 12852.50
3153, 1, 41.494877, -86.322800, 325.86, 303.01, 10, -7.80, 2000, 2000, 1343, 16056.25, 12553.75, 11288.75, 12827.50
3154, 1, 41.494884, -86.322807, 323.32, 302.67, 10, -8.94, 2000, 2000, 1321, 16348.75, 12580.00, 11286.25, 12793.75
3155, 1, 41.494898, -86.322823, 320.50, 302.17, 10, -7.51, 2000, 2000, 1349, 15713.75, 12610.00, 11290.00, 12837.50
3156, 1, 41.494904, -86.322830, 318.02, 302.00, 10, -6.90, 2000, 2000, 1362, 16167.50, 12610.00, 11265.00, 12800.00
3157, 1, 41.494911, -86.322838, 318.24, 301.62, 10, -6.65, 2000, 2000, 1366, 16343.75, 12618.75, 11282.50, 12858.75
3158, 1, 41.494917, -86.322845, 315.11, 301.43, 10, -6.15, 2000, 2000, 1376, 16037.50, 12582.50, 11283.75, 12801.25
3159, 1, 41.494923, -86.322853, 313.25, 301.24, 10, -6.43, 2000, 2000, 1371, 16660.00, 12598.75, 11300.00, 12812.50
3160, 1, 41.494928, -86.322861, 313.46, 301.04, 10, -5.99, 2000, 2000, 1380, 16110.00, 12618.75, 11280.00, 12806.25
3161, 1, 41.494934, -86.322868, 313.25, 300.83, 10, -6.28, 2000, 2000, 1374, 15780.00, 12591.25, 11265.00, 12732.50
3162, 1, 41.494940, -86.322876, 315.25, 300.61, 10, -6.84, 2000, 2000, 1363, 16012.50, 12571.25, 11307.50, 12800.00
3163, 1, 41.494944, -86.322891, 313.84, 301.09, 10, -7.31, 2000, 2000, 1353, 15772.50, 12555.00, 11296.25, 12835.00
3164, 1, 41.494949, -86.322899, 311.90, 300.87, 10, -7.27, 2000, 2000, 1354, 16223.75, 12590.00, 11296.25, 12790.00
3166, 1, 41.494955, -86.322906, 312.50, 300.63, 10, -8.07, 2000, 2000, 1338, 16137.50, 12558.75, 11293.75, 12778.75
3167, 1, 41.494959, -86.322914, 310.10, 300.64, 10, -7.90, 2000, 2000, 1342, 16095.00, 12602.50, 11286.25, 12813.75
3168, 1, 41.494965, -86.322922, 309.07, 300.39, 10, -7.63, 2000, 2000, 1347, 15845.00, 12560.00, 11258.75, 12813.75
3169, 1, 41.494970, -86.322929, 308.01, 300.13, 10, -7.92, 2000, 2000, 1341, 16376.25, 12525.00, 11287.50, 12776.25
3170, 1, 41.494980, -86.322945, 310.50, 299.84, 10, -7.52, 2000, 2000, 1349, 16135.00, 12607.50, 11286.25, 12858.75
3171, 1, 41.494986, -86.322952, 308.65, 299.55, 10, -8.51, 2000, 2000, 1329, 16310.00, 12572.50, 11326.25, 12793.75
3172, 1, 41.494991, -86.322960, 310.10, 299.24, 10, -9.14, 2000, 2000, 1317, 16642.50, 12578.75, 11292.50, 12766.25
3173, 1, 41.494995, -86.322968, 308.48, 299.21, 10, -9.88, 2000, 2000, 1302, 15816.25, 12591.25, 11268.75, 12785.00
3174, 1, 41.495001, -86.322975, 307.01, 298.88, 10, -9.68, 2000, 2000, 1306, 16098.75, 12495.00, 11283.75, 12861.25
3175, 1, 41.495005, -86.322983, 306.28, 298.84, 10, -9.26, 2000, 2000, 1314, 16363.75, 12542.50, 11277.50, 12815.00
3176, 1, 41.495010, -86.322998, 305.44, 299.09, 10, -9.28, 2000, 2000, 1314, 15682.50, 12600.00, 11297.50, 12795.00
3177, 1, 41.495014, -86.323006, 305.20, 299.05, 10, -8.44, 2000, 2000, 1331, 15972.50, 12571.25, 11300.00, 12792.50
3178, 1, 41.495020, -86.323013, 303.28, 298.67, 10, -8.91, 2000, 2000, 1321, 16093.75, 12603.75, 11315.00, 12806.25
3180, 1, 41.495024, -86.323021, 302.69, 298.62, 10, -9.33, 2000, 2000, 1313, 15880.00, 12563.75, 11267.50, 12760.00
3181, 1, 41.495029, -86.323029, 304.30, 298.20, 10, -8.50, 2000, 2000, 1330, 15636.25, 12526.25, 11308.75, 12798.75
3182, 1, 41.495033, -86.323036, 302.28, 298.13, 10, -8.75, 2000, 2000, 1324, 16156.25, 12591.25, 11318.75, 12757.50
3183, 1, 41.495041, -86.323059, 304.47, 298.75, 10, -8.37, 2000, 2000, 1332, 15926.25, 12541.25, 11311.25, 12773.75
3184, 1, 41.495045, -86.323067, 302.07, 298.69, 10, -7.66, 2000, 2000, 1346, 16302.50, 12608.75, 11322.50, 12827.50
3185, 1, 41.495049, -86.323074, 301.57, 298.63, 10, -7.97, 2000, 2000, 1340, 16695.00, 12537.50, 11306.25, 12710.00
3186, 1, 41.495052, -86.323082, 299.04, 298.57, 10, -8.06, 2000, 2000, 1338, 15815.00, 12493.75, 11306.25, 12793.75
3187, 1, 41.495058, -86.323097, 300.08, 298.92, 10, -6.54, 2000, 2000, 1369, 16581.25, 12597.50, 11300.00, 12737.50
3188, 1, 41.495062, -86.323105, 300.81, 298.86, 10, -7.05, 2000, 2000, 1358, 16686.25, 12497.50, 11313.75, 12751.25
3189, 1, 41.495064, -86.323112, 299.94, 299.33, 10, -6.62, 2000, 2000, 1367, 15920.00, 12488.75, 11302.50, 12773.75
3190, 1, 41.495068, -86.323120, 299.50, 299.29, 10, -5.63, 2000, 2000, 1387, 15812.50, 12535.00, 11316.25, 12780.00
3191, 1, 41.495071, -86.323135, 299.49, 300.39, 10, -4.07, 2000, 2000, 1418, 16325.00, 12503.75, 11316.25, 12750.00
3192, 1, 41.495075, -86.323143, 299.48, 300.39, 10, -4.38, 2000, 2000, 1412, 16437.50, 12593.75, 11317.50, 12791.25
3194, 1, 41.495079, -86.323151, 299.20, 300.39, 10, -3.99, 2000, 2000, 1420, 15850.00, 12526.25, 11308.75, 12700.00
3195, 1, 41.495083, -86.323158, 300.22, 300.39, 10, -4.36, 2000, 2000, 1412, 15561.25, 12513.75, 11273.75, 12802.50
3196, 1, 41.495085, -86.323174, 298.04, 302.67, 10, -2.47, 2000, 2000, 1450, 15651.25, 12545.00, 11306.25, 12795.00
3197, 1, 41.495092, -86.323189, 299.19, 302.99, 10, -1.54, 2000, 2000, 1469, 16616.25, 12487.50, 11301.25, 12701.25
3198, 1, 41.495096, -86.323196, 300.08, 253.32, 11, -2.84, 2000, 2000, 1443, 15952.50, 12542.50, 11296.25, 12778.75
3199, 1, 41.495100, -86.323212, 296.12, 253.04, 11, -40.66, 2000, 2000, 686, 16143.75, 12528.75, 11300.00, 12760.00
3200, 1, 41.495104, -86.323219, 286.66, 252.83, 11, -34.44, 2000, 2000, 811, 15881.25, 12488.75, 11323.75, 12753.75
3201, 1, 41.495108, -86.323227, 272.16, 252.62, 11, -27.26, 2000, 2000, 954, 15887.50, 12471.25, 11320.00, 12732.50
3202, 1, 41.495110, -86.323235, 263.63, 252.47, 11, -21.26, 2000, 2000, 1074, 16865.00, 12507.50, 11288.75, 12676.25
3203, 1, 41.495110, -86.323250, 254.77, 252.32, 11, -13.86, 2000, 2000, 1222, 16045.00, 12400.00, 11362.50, 12615.00
3204, 1, 41.495108, -86.323257, 252.86, 252.31, 11, -9.91, 2000, 2000, 1301, 15753.75, 12408.75, 11322.50, 12730.00
3205, 1, 41.495106, -86.323265, 250.24, 252.31, 11, -8.99, 2000, 2000, 1320, 16583.75, 12470.00, 11351.25, 12706.25
3207, 1, 41.495102, -86.323273, 248.30, 252.37, 11, -6.20, 2000, 2000, 1376, 16091.25, 12523.75, 11332.50, 12685.00
3208, 1, 41.495098, -86.323280, 245.67, 252.44, 11, -4.37, 2000, 2000, 1412, 16183.75, 12480.00, 11308.75, 12643.75
3209, 1, 41.495094, -86.323288, 244.80, 252.50, 11, -5.10, 2000, 2000, 1398, 16321.25, 12480.00, 11383.75, 12705.00
3210, 1, 41.495090, -86.323296, 246.33, 252.57, 11, -4.06, 2000, 2000, 1418, 15383.75, 12493.75, 11383.75, 12722.50
3211, 1, 41.495083, -86.323311, 246.65, 252.71, 11, -4.83, 2000, 2000, 1403, 15712.50, 12570.00, 11338.75, 12643.75
3212, 1, 41.495079, -86.323318, 247.73, 252.78, 11, -5.09, 2000, 2000, 1398, 15902.50, 12463.75, 11297.50, 12673.75
3213, 1, 41.495075, -86.323334, 250.20, 252.77, 11, -6.16, 2000, 2000, 1376, 16701.25, 12477.50, 11320.00, 12730.00
3214, 1, 41.495071, -86.323341, 251.47, 252.84, 11, -6.41, 2000, 2000, 1371, 15983.75, 12426.25, 11301.25, 12678.75
3215, 1, 41.495068, -86.323349, 251.67, 252.91, 11, -7.61, 2000, 2000, 1347, 15232.50, 12501.25, 11331.25, 12673.75
3216, 1, 41.495064, -86.323357, 251.27, 252.98, 11, -8.28, 2000, 2000, 1334, 16176.25, 12476.25, 11362.50, 12703.75
3217, 1, 41.495060, -86.323364, 254.06, 253.05, 11, -8.82, 2000, 2000, 1323, 15946.25, 12513.75, 11355.00, 12741.25
3218, 1, 41.495058, -86.323372, 254.54, 253.05, 11, -9.19, 2000, 2000, 1316, 16621.25, 12482.50, 11370.00, 12738.75
3219, 1, 41.495054, -86.323387, 252.45, 253.04, 11, -8.37, 2000, 2000, 1332, 16730.00, 12511.25, 11302.50, 12708.75
3221, 1, 41.495050, -86.323395, 255.34, 253.12, 11, -8.88, 2000, 2000, 1322, 15558.75, 12475.00, 11366.25, 12752.50
3222, 1, 41.495049, -86.323402, 254.99, 253.11, 11, -8.83, 2000, 2000, 1323, 15745.00, 12522.50, 11357.50, 12725.00
3223, 1, 41.495045, -86.323410, 254.45, 253.19, 11, -9.51, 2000, 2000, 1309, 16127.50, 12486.25, 11327.50, 12726.25
3224, 1, 41.495039, -86.323433, 251.94, 253.18, 11, -9.19, 2000, 2000, 1316, 16335.00, 12488.75, 11301.25, 12666.25
3225, 1, 41.495037, -86.323441, 249.76, 253.18, 11, -7.85, 2000, 2000, 1342, 15497.50, 12457.50, 11361.25, 12663.75
3226, 1, 41.495033, -86.323448, 253.40, 253.26, 11, -7.82, 2000, 2000, 1343, 16286.25, 12477.50, 11327.50, 12698.75
3227, 1, 41.495029, -86.323456, 251.20, 253.34, 11, -7.29, 2000, 2000, 1354, 16587.50, 12508.75, 11361.25, 12731.25
3228, 1, 41.495028, -86.323463, 250.86, 253.33, 11, -6.99, 2000, 2000, 1360, 16338.75, 12438.75, 11373.75, 12653.75
3229, 1, 41.495024, -86.323471, 252.53, 253.41, 11, -7.46, 2000, 2000, 1350, 16145.00, 12431.25, 11271.25, 12652.50
3230, 1, 41.495020, -86.323479, 251.87, 253.50, 11, -6.54, 2000, 2000, 1369, 15802.50, 12463.75, 11330.00, 12722.50
3231, 1, 41.495018, -86.323494, 250.00, 253.41, 11, -6.43, 2000, 2000, 1371, 15985.00, 12461.25, 11370.00, 12691.25
3232, 1, 41.495014, -86.323502, 252.14, 253.49, 11, -7.13, 2000, 2000, 1357, 16250.00, 12422.50, 11352.50, 12666.25
3233, 1, 41.495010, -86.323509, 250.72, 253.58, 11, -5.49, 2000, 2000, 1390, 15973.75, 12381.25, 11347.50, 12666.25
3234, 1, 41.495007, -86.323517, 250.94, 253.66, 11, -5.64, 2000, 2000, 1387, 15962.50, 12385.00, 11358.75, 12621.25
3236, 1, 41.495003, -86.323524, 249.95, 253.74, 11, -6.09, 2000, 2000, 1378, 16303.75, 12465.00, 11393.75, 12680.00
3237, 1, 41.494999, -86.323532, 252.12, 253.83, 11, -5.07, 2000, 2000, 1398, 17397.50, 12422.50, 11312.50, 12602.50
3238, 1, 41.494993, -86.323547, 249.97, 253.92, 11, -5.33, 2000, 2000, 1393, 15996.25, 12411.25, 11343.75, 12686.25
3239, 1, 41.494989, -86.323555, 251.02, 254.01, 11, -4.77, 2000, 2000, 1404, 16317.50, 12453.75, 11346.25, 12712.50
3240, 1, 41.494986, -86.323563, 249.09, 254.10, 11, -4.79, 2000, 2000, 1404, 16650.00, 12461.25, 11345.00, 12672.50
3241, 1, 41.494982, -86.323570, 252.27, 254.19, 11, -4.74, 2000, 2000, 1405, 15913.75, 12351.25, 11341.25, 12621.25
3242, 1, 41.494978, -86.323586, 251.54, 254.19, 11, -4.52, 2000, 2000, 1409, 16631.25, 12483.75, 11318.75, 12670.00
3243, 1, 41.494976, -86.323593, 249.03, 254.20, 11, -4.14, 2000, 2000, 1417, 16045.00, 12405.00, 11313.75, 12690.00
3244, 1, 41.494972, -86.323601, 251.67, 254.29, 11, -4.09, 2000, 2000, 1418, 15922.50, 12430.00, 11357.50, 12630.00
3245, 1, 41.494968, -86.323608, 252.90, 254.39, 11, -4.08, 2000, 2000, 1418, 16136.25, 12496.25, 11360.00, 12701.25
3246, 1, 41.494967, -86.323616, 251.16, 254.39, 11, -4.04, 2000, 2000, 1419, 16007.50, 12475.00, 11346.25, 12665.00
3247, 1, 41.494963, -86.323624, 251.81, 254.49, 11, -4.81, 2000, 2000, 1403, 15987.50, 12440.00, 11338.75, 12590.00
3248, 1, 41.494959, -86.323631, 253.40, 254.58, 11, -4.76, 2000, 2000, 1404, 16081.25, 12467.50, 11331.25, 12720.00
3250, 1, 41.494955, -86.323639, 254.77, 254.68, 11, -5.28, 2000, 2000, 1394, 16868.75, 12420.00, 11320.00, 12543.75
3251, 1, 41.494953, -86.323647, 252.38, 254.69, 11, -6.02, 2000, 2000, 1379, 15847.50, 12433.75, 11278.75, 12648.75
3252, 1, 41.494949, -86.323654, 254.66, 254.79, 11, -6.93, 2000, 2000, 1361, 16541.25, 12426.25, 11330.00, 12647.50
3253, 1, 41.494947, -86.323662, 258.38, 254.80, 11, -6.91, 2000, 2000, 1361, 16337.50, 12420.00, 11342.50, 12648.75
3254, 1, 41.494942, -86.323685, 256.31, 254.82, 11, -7.46, 2000, 2000, 1350, 16185.00, 12356.25, 11367.50, 12616.25
3255, 1, 41.494938, -86.323692, 254.12, 254.92, 11, -7.42, 2000, 2000, 1351, 16817.50, 12343.75, 11370.00, 12553.75
3256, 1, 41.494936, -86.323700, 257.55, 254.93, 11, -7.85, 2000, 2000, 1342, 16500.00, 12387.50, 11330.00, 12608.75
3257, 1, 41.494932, -86.323708, 258.32, 255.04, 11, -7.52, 2000, 2000, 1349, 16397.50, 12428.75, 11327.50, 12668.75
3258, 1, 41.494928, -86.323715, 257.65, 255.15, 11, -9.26, 2000, 2000, 1314, 16872.50, 12428.75, 11316.25, 12591.25
3259, 1, 41.494926, -86.323723, 257.50, 255.16, 11, -8.95, 2000, 2000, 1320, 15947.50, 12426.25, 11336.25, 12657.50
3260, 1, 41.494923, -86.323730, 257.64, 255.27, 11, -7.72, 2000, 2000, 1345, 15635.00, 12392.50, 11357.50, 12613.75
3261, 1, 41.494921, -86.323738, 257.89, 255.28, 11, -9.18, 2000, 2000, 1316, 16868.75, 12422.50, 11362.50, 12637.50
3262, 1, 41.494919, -86.323746, 256.67, 255.29, 11, -8.91, 2000, 2000, 1321, 16311.25, 12366.25, 11308.75, 12558.75
3264, 1, 41.494915, -86.323753, 257.74, 255.40, 11, -8.17, 2000, 2000, 1336, 16065.00, 12456.25, 11336.25, 12653.75
3265, 1, 41.494913, -86.323761, 256.67, 255.42, 11, -6.93, 2000, 2000, 1361, 15818.75, 12375.00, 11373.75, 12640.00
3266, 1, 41.494909, -86.323769, 254.88, 255.53, 11, -6.77, 2000, 2000, 1364, 16375.00, 12447.50, 11352.50, 12597.50
3267, 1, 41.494905, -86.323784, 257.60, 255.56, 11, -7.78, 2000, 2000, 1344, 15891.25, 12426.25, 11321.25, 12583.75
3268, 1, 41.494902, -86.323792, 258.57, 255.68, 11, -7.68, 2000, 2000, 1346, 16060.00, 12388.75, 11345.00, 12618.75
3269, 1, 41.494900, -86.323799, 258.82, 255.69, 11, -8.23, 2000, 2000, 1335, 16671.25, 12350.00, 11353.75, 12590.00
3270, 1, 41.494896, -86.323814, 256.67, 255.72, 11, -7.67, 2000, 2000, 1346, 16201.25, 12433.75, 11282.50, 12612.50
3271, 1, 41.494894, -86.323822, 254.55, 255.74, 11, -7.49, 2000, 2000, 1350, 16076.25, 12321.25, 11268.75, 12626.25
3272, 1, 41.494892, -86.323830, 256.85, 255.75, 11, -8.64, 2000, 2000, 1327, 16297.50, 12432.50, 11403.75, 12662.50
3273, 1, 41.494888, -86.323837, 256.12, 255.88, 11, -7.34, 2000, 2000, 1353, 15851.25, 12327.50, 11355.00, 12598.75
3274, 1, 41.494886, -86.323845, 255.10, 255.89, 11, -7.64, 2000, 2000, 1347, 16126.25, 12390.00, 11266.25, 12607.50
3275, 1, 41.494883, -86.323853, 255.11, 256.02, 11, -7.22, 2000, 2000, 1355, 15765.00, 12353.75, 11317.50, 12606.25
3276, 1, 41.494879, -86.323860, 253.98, 256.16, 11, -6.24, 2000, 2000, 1375, 15480.00, 12380.00, 11346.25, 12666.25
3278, 1, 41.494877, -86.323868, 255.55, 256.17, 11, -6.06, 2000, 2000, 1378, 15945.00, 12343.75, 11350.00, 12563.75
3279, 1, 41.494873, -86.323875, 255.89, 256.31, 11, -6.11, 2000, 2000, 1377, 16147.50, 12368.75, 11365.00, 12611.25
3280, 1, 41.494871, -86.323883, 257.75, 256.33, 11, -5.73, 2000, 2000, 1385, 16863.75, 12402.50, 11355.00, 12583.75
3281, 1, 41.494865, -86.323898, 256.88, 256.49, 11, -6.42, 2000, 2000, 1371, 16702.50, 12397.50, 11375.00, 12563.75
3282, 1, 41.494864, -86.323906, 254.43, 256.51, 11, -6.32, 2000, 2000, 1373, 16218.75, 12410.00, 11308.75, 12656.25
3283, 1, 41.494860, -86.323914, 256.18, 256.65, 11, -6.71, 2000, 2000, 1365, 15768.75, 12331.25, 11297.50, 12591.25
3284, 1, 41.494858, -86.323921, 256.39, 256.68, 11, -7.36, 2000, 2000, 1352, 16746.25, 12363.75, 11303.75, 12593.75
3285, 1, 41.494856, -86.323929, 257.05, 256.70, 11, -7.17, 2000, 2000, 1356, 16328.75, 12375.00, 11345.00, 12632.50
3286, 1, 41.494852, -86.323936, 257.15, 256.85, 11, -6.87, 2000, 2000, 1362, 15478.75, 12403.75, 11362.50, 12696.25
3287, 1, 41.494850, -86.323944, 256.34, 256.88, 11, -7.39, 2000, 2000, 1352, 16257.50, 12373.75, 11341.25, 12585.00
3288, 1, 41.494848, -86.323952, 257.79, 256.90, 11, -7.57, 2000, 2000, 1348, 16935.00, 12431.25, 11295.00, 12556.25
3289, 1, 41.494846, -86.323967, 258.10, 256.83, 11, -8.54, 2000, 2000, 1329, 16360.00, 12378.75, 11328.75, 12587.50
3290, 1, 41.494844, -86.323975, 258.38, 256.85, 11, -6.16, 2000, 2000, 1376, 15926.25, 12405.00, 11342.50, 12655.00
3291, 1, 41.494843, -86.323982, 256.91, 256.88, 11, -8.07, 2000, 2000, 1338, 16551.25, 12413.75, 11337.50, 12581.25
3293, 1, 41.494841, -86.323990, 256.81, 256.91, 11, -8.45, 2000, 2000, 1330, 15197.50, 12370.00, 11311.25, 12602.50
3294, 1, 41.494837, -86.323997, 259.25, 257.07, 11, -8.10, 2000, 2000, 1338, 15945.00, 12315.00, 11325.00, 12566.25
3295, 1, 41.494833, -86.324013, 255.55, 257.12, 11, -7.37, 2000, 2000, 1352, 15573.75, 12215.00, 11345.00, 12590.00
3296, 1, 41.494829, -86.324020, 258.75, 257.29, 11, -8.07, 2000, 2000, 1338, 16080.00, 12375.00, 11336.25, 12658.75
3297, 1, 41.494827, -86.324028, 257.17, 257.32, 11, -7.68, 2000, 2000, 1346, 15373.75, 12411.25, 11351.25, 12592.50
3298, 1, 41.494825, -86.324036, 256.41, 257.36, 11, -8.35, 2000, 2000, 1333, 16531.25, 12428.75, 11336.25, 12665.00
3299, 1, 41.494823, -86.324051, 258.04, 257.28, 11, -8.26, 2000, 2000, 1334, 15125.00, 12408.75, 11348.75, 12627.50
3300, 1, 41.494822, -86.324059, 257.26, 257.31, 11, -8.21, 2000, 2000, 1335, 16125.00, 12393.75, 11355.00, 12641.25
3301, 1, 41.494818, -86.324066, 258.73, 257.49, 11, -7.40, 2000, 2000, 1352, 16043.75, 12400.00, 11338.75, 12576.25
3302, 1, 41.494816, -86.324074, 257.64, 257.53, 11, -7.39, 2000, 2000, 1352, 15951.25, 12308.75, 11352.50, 12613.75
3303, 1, 41.494814, -86.324081, 257.15, 257.56, 11, -7.55, 2000, 2000, 1349, 15833.75, 12301.25, 11328.75, 12527.50
3304, 1, 41.494810, -86.324089, 257.45, 257.75, 11, -7.80, 2000, 2000, 1344, 16197.50, 12388.75, 11316.25, 12471.25
3306, 1, 41.494808, -86.324097, 261.74, 257.79, 11, -8.06, 2000, 2000, 1338, 15746.25, 12367.50, 11317.50, 12588.75
3307, 1, 41.494802, -86.324120, 259.34, 257.91, 11, -8.15, 2000, 2000, 1337, 16203.75, 12412.50, 11318.75, 12642.50
3308, 1, 41.494801, -86.324127, 257.83, 257.95, 11, -7.04, 2000, 2000, 1359, 15918.75, 12355.00, 11328.75, 12586.25
3309, 1, 41.494797, -86.324135, 256.95, 258.15, 11, -6.42, 2000, 2000, 1371, 15952.50, 12368.75, 11323.75, 12567.50
3310, 1, 41.494795, -86.324142, 257.17, 258.19, 11, -7.37, 2000, 2000, 1352, 15958.75, 12338.75, 11313.75, 12570.00
3311, 1, 41.494793, -86.324150, 257.75, 258.24, 11, -6.80, 2000, 2000, 1363, 16033.75, 12326.25, 11315.00, 12576.25
3312, 1, 41.494791, -86.324158, 255.87, 258.29, 11, -6.27, 2000, 2000, 1374, 15817.50, 12302.50, 11315.00, 12532.50
3313, 1, 41.494787, -86.324165, 257.50, 258.50, 11, -6.96, 2000, 2000, 1360, 16032.50, 12325.00, 11331.25, 12480.00
3314, 1, 41.494785, -86.324173, 257.11, 258.55, 11, -7.33, 2000, 2000, 1353, 16382.50, 12345.00, 11332.50, 12570.00
3315, 1, 41.494783, -86.324181, 256.91, 258.60, 11, -7.03, 2000, 2000, 1359, 16375.00, 12407.50, 11342.50, 12535.00
3316, 1, 41.494781, -86.324188, 257.05, 258.66, 11, -7.02, 2000, 2000, 1359, 15830.00, 12360.00, 11312.50, 12611.25
3318, 1, 41.494778, -86.324196, 257.98, 258.88, 11, -7.33, 2000, 2000, 1353, 16267.50, 12376.25, 11330.00, 12673.75
3319, 1, 41.494776, -86.324203, 258.48, 258.94, 11, -6.02, 2000, 2000, 1379, 15886.25, 12295.00, 11340.00, 12600.00
3320, 1, 41.494770, -86.324226, 256.47, 259.12, 11, -6.67, 2000, 2000, 1366, 16250.00, 12386.25, 11345.00, 12618.75
3321, 1, 41.494766, -86.324234, 258.13, 259.37, 11, -6.17, 2000, 2000, 1376, 15202.50, 12322.50, 11333.75, 12581.25
3322, 1, 41.494764, -86.324242, 256.50, 259.43, 11, -5.92, 2000, 2000, 1381, 15982.50, 12281.25, 11343.75, 12588.75
3323, 1, 41.494762, -86.324249, 259.16, 259.50, 11, -6.27, 2000, 2000, 1374, 16162.50, 12332.50, 11345.00, 12607.50
3324, 1, 41.494759, -86.324257, 258.23, 259.76, 11, -5.68, 2000, 2000, 1386, 15846.25, 12366.25, 11350.00, 12587.50
3325, 1, 41.494757, -86.324265, 256.60, 259.83, 11, -5.14, 2000, 2000, 1397, 16033.75, 12367.50, 11340.00, 12591.25
3326, 1, 41.494755, -86.324272, 256.78, 259.91, 11, -5.51, 2000, 2000, 1389, 15492.50, 12301.25, 11337.50, 12565.00
3327, 1, 41.494753, -86.324280, 260.20, 259.98, 11, -5.20, 2000, 2000, 1395, 15786.25, 12313.75, 11337.50, 12597.50
3328, 1, 41.494749, -86.324287, 257.55, 260.26, 11, -5.34, 2000, 2000, 1393, 15900.00, 12423.75, 11328.75, 12541.25
3329, 1, 41.494747, -86.324303, 260.37, 260.23, 11, -4.49, 2000, 2000, 1410, 15680.00, 12293.75, 11332.50, 12613.75
3331, 1, 41.494745, -86.324310, 258.82, 260.31, 11, -4.65, 2000, 2000, 1407, 15791.25, 12371.25, 11327.50, 12601.25
3332, 1, 41.494741, -86.324318, 258.82, 260.61, 11, -4.13, 2000, 2000, 1417, 15421.25, 12270.00, 11333.75, 12523.75
3333, 1, 41.494736, -86.324333, 259.25, 261.01, 11, -4.73, 2000, 2000, 1405, 16146.25, 12372.50, 11328.75, 12612.50
3334, 1, 41.494734, -86.324341, 257.50, 261.11, 11, -4.17, 2000, 2000, 1416, 15912.50, 12350.00, 11312.50, 12601.25
3335, 1, 41.494732, -86.324348, 257.79, 261.22, 11, -3.91, 2000, 2000, 1421, 16220.00, 12387.50, 11338.75, 12582.50
3336, 1, 41.494730, -86.324356, 260.71, 261.32, 11, -3.50, 2000, 2000, 1430, 15937.50, 12302.50, 11343.75, 12592.50
3337, 1, 41.494728, -86.324364, 260.31, 261.43, 11, -4.43, 2000, 2000, 1411, 15763.75, 12395.00, 11335.00, 12570.00
3338, 1, 41.494724, -86.324379, 260.71, 261.66, 11, -4.69, 2000, 2000, 1406, 15970.00, 12371.25, 11323.75, 12617.50
3339, 1, 41.494722, -86.324387, 259.84, 261.78, 11, -4.60, 2000, 2000, 1408, 14993.75, 12332.50, 11326.25, 12551.25
3340, 1, 41.494720, -86.324394, 262.45, 261.90, 11, -4.11, 2000, 2000, 1417, 15540.00, 12337.50, 11327.50, 12605.00
3341, 1, 41.494719, -86.324402, 262.45, 262.03, 11, -4.51, 2000, 2000, 1409, 15450.00, 12357.50, 11317.50, 12605.00
3342, 1, 41.494715, -86.324409, 261.96, 262.41, 11, -4.05, 2000, 2000, 1418, 15670.00, 12423.75, 11310.00, 12585.00
3344, 1, 41.494713, -86.324417, 261.28, 262.55, 11, -4.53, 2000, 2000, 1409, 16042.50, 12303.75, 11337.50, 12588.75
3345, 1, 41.494711, -86.324425, 261.33, 262.69, 11, -4.29, 2000, 2000, 1414, 15750.00, 12360.00, 11343.75, 12616.25
3346, 1, 41.494705, -86.324440, 263.08, 263.26, 11, -4.26, 2000, 2000, 1414, 15645.00, 12325.00, 11328.75, 12557.50
3347, 1, 41.494703, -86.324448, 261.56, 263.42, 11, -4.44, 2000, 2000, 1411, 15862.50, 12381.25, 11336.25, 12598.75
3348, 1, 41.494701, -86.324463, 263.21, 263.48, 11, -4.33, 2000, 2000, 1413, 16135.00, 12330.00, 11323.75, 12538.75
3349, 1, 41.494699, -86.324471, 263.91, 263.65, 11, -3.99, 2000, 2000, 1420, 15881.25, 12326.25, 11332.50, 12525.00
3350, 1, 41.494698, -86.324478, 262.17, 263.84, 11, -4.52, 2000, 2000, 1409, 15422.50, 12345.00, 11336.25, 12537.50
3351, 1, 41.494694, -86.324486, 264.45, 264.32, 11, -4.58, 2000, 2000, 1408, 15398.75, 12302.50, 11341.25, 12560.00
3352, 1, 41.494692, -86.324493, 264.03, 264.52, 11, -4.80, 2000, 2000, 1403, 15710.00, 12367.50, 11333.75, 12612.50
3353, 1, 41.494690, -86.324501, 263.57, 264.73, 11, -4.68, 2000, 2000, 1406, 16672.50, 12350.00, 11325.00, 12507.50
3354, 1, 41.494688, -86.324509, 268.19, 264.94, 11, -4.43, 2000, 2000, 1411, 15538.75, 12290.00, 11328.75, 12613.75
3355, 1, 41.494686, -86.324524, 263.74, 265.07, 11, -5.58, 2000, 2000, 1388, 15920.00, 12300.00, 11337.50, 12540.00
3357, 1, 41.494684, -86.324532, 264.67, 265.31, 11, -4.02, 2000, 2000, 1419, 15425.00, 12283.75, 11333.75, 12518.75
3358, 1, 41.494682, -86.324539, 263.68, 265.55, 11, -4.28, 2000, 2000, 1414, 15988.75, 12365.00, 11332.50, 12596.25
3359, 1, 41.494678, -86.324554, 265.86, 266.07, 11, -4.40, 2000, 2000, 1411, 16337.50, 12370.00, 11340.00, 12541.25
3360, 1, 41.494677, -86.324562, 265.66, 266.35, 11, -4.37, 2000, 2000, 1412, 16246.25, 12361.25, 11331.25, 12540.00
3361, 1, 41.494675, -86.324577, 266.12, 266.57, 11, -5.15, 2000, 2000, 1397, 16113.75, 12393.75, 11335.00, 12632.50
3362, 1, 41.494673, -86.324585, 267.21, 266.88, 11, -4.82, 2000, 2000, 1403, 15398.75, 12315.00, 11335.00, 12613.75
3363, 1, 41.494671, -86.324593, 268.13, 267.20, 11, -5.15, 2000, 2000, 1397, 15765.00, 12340.00, 11333.75, 12583.75
3364, 1, 41.494669, -86.324600, 266.03, 267.54, 11, -5.41, 2000, 2000, 1391, 15920.00, 12425.00, 11335.00, 12641.25
3365, 1, 41.494667, -86.324608, 267.84, 267.90, 11, -5.12, 2000, 2000, 1397, 16218.75, 12367.50, 11322.50, 12591.25
3366, 1, 41.494667, -86.324615, 267.09, 267.85, 11, -5.72, 2000, 2000, 1385, 15958.75, 12356.25, 11331.25, 12616.25
3367, 1, 41.494665, -86.324631, 269.09, 268.18, 11, -6.18, 2000, 2000, 1376, 15546.25, 12290.00, 11341.25, 12630.00
3369, 1, 41.494663, -86.324638, 270.37, 268.60, 11, -5.36, 2000, 2000, 1392, 15951.25, 12408.75, 11326.25, 12580.00
3370, 1, 41.494661, -86.324646, 270.02, 269.04, 11, -4.93, 2000, 2000, 1401, 15802.50, 12316.25, 11327.50, 12530.00
3371, 1, 41.494661, -86.324654, 271.08, 269.01, 11, -6.26, 2000, 2000, 1374, 15962.50, 12300.00, 11332.50, 12537.50
3372, 1, 41.494661, -86.324661, 268.91, 268.98, 11, -5.54, 2000, 2000, 1389, 15572.50, 12246.25, 11330.00, 12475.00
3373, 1, 41.494659, -86.324684, 270.74, 269.44, 11, -6.44, 2000, 2000, 1371, 15577.50, 12365.00, 11333.75, 12603.75
3374, 1, 41.494658, -86.324692, 272.17, 270.00, 11, -6.51, 2000, 2000, 1369, 15642.50, 12255.00, 11320.00, 12537.50
3375, 1, 41.494658, -86.324699, 272.85, 270.00, 11, -7.06, 2000, 2000, 1358, 15687.50, 12347.50, 11322.50, 12565.00
3376, 1, 41.494656, -86.324707, 272.53, 270.62, 11, -7.31, 2000, 2000, 1353, 15271.25, 12233.75, 11335.00, 12560.00
3377, 1, 41.494656, -86.324722, 274.59, 270.67, 11, -7.22, 2000, 2000, 1355, 16061.25, 12286.25, 11333.75, 12563.75
3378, 1, 41.494654, -86.324730, 270.08, 271.40, 11, -6.38, 2000, 2000, 1372, 15306.25, 12327.50, 11331.25, 12577.50
3379, 1, 41.494654, -86.324738, 272.50, 271.46, 11, -6.27, 2000, 2000, 1374, 16010.00, 12346.25, 11330.00, 12566.25
3380, 1, 41.494654, -86.324745, 271.09, 271.53, 11, -6.42, 2000, 2000, 1371, 15608.75, 12301.25, 11340.00, 12588.75
3382, 1, 41.494652, -86.324753, 272.85, 272.40, 11, -5.55, 2000, 2000, 1388, 16025.00, 12260.00, 11336.25, 12490.00
3383, 1, 41.494652, -86.324768, 274.24, 272.65, 11, -6.09, 2000, 2000, 1378, 15763.75, 12238.75, 11342.50, 12603.75
3384, 1, 41.494650, -86.324776, 274.99, 273.73, 11, -6.01, 2000, 2000, 1379, 15643.75, 12346.25, 11333.75, 12610.00
3385, 1, 41.494650, -86.324791, 273.54, 274.19, 12, -6.52, 2000, 2000, 1369, 16255.00, 12363.75, 11333.75, 12598.75
3386, 1, 41.494648, -86.324799, 280.89, 355.99, 12, 56.91, 2000, 1925, 2500, 13832.50, 12626.25, 11327.50, 12737.50
3387, 1, 41.494646, -86.324806, 296.12, 356.58, 12, 48.34, 2000, 2000, 2466, 15703.75, 12246.25, 11316.25, 12495.00
3388, 1, 41.494646, -86.324814, 310.55, 357.15, 12, 38.90, 2000, 2000, 2278, 16083.75, 12283.75, 11271.25, 12503.75
3389, 1, 41.494648, -86.324821, 326.01, 357.71, 12, 30.55, 2000, 2000, 2111, 15408.75, 12322.50, 11280.00, 12571.25
3390, 1, 41.494650, -86.324829, 339.78, 358.28, 12, 21.60, 2000, 2000, 1931, 16088.75, 12351.25, 11271.25, 12575.00
3391, 1, 41.494652, -86.324829, 349.95, 358.27, 12, 13.99, 2000, 2000, 1779, 16028.75, 12387.50, 11208.75, 12498.75
3392, 1, 41.494658, -86.324837, 359.54, 358.84, 12, 8.42, 2000, 2000, 1668, 15646.25, 12318.75, 11221.25, 12585.00
3394, 1, 41.494665, -86.324837, 3.26, 358.82, 12, 3.33, 2000, 2000, 1566, 15702.50, 12261.25, 11197.50, 12488.75
3395, 1, 41.494673, -86.324837, 7.80, 358.81, 12, 0.03, 2000, 2000, 1500, 15286.25, 12291.25, 11178.75, 12575.00
3396, 1, 41.494688, -86.324837, 10.34, 358.78, 12, -2.74, 2000, 2000, 1445, 15372.50, 12347.50, 11157.50, 12598.75
3397, 1, 41.494696, -86.324829, 10.57, 358.15, 12, -4.43, 2000, 2000, 1411, 15445.00, 12242.50, 11162.50, 12563.75
3398, 1, 41.494703, -86.324829, 11.75, 358.12, 12, -6.00, 2000, 2000, 1380, 15992.50, 12345.00, 11160.00, 12441.25
3399, 1, 41.494711, -86.324829, 12.32, 358.10, 12, -6.72, 2000, 2000, 1365, 15847.50, 12297.50, 11163.75, 12458.75
3400, 1, 41.494719, -86.324821, 12.81, 357.43, 12, -7.93, 2000, 2000, 1341, 15402.50, 12200.00, 11157.50, 12483.75
3401, 1, 41.494726, -86.324821, 11.93, 357.40, 12, -8.92, 2000, 2000, 1321, 16175.00, 12343.75, 11190.00, 12500.00
3402, 1, 41.494734, -86.324821, 11.08, 357.36, 12, -8.33, 2000, 2000, 1333, 15957.50, 12305.00, 11171.25, 12515.00
3403, 1, 41.494741, -86.324814, 11.09, 356.66, 12, -9.50, 2000, 2000, 1310, 16443.75, 12301.25, 11172.50, 12473.75
3404, 1, 41.494749, -86.324814, 9.16, 356.61, 12, -9.98, 2000, 2000, 1300, 15967.50, 12308.75, 11167.50, 12550.00
3406, 1, 41.494757, -86.324814, 10.16, 356.56, 12, -9.53, 2000, 2000, 1309, 15667.50, 12313.75, 11180.00, 12570.00
3407, 1, 41.494764, -86.324806, 6.67, 355.82, 12, -10.39, 2000, 2000, 1292, 15783.75, 12300.00, 11196.25, 12556.25
3408, 1, 41.494781, -86.324806, 5.39, 355.68, 12, -9.79, 2000, 2000, 1304, 15521.25, 12262.50, 11168.75, 12548.75
3409, 1, 41.494789, -86.324806, 4.76, 355.62, 12, -9.33, 2000, 2000, 1313, 16502.50, 12321.25, 11206.25, 12526.25
3410, 1, 41.494797, -86.324799, 4.15, 354.81, 12, -8.75, 2000, 2000, 1324, 15728.75, 12332.50, 11187.50, 12526.25
3411, 1, 41.494804, -86.324799, 2.36, 354.73, 12, -9.13, 2000, 2000, 1317, 15855.00, 12271.25, 11200.00, 12498.75
3412, 1, 41.494814, -86.324799, 2.34, 354.63, 12, -8.55, 2000, 2000, 1328, 15481.25, 12252.50, 11176.25, 12492.50
3413, 1, 41.494822, -86.324799, 1.79, 354.54, 12, -8.63, 2000, 2000, 1327, 15736.25, 12345.00, 11208.75, 12531.25
3414, 1, 41.494829, -86.324799, 359.95, 354.46, 12, -7.99, 2000, 2000, 1340, 16283.75, 12310.00, 11238.75, 12480.00
3415, 1, 41.494837, -86.324799, 1.22, 354.37, 12, -7.15, 2000, 2000, 1356, 16087.50, 12303.75, 11190.00, 12503.75
3416, 1, 41.494844, -86.324799, 357.90, 354.27, 12, -6.00, 2000, 2000, 1380, 16562.50, 12325.00, 11207.50, 12525.00
3418, 1, 41.494852, -86.324799, 356.02, 354.17, 12, -6.08, 2000, 2000, 1378, 16132.50, 12261.25, 11223.75, 12530.00
3419, 1, 41.494862, -86.324799, 356.39, 354.05, 12, -5.49, 2000, 2000, 1390, 15720.00, 12331.25, 11221.25, 12517.50
3420, 1, 41.494869, -86.324799, 355.80, 353.94, 12, -4.54, 2000, 2000, 1409, 15965.00, 12310.00, 11217.50, 12525.00
3421, 1, 41.494884, -86.324799, 355.43, 353.72, 12, -4.21, 2000, 2000, 1415, 15501.25, 12288.75, 11200.00, 12517.50
3422, 1, 41.494892, -86.324799, 352.82, 353.60, 12, -3.57, 2000, 2000, 1428, 16252.50, 12285.00, 11241.25, 12476.25
3423, 1, 41.494900, -86.324799, 356.39, 353.48, 12, -3.33, 2000, 2000, 1433, 15970.00, 12260.00, 11273.75, 12493.75
3424, 1, 41.494907, -86.324806, 355.13, 354.30, 12, -3.37, 2000, 2000, 1432, 15611.25, 12266.25, 11271.25, 12486.25
3425, 1, 41.494917, -86.324806, 351.06, 354.16, 12, -2.50, 2000, 2000, 1449, 15832.50, 12305.00, 11230.00, 12488.75
3426, 1, 41.494925, -86.324806, 350.70, 354.04, 12, -2.57, 2000, 2000, 1448, 15906.25, 12295.00, 11241.25, 12517.50
3427, 1, 41.494932, -86.324806, 352.01, 353.92, 12, -2.22, 2000, 2000, 1455, 15552.50, 12260.00, 11227.50, 12496.25
3428, 1, 41.494940, -86.324806, 352.08, 353.79, 12, -2.84, 2000, 2000, 1443, 16366.25, 12306.25, 11225.00, 12493.75
3430, 1, 41.494947, -86.324806, 350.51, 353.65, 12, -2.98, 2000, 2000, 1440, 15400.00, 12318.75, 11240.00, 12572.50
3431, 1, 41.494955, -86.324814, 352.18, 354.59, 12, -2.39, 2000, 2000, 1452, 15955.00, 12351.25, 11227.50, 12517.50
3432, 1, 41.494970, -86.324814, 352.99, 354.34, 12, -3.42, 2000, 2000, 1431, 15775.00, 12276.25, 11233.75, 12492.50
3433, 1, 41.494980, -86.324814, 354.96, 354.17, 12, -2.58, 2000, 2000, 1448, 16438.75, 12300.00, 11252.50, 12477.50
3434, 1, 41.494987, -86.324814, 355.31, 354.03, 12, -3.48, 2000, 2000, 1430, 16211.25, 12227.50, 11242.50, 12475.00
3435, 1, 41.494995, -86.324814, 355.53, 353.88, 12, -3.87, 2000, 2000, 1422, 15580.00, 12271.25, 11235.00, 12453.75
3436, 1, 41.495003, -86.324814, 353.90, 353.72, 12, -4.79, 2000, 2000, 1404, 15688.75, 12298.75, 11212.50, 12552.50
3437, 1, 41.495010, -86.324821, 355.51, 354.84, 12, -4.33, 2000, 2000, 1413, 15883.75, 12238.75, 11226.25, 12432.50
3438, 1, 41.495018, -86.324821, 355.00, 354.70, 12, -4.20, 2000, 2000, 1415, 15791.25, 12225.00, 11253.75, 12517.50
3439, 1, 41.495026, -86.324821, 354.31, 354.55, 12, -4.31, 2000, 2000, 1413, 15731.25, 12350.00, 11258.75, 12515.00
3440, 1, 41.495033, -86.324821, 355.73, 354.39, 12, -4.09, 2000, 2000, 1418, 15805.00, 12290.00, 11230.00, 12466.25
3441, 1, 41.495041, -86.324821, 354.87, 354.23, 12, -4.74, 2000, 2000, 1405, 16293.75, 12271.25, 11226.25, 12512.50
3443, 1, 41.495049, -86.324821, 356.14, 354.05, 12, -5.83, 2000, 2000, 1383, 15743.75, 12240.00, 11212.50, 12487.50
3444, 1, 41.495056, -86.324821, 355.80, 353.87, 12, -5.41, 2000, 2000, 1391, 16141.25, 12337.50, 11227.50, 12630.00
3445, 1, 41.495073, -86.324821, 356.72, 353.40, 12, -6.38, 2000, 2000, 1372, 16523.75, 12303.75, 11227.50, 12513.75
3446, 1, 41.495081, -86.324821, 354.15, 353.18, 12, -6.40, 2000, 2000, 1372, 16053.75, 12316.25, 11202.50, 12511.25
3447, 1, 41.495089, -86.324821, 358.10, 352.93, 12, -6.46, 2000, 2000, 1370, 15842.50, 12286.25, 11238.75, 12505.00
3448, 1, 41.495096, -86.324821, 355.61, 352.67, 12, -7.03, 2000, 2000, 1359, 15996.25, 12228.75, 11230.00, 12500.00
3449, 1, 41.495104, -86.324829, 356.06, 354.27, 12, -5.92, 2000, 2000, 1381, 15515.00, 12296.25, 11230.00, 12473.75
3450, 1, 41.495111, -86.324829, 356.18, 354.04, 12, -5.64, 2000, 2000, 1387, 16076.25, 12332.50, 11222.50, 12535.00
3451, 1, 41.495119, -86.324829, 356.55, 353.79, 12, -5.85, 2000, 2000, 1382, 14946.25, 12241.25, 11217.50, 12503.75
3452, 1, 41.495127, -86.324829, 355.79, 353.51, 12, -6.14, 2000, 2000, 1377, 15523.75, 12298.75, 11240.00, 12520.00
3454, 1, 41.495136, -86.324829, 355.61, 353.14, 12, -6.58, 2000, 2000, 1368, 16073.75, 12318.75, 11228.75, 12515.00
3455, 1, 41.495144, -86.324829, 355.31, 352.80, 12, -7.20, 2000, 2000, 1356, 15541.25, 12268.75, 11227.50, 12540.00
3456, 1, 41.495152, -86.324829, 356.55, 352.43, 12, -7.84, 2000, 2000, 1343, 15331.25, 12262.50, 11226.25, 12517.50
3457, 1, 41.495169, -86.324829, 354.09, 351.44, 12, -7.71, 2000, 2000, 1345, 15845.00, 12240.00, 11211.25, 12485.00
3458, 1, 41.495176, -86.324829, 354.49, 350.92, 12, -8.67, 2000, 2000, 1326, 15447.50, 12296.25, 11246.25, 12507.50
3459, 1, 41.495184, -86.324829, 355.99, 350.32, 12, -8.49, 2000, 2000, 1330, 15450.00, 12298.75, 11248.75, 12538.75
3460, 1, 41.495192, -86.324837, 353.60, 63.19, 13, 2.70, 2000, 2000, 1554, 15605.00, 12261.25, 11248.75, 12471.25
3461, 1, 41.495199, -86.324837, 0.23, 63.42, 13, 47.15, 2000, 2000, 2442, 16468.75, 12288.75, 11241.25, 12521.25
3462, 1, 41.495207, -86.324837, 12.18, 63.66, 13, 39.91, 2000, 2000, 2298, 16036.25, 12288.75, 11155.00, 12486.25
3463, 1, 41.495213, -86.324837, 27.58, 63.84, 13, 33.68, 2000, 2000, 2173, 16202.50, 12253.75, 11216.25, 12475.00
3464, 1, 41.495220, -86.324837, 41.31, 64.08, 13, 24.57, 2000, 2000, 1991, 16373.75, 12277.50, 11296.25, 12466.25
3466, 1, 41.495226, -86.324837, 52.05, 64.25, 13, 15.48, 2000, 2000, 1809, 15802.50, 12276.25, 11423.75, 12568.75
3467, 1, 41.495232, -86.324829, 60.49, 64.34, 13, 7.17, 2000, 2000, 1643, 15587.50, 12287.50, 11492.50, 12537.50
3468, 1, 41.495235, -86.324821, 66.77, 64.36, 13, 3.07, 2000, 2000, 1561, 16078.75, 12277.50, 11502.50, 12543.75
3469, 1, 41.495243, -86.324806, 70.21, 64.40, 13, -1.18, 2000, 2000, 1476, 15565.00, 12266.25, 11572.50, 12485.00
3470, 1, 41.495245, -86.324799, 74.34, 64.36, 13, -3.99, 2000, 2000, 1420, 16031.25, 12302.50, 11551.25, 12522.50
3471, 1, 41.495245, -86.324791, 78.79, 64.26, 13, -5.27, 2000, 2000, 1394, 15965.00, 12396.25, 11560.00, 12557.50
3472, 1, 41.495247, -86.324783, 73.03, 64.22, 13, -6.49, 2000, 2000, 1370, 15538.75, 12256.25, 11600.00, 12520.00
3473, 1, 41.495247, -86.324776, 76.02, 64.12, 13, -6.76, 2000, 2000, 1364, 15817.50, 12283.75, 11581.25, 12525.00
3474, 1, 41.495249, -86.324768, 74.34, 64.08, 13, -6.78, 2000, 2000, 1364, 15803.75, 12210.00, 11560.00, 12520.00
3475, 1, 41.495251, -86.324753, 72.63, 63.94, 13, -7.26, 2000, 2000, 1354, 16203.75, 12361.25, 11562.50, 12513.75
3476, 1, 41.495253, -86.324745, 74.45, 63.89, 13, -7.49, 2000, 2000, 1350, 15266.25, 12315.00, 11567.50, 12535.00
3477, 1, 41.495253, -86.324738, 74.45, 63.79, 13, -6.72, 2000, 2000, 1365, 15957.50, 12343.75, 11551.25, 12553.75
3479, 1, 41.495255, -86.324730, 72.80, 63.75, 13, -5.78, 2000, 2000, 1384, 15428.75, 12306.25, 11556.25, 12488.75
3480, 1, 41.495256, -86.324722, 70.66, 63.70, 13, -5.59, 2000, 2000, 1388, 16035.00, 12315.00, 11567.50, 12542.50
3481, 1, 41.495260, -86.324707, 70.64, 63.62, 13, -4.80, 2000, 2000, 1403, 15675.00, 12280.00, 11520.00, 12495.00
3482, 1, 41.495262, -86.324699, 68.12, 63.57, 13, -5.79, 2000, 2000, 1384, 16255.00, 12338.75, 11548.75, 12551.25
3483, 1, 41.495262, -86.324684, 70.18, 63.35, 13, -5.54, 2000, 2000, 1389, 15370.00, 12287.50, 11553.75, 12542.50
3484, 1, 41.495264, -86.324677, 69.66, 63.31, 13, -5.91, 2000, 2000, 1381, 15570.00, 12322.50, 11537.50, 12551.25
3485, 1, 41.495266, -86.324669, 69.75, 63.26, 13, -5.84, 2000, 2000, 1383, 16422.50, 12330.00, 11537.50, 12518.75
3486, 1, 41.495268, -86.324661, 67.39, 63.21, 13, -5.84, 2000, 2000, 1383, 15617.50, 12328.75, 11511.25, 12588.75
3487, 1, 41.495270, -86.324654, 67.60, 63.16, 13, -5.47, 2000, 2000, 1390, 15673.75, 12350.00, 11537.50, 12543.75
3488, 1, 41.495272, -86.324646, 65.26, 63.12, 13, -4.41, 2000, 2000, 1411, 15996.25, 12281.25, 11542.50, 12528.75
3489, 1, 41.495274, -86.324638, 65.80, 63.07, 13, -4.38, 2000, 2000, 1412, 15996.25, 12305.00, 11510.00, 12516.25
3490, 1, 41.495277, -86.324631, 66.11, 63.09, 13, -3.63, 2000, 2000, 1427, 16012.50, 12286.25, 11502.50, 12552.50
3492, 1, 41.495279, -86.324615, 63.52, 62.92, 13, -3.80, 2000, 2000, 1423, 15592.50, 12360.00, 11525.00, 12546.25
3493, 1, 41.495283, -86.324608, 64.21, 62.94, 13, -3.34, 2000, 2000, 1433, 15830.00, 12336.25, 11502.50, 12542.50
3494, 1, 41.495287, -86.324593, 65.62, 62.84, 13, -2.86, 2000, 2000, 1442, 16115.00, 12306.25, 11516.25, 12506.25
3495, 1, 41.495291, -86.324585, 63.66, 62.85, 13, -2.58, 2000, 2000, 1448, 15748.75, 12347.50, 11480.00, 12565.00
3496, 1, 41.495293, -86.324577, 65.30, 62.80, 13, -2.90, 2000, 2000, 1441, 16040.00, 12265.00, 11471.25, 12473.75
3497, 1, 41.495296, -86.324570, 62.45, 62.82, 13, -2.94, 2000, 2000, 1441, 15538.75, 12276.25, 11492.50, 12518.75
3498, 1, 41.495298, -86.324562, 62.74, 62.77, 13, -2.65, 2000, 2000, 1446, 15945.00, 12295.00, 11500.00, 12507.50
3499, 1, 41.495300, -86.324554, 61.90, 62.72, 13, -2.61, 2000, 2000, 1447, 15617.50, 12297.50, 11483.75, 12555.00
3500, 1, 41.495304, -86.324547, 61.22, 62.73, 13, -1.94, 2000, 2000, 1461, 15740.00, 12253.75, 11500.00, 12525.00
3501, 1, 41.495306, -86.324532, 62.58, 62.56, 13, -2.40, 2000, 2000, 1452, 15833.75, 12251.25, 11522.50, 12510.00
3502, 1, 41.495310, -86.324524, 62.15, 62.57, 13, -2.88, 2000, 2000, 1442, 15736.25, 12317.50, 11510.00, 12536.25
3504, 1, 41.495314, -86.324516, 62.98, 62.59, 13, -2.23, 2000, 2000, 1455, 15667.50, 12370.00, 11510.00, 12507.50
3505, 1, 41.495316, -86.324509, 61.78, 62.53, 13, -2.28, 2000, 2000, 1454, 15510.00, 12250.00, 11491.25, 12513.75
3506, 1, 41.495319, -86.324501, 60.98, 62.55, 13, -2.11, 2000, 2000, 1457, 14822.50, 12248.75, 11458.75, 12635.00
3507, 1, 41.495325, -86.324486, 61.97, 62.51, 13, -1.97, 2000, 2000, 1460, 15577.50, 12330.00, 11482.50, 12591.25
3508, 1, 41.495327, -86.324478, 62.40, 62.45, 13, -2.18, 2000, 2000, 1456, 16075.00, 12276.25, 11470.00, 12511.25
3509, 1, 41.495329, -86.324471, 62.34, 62.40, 13, -2.23, 2000, 2000, 1455, 16192.50, 12296.25, 11472.50, 12528.75
3510, 1, 41.495333, -86.324455, 61.97, 62.28, 13, -1.82, 2000, 2000, 1463, 16068.75, 12320.00, 11448.75, 12498.75
3511, 1, 41.495335, -86.324448, 62.94, 62.22, 13, -1.91, 2000, 2000, 1461, 15286.25, 12300.00, 11445.00, 12553.75
3512, 1, 41.495337, -86.324440, 61.41, 62.16, 13, -2.19, 2000, 2000, 1456, 15953.75, 12296.25, 11482.50, 12475.00
3513, 1, 41.495340, -86.324432, 62.58, 62.18, 13, -2.77, 2000, 2000, 1444, 15540.00, 12348.75, 11460.00, 12478.75
3514, 1, 41.495342, -86.324425, 62.79, 62.12, 13, -2.11, 2000, 2000, 1457, 16213.75, 12255.00, 11490.00, 12483.75
3516, 1, 41.495346, -86.324417, 63.38, 62.13, 13, -2.40, 2000, 2000, 1451, 16262.50, 12221.25, 11495.00, 12451.25
3517, 1, 41.495348, -86.324409, 65.14, 62.07, 13, -2.69, 2000, 2000, 1446, 15711.25, 12227.50, 11461.25, 12498.75
3518, 1, 41.495352, -86.324402, 63.48, 62.08, 13, -2.43, 2000, 2000, 1451, 15637.50, 12228.75, 11490.00, 12525.00
3519, 1, 41.495358, -86.324379, 62.79, 61.90, 13, -2.36, 2000, 2000, 1452, 15913.75, 12371.25, 11497.50, 12480.00
3520, 1, 41.495359, -86.324371, 63.07, 61.83, 13, -3.11, 2000, 2000, 1437, 15405.00, 12202.50, 11491.25, 12475.00
3521, 1, 41.495363, -86.324364, 61.84, 61.85, 13, -3.23, 2000, 2000, 1435, 15755.00, 12345.00, 11542.50, 12575.00
3522, 1, 41.495365, -86.324356, 61.10, 61.78, 13, -3.97, 2000, 2000, 1420, 15833.75, 12243.75, 11490.00, 12523.75
3523, 1, 41.495367, -86.324348, 63.02, 61.71, 13, -3.99, 2000, 2000, 1420, 16006.25, 12210.00, 11490.00, 12472.50
3524, 1, 41.495369, -86.324341, 65.59, 61.65, 13, -4.71, 2000, 2000, 1405, 15530.00, 12301.25, 11535.00, 12533.75
3525, 1, 41.495371, -86.324333, 65.79, 61.58, 13, -4.83, 2000, 2000, 1403, 16201.25, 12241.25, 11513.75, 12486.25
3526, 1, 41.495375, -86.324326, 66.60, 61.59, 13, -5.64, 2000, 2000, 1387, 15967.50, 12278.75, 11492.50, 12547.50
3527, 1, 41.495377, -86.324318, 64.33, 61.52, 13, -4.81, 2000, 2000, 1403, 15013.75, 12237.50, 11481.25, 12467.50
3529, 1, 41.495378, -86.324303, 64.33, 61.30, 13, -5.03, 2000, 2000, 1399, 15848.75, 12250.00, 11491.25, 12487.50
3530, 1, 41.495382, -86.324295, 63.58, 61.31, 13, -4.74, 2000, 2000, 1405, 15623.75, 12225.00, 11497.50, 12501.25
3531, 1, 41.495384, -86.324287, 64.09, 61.24, 13, -5.48, 2000, 2000, 1390, 15817.50, 12210.00, 11515.00, 12497.50
3532, 1, 41.495390, -86.324272, 64.79, 61.18, 13, -5.25, 2000, 2000, 1395, 15553.75, 12245.00, 11501.25, 12562.50
3533, 1, 41.495392, -86.324265, 63.20, 61.11, 13, -5.77, 2000, 2000, 1384, 15985.00, 12271.25, 11505.00, 12538.75
3534, 1, 41.495394, -86.324257, 62.33, 61.03, 13, -5.04, 2000, 2000, 1399, 16212.50, 12291.25, 11486.25, 12540.00
3535, 1, 41.495398, -86.324249, 63.33, 61.04, 13, -5.90, 2000, 2000, 1381, 16115.00, 12283.75, 11470.00, 12512.50
3536, 1, 41.495399, -86.324242, 61.46, 60.96, 13, -5.09, 2000, 2000, 1398, 15537.50, 12256.25, 11485.00, 12555.00
3537, 1, 41.495403, -86.324226, 63.83, 60.81, 13, -5.50, 2000, 2000, 1389, 16361.25, 12310.00, 11500.00, 12476.25
3538, 1, 41.495405, -86.324219, 64.15, 60.73, 13, -5.98, 2000, 2000, 1380, 15977.50, 12258.75, 11507.50, 12530.00
3539, 1, 41.495407, -86.324211, 62.34, 60.65, 13, -7.17, 2000, 2000, 1356, 16195.00, 12260.00, 11475.00, 12528.75
3540, 1, 41.495411, -86.324203, 61.97, 60.66, 13, -5.44, 2000, 2000, 1391, 15592.50, 12302.50, 11471.25, 12522.50
3542, 1, 41.495415, -86.324196, 62.09, 60.67, 13, -6.10, 2000, 2000, 1378, 15597.50, 12245.00, 11498.75, 12506.25
3543, 1, 41.495417, -86.324188, 62.47, 60.58, 13, -5.69, 2000, 2000, 1386, 15341.25, 12313.75, 11502.50, 12566.25
3544, 1, 41.495419, -86.324181, 61.78, 60.50, 13, -6.03, 2000, 2000, 1379, 16020.00, 12260.00, 11498.75, 12511.25
3545, 1, 41.495424, -86.324165, 62.34, 60.42, 13, -5.42, 2000, 2000, 1391, 15597.50, 12240.00, 11496.25, 12518.75
3546, 1, 41.495428, -86.324158, 61.22, 60.43, 13, -5.77, 2000, 2000, 1384, 15472.50, 12300.00, 11471.25, 12518.75
3547, 1, 41.495430, -86.324150, 60.25, 60.34, 13, -6.37, 2000, 2000, 1372, 15561.25, 12318.75, 11462.50, 12583.75
3548, 1, 41.495432, -86.324142, 60.49, 60.26, 13, -5.86, 2000, 2000, 1382, 15293.75, 12247.50, 11480.00, 12468.75
3549, 1, 41.495436, -86.324127, 60.38, 60.08, 13, -6.17, 2000, 2000, 1376, 15877.50, 12288.75, 11478.75, 12537.50
3550, 1, 41.495438, -86.324120, 63.69, 59.99, 13, -5.59, 2000, 2000, 1388, 16167.50, 12271.25, 11437.50, 12477.50
3551, 1, 41.495441, -86.324112, 60.60, 59.99, 13, -6.52, 2000, 2000, 1369, 16435.00, 12271.25, 11458.75, 12488.75
3552, 1, 41.495443, -86.324104, 59.10, 59.90, 13, -5.62, 2000, 2000, 1387, 15985.00, 12325.00, 11497.50, 12518.75
3554, 1, 41.495447, -86.324097, 59.79, 59.90, 13, -5.95, 2000, 2000, 1380, 15966.25, 12258.75, 11447.50, 12507.50
3555, 1, 41.495449, -86.324089, 60.49, 59.81, 13, -5.68, 2000, 2000, 1386, 16033.75, 12248.75, 11436.25, 12470.00
3556, 1, 41.495453, -86.324081, 60.25, 59.81, 13, -5.51, 2000, 2000, 1389, 14747.50, 12265.00, 11443.75, 12548.75
3557, 1, 41.495459, -86.324066, 61.59, 59.71, 13, -5.80, 2000, 2000, 1383, 15176.25, 12201.25, 11480.00, 12520.00
3558, 1, 41.495462, -86.324059, 59.10, 59.71, 13, -5.54, 2000, 2000, 1389, 16175.00, 12262.50, 11461.25, 12485.00
3559, 1, 41.495466, -86.324051, 62.09, 59.71, 13, -5.94, 2000, 2000, 1381, 15648.75, 12291.25, 11467.50, 12511.25
3560, 1, 41.495468, -86.324043, 61.79, 59.61, 13, -5.09, 2000, 2000, 1398, 15580.00, 12193.75, 11452.50, 12487.50
3561, 1, 41.495472, -86.324036, 60.98, 59.61, 13, -4.98, 2000, 2000, 1400, 15418.75, 12267.50, 11440.00, 12511.25
3562, 1, 41.495476, -86.324028, 59.10, 59.61, 13, -5.14, 2000, 2000, 1397, 15625.00, 12288.75, 11472.50, 12485.00
3563, 1, 41.495478, -86.324013, 58.69, 59.30, 13, -5.17, 2000, 2000, 1396, 15415.00, 12277.50, 11495.00, 12520.00
3564, 1, 41.495481, -86.324005, 58.11, 59.30, 13, -5.19, 2000, 2000, 1396, 15353.75, 12340.00, 11453.75, 12592.50
3565, 1, 41.495485, -86.323997, 59.00, 59.30, 13, -5.43, 2000, 2000, 1391, 15931.25, 12238.75, 11451.25, 12473.75
3567, 1, 41.495487, -86.323990, 59.80, 59.19, 13, -5.30, 2000, 2000, 1394, 15847.50, 12297.50, 11483.75, 12527.50
3568, 1, 41.495491, -86.323982, 60.41, 59.18, 13, -5.47, 2000, 2000, 1390, 16072.50, 12297.50, 11471.25, 12527.50
3569, 1, 41.495493, -86.323975, 62.20, 59.07, 13, -5.96, 2000, 2000, 1380, 15822.50, 12308.75, 11455.00, 12527.50
3570, 1, 41.495501, -86.323959, 59.30, 59.06, 13, -6.00, 2000, 2000, 1380, 16016.25, 12233.75, 11455.00, 12476.25
3571, 1, 41.495502, -86.323952, 59.79, 58.95, 13, -5.12, 2000, 2000, 1397, 15532.50, 12277.50, 11441.25, 12508.75
3572, 1, 41.495506, -86.323944, 58.11, 58.94, 13, -4.75, 2000, 2000, 1404, 15865.00, 12277.50, 11458.75, 12560.00
3573, 1, 41.495508, -86.323936, 59.30, 58.82, 13, -4.91, 2000, 2000, 1401, 16026.25, 12280.00, 11467.50, 12516.25
3574, 1, 41.495512, -86.323929, 58.82, 58.82, 13, -6.02, 2000, 2000, 1379, 15843.75, 12207.50, 11455.00, 12470.00
3575, 1, 41.495516, -86.323921, 57.70, 58.81, 13, -4.74, 2000, 2000, 1405, 16426.25, 12320.00, 11465.00, 12570.00
3576, 1, 41.495518, -86.323914, 58.16, 58.69, 13, -5.26, 2000, 2000, 1394, 15931.25, 12182.50, 11425.00, 12462.50
3577, 1, 41.495522, -86.323906, 59.20, 58.68, 13, -5.67, 2000, 2000, 1386, 15395.00, 12206.25, 11445.00, 12485.00
3578, 1, 41.495525, -86.323898, 57.73, 58.67, 13, -5.71, 2000, 2000, 1385, 15728.75, 12361.25, 11442.50, 12460.00
3580, 1, 41.495527, -86.323891, 59.00, 58.54, 13, -5.86, 2000, 2000, 1382, 15726.25, 12268.75, 11455.00, 12498.75
3581, 1, 41.495531, -86.323875, 59.00, 58.28, 13, -5.29, 2000, 2000, 1394, 15831.25, 12305.00, 11465.00, 12513.75
3582, 1, 41.495535, -86.323868, 55.67, 58.27, 13, -5.54, 2000, 2000, 1389, 15525.00, 12317.50, 11453.75, 12578.75
3583, 1, 41.495541, -86.323853, 59.77, 58.12, 13, -5.65, 2000, 2000, 1387, 15500.00, 12247.50, 11426.25, 12487.50
3584, 1, 41.495544, -86.323845, 57.79, 58.11, 13, -5.28, 2000, 2000, 1394, 15065.00, 12192.50, 11470.00, 12437.50
3585, 1, 41.495546, -86.323837, 59.86, 57.97, 13, -5.41, 2000, 2000, 1391, 16166.25, 12251.25, 11430.00, 12461.25
3586, 1, 41.495550, -86.323830, 59.99, 57.95, 13, -7.32, 2000, 2000, 1353, 15932.50, 12241.25, 11441.25, 12493.75
3587, 1, 41.495552, -86.323822, 60.46, 57.81, 13, -6.42, 2000, 2000, 1371, 16087.50, 12213.75, 11455.00, 12530.00
3588, 1, 41.495556, -86.323814, 58.42, 57.79, 13, -5.80, 2000, 2000, 1383, 15911.25, 12326.25, 11441.25, 12511.25
3589, 1, 41.495558, -86.323807, 58.14, 57.64, 13, -6.81, 2000, 2000, 1363, 15708.75, 12271.25, 11451.25, 12527.50
3590, 1, 41.495562, -86.323799, 58.40, 57.62, 13, -6.73, 2000, 2000, 1365, 16526.25, 12267.50, 11445.00, 12488.75
3591, 1, 41.495565, -86.323792, 57.24, 57.60, 13, -6.52, 2000, 2000, 1369, 16088.75, 12278.75, 11476.25, 12528.75
3593, 1, 41.495567, -86.323784, 58.40, 57.44, 13, -5.98, 2000, 2000, 1380, 15677.50, 12221.25, 11416.25, 12495.00
3594, 1, 41.495571, -86.323776, 57.85, 57.42, 13, -5.31, 2000, 2000, 1393, 15373.75, 12211.25, 11432.50, 12442.50
3595, 1, 41.495575, -86.323761, 58.20, 57.10, 13, -6.72, 2000, 2000, 1365, 15743.75, 12176.25, 11457.50, 12467.50
3596, 1, 41.495577, -86.323753, 57.88, 56.93, 13, -6.35, 2000, 2000, 1372, 15197.50, 12221.25, 11467.50, 12497.50
3597, 1, 41.495584, -86.323738, 59.00, 56.87, 13, -6.03, 2000, 2000, 1379, 15421.25, 12206.25, 11406.25, 12472.50
3598, 1, 41.495586, -86.323730, 56.33, 56.69, 13, -6.36, 2000, 2000, 1372, 16286.25, 12321.25, 11411.25, 12575.00
3599, 1, 41.495590, -86.323723, 56.65, 56.66, 13, -6.56, 2000, 2000, 1368, 16038.75, 12198.75, 11423.75, 12492.50
3600, 1, 41.495594, -86.323715, 58.90, 56.62, 13, -7.34, 2000, 2000, 1353, 16041.25, 12327.50, 11466.25, 12535.00
3601, 1, 41.495596, -86.323708, 57.41, 56.44, 13, -7.19, 2000, 2000, 1356, 15770.00, 12291.25, 11437.50, 12522.50
3602, 1, 41.495600, -86.323700, 57.41, 56.40, 13, -7.56, 2000, 2000, 1348, 15753.75, 12282.50, 11421.25, 12496.25
3603, 1, 41.495604, -86.323692, 59.20, 56.36, 13, -7.37, 2000, 2000, 1352, 15798.75, 12206.25, 11443.75, 12558.75
3604, 1, 41.495605, -86.323685, 54.95, 56.17, 13, -6.73, 2000, 2000, 1365, 15551.25, 12200.00, 11437.50, 12512.50
3605, 1, 41.495609, -86.323677, 56.62, 56.13, 13, -7.26, 2000, 2000, 1354, 15971.25, 12216.25, 11436.25, 12498.75
3607, 1, 41.495611, -86.323669, 54.48, 55.93, 13, -6.69, 2000, 2000, 1366, 15856.25, 12213.75, 11400.00, 12458.75
3608, 1, 41.495615, -86.323662, 56.39, 55.88, 13, -5.59, 2000, 2000, 1388, 16048.75, 12217.50, 11412.50, 12463.75
3609, 1, 41.495619, -86.323654, 54.77, 55.83, 13, -6.25, 2000, 2000, 1374, 16021.25, 12316.25, 11390.00, 12503.75
3610, 1, 41.495626, -86.323639, 57.44, 55.73, 13, -6.11, 2000, 2000, 1377, 15618.75, 12308.75, 11382.50, 12523.75
3611, 1, 41.495628, -86.323631, 56.04, 55.51, 13, -6.05, 2000, 2000, 1379, 16068.75, 12237.50, 11397.50, 12465.00
3612, 1, 41.495632, -86.323624, 56.25, 55.46, 13, -6.13, 2000, 2000, 1377, 15360.00, 12202.50, 11415.00, 12506.25
3613, 1, 41.495636, -86.323616, 55.05, 55.40, 13, -6.12, 2000, 2000, 1377, 16146.25, 12230.00, 11418.75, 12476.25
3614, 1, 41.495640, -86.323608, 53.35, 55.34, 13, -5.59, 2000, 2000, 1388, 15716.25, 12180.00, 11400.00, 12426.25
3615, 1, 41.495644, -86.323601, 55.08, 55.28, 13, -5.78, 2000, 2000, 1384, 15027.50, 12202.50, 11421.25, 12491.25
3616, 1, 41.495647, -86.323593, 55.91, 55.21, 13, -5.83, 2000, 2000, 1383, 15726.25, 12268.75, 11405.00, 12523.75
3617, 1, 41.495651, -86.323586, 54.27, 55.15, 13, -6.11, 2000, 2000, 1377, 15562.50, 12162.50, 11421.25, 12510.00
3618, 1, 41.495655, -86.323578, 54.10, 55.08, 13, -4.88, 2000, 2000, 1402, 15767.50, 12347.50, 11382.50, 12545.00
3620, 1, 41.495659, -86.323570, 52.23, 55.01, 13, -4.89, 2000, 2000, 1402, 15787.50, 12233.75, 11382.50, 12461.25
3621, 1, 41.495663, -86.323563, 51.43, 54.94, 13, -5.09, 2000, 2000, 1398, 16161.25, 12216.25, 11443.75, 12452.50
3622, 1, 41.495667, -86.323555, 54.65, 54.87, 13, -5.91, 2000, 2000, 1381, 16012.50, 12280.00, 11372.50, 12497.50
3623, 1, 41.495670, -86.323547, 53.64, 54.79, 13, -4.79, 2000, 2000, 1404, 15903.75, 12340.00, 11358.75, 12513.75
3624, 1, 41.495678, -86.323532, 54.90, 54.63, 13, -4.34, 2000, 2000, 1413, 16110.00, 12221.25, 11368.75, 12448.75
3625, 1, 41.495682, -86.323532, 54.05, 55.03, 13, -4.97, 2000, 2000, 1400, 15607.50, 12306.25, 11376.25, 12567.50
3626, 1, 41.495687, -86.323524, 53.82, 55.15, 13, -2.97, 2000, 2000, 1440, 15305.00, 12266.25, 11391.25, 12530.00
3627, 1, 41.495691, -86.323517, 53.13, 55.07, 13, -3.69, 2000, 2000, 1426, 16140.00, 12280.00, 11403.75, 12487.50
3628, 1, 41.495695, -86.323509, 52.27, 54.99, 13, -3.72, 2000, 2000, 1425, 16346.25, 12208.75, 11353.75, 12477.50
3629, 1, 41.495699, -86.323502, 53.22, 54.91, 13, -3.15, 2000, 2000, 1437, 16010.00, 12252.50, 11365.00, 12431.25
3630, 1, 41.495703, -86.323494, 51.82, 54.82, 13, -3.21, 2000, 2000, 1435, 15675.00, 12258.75, 11356.25, 12413.75
3631, 1, 41.495707, -86.323486, 52.45, 54.74, 13, -3.45, 2000, 2000, 1430, 15500.00, 12226.25, 11382.50, 12537.50
3632, 1, 41.495710, -86.323479, 49.71, 54.64, 13, -2.95, 2000, 2000, 1441, 15721.25, 12251.25, 11368.75, 12516.25
3633, 1, 41.495716, -86.323471, 51.29, 54.78, 13, -2.44, 2000, 2000, 1451, 15511.25, 12192.50, 11346.25, 12483.75
3634, 1, 41.495720, -86.323463, 52.64, 54.68, 13, -1.68, 2000, 2000, 1466, 15465.00, 12158.75, 11358.75, 12520.00
3635, 1, 41.495724, -86.323456, 51.66, 54.58, 13, -2.55, 2000, 2000, 1449, 15946.25, 12268.75, 11338.75, 12531.25
3636, 1, 41.495728, -86.323448, 50.63, 54.48, 13, -2.37, 2000, 2000, 1452, 15913.75, 12325.00, 11348.75, 12511.25
3638, 1, 41.495733, -86.323441, 51.14, 54.62, 13, -1.74, 2000, 2000, 1465, 15133.75, 12311.25, 11332.50, 12423.75
3639, 1, 41.495737, -86.323433, 52.38, 54.51, 13, -2.69, 2000, 2000, 1446, 15518.75, 12278.75, 11330.00, 12431.25
3640, 1, 41.495747, -86.323418, 53.44, 54.55, 13, -2.86, 2000, 2000, 1442, 16601.25, 12293.75, 11360.00, 12453.75
3641, 1, 41.495750, -86.323410, 51.34, 54.43, 13, -2.20, 2000, 2000, 1455, 15410.00, 12271.25, 11381.25, 12490.00
3642, 1, 41.495754, -86.323402, 52.72, 54.31, 13, -2.86, 2000, 2000, 1442, 15640.00, 12228.75, 11391.25, 12481.25
3643, 1, 41.495758, -86.323395, 53.52, 54.18, 13, -2.28, 2000, 2000, 1454, 15280.00, 12186.25, 11327.50, 12513.75
3644, 1, 41.495762, -86.323387, 54.10, 54.05, 13, -2.65, 2000, 2000, 1447, 15978.75, 12223.75, 11333.75, 12452.50
3645, 1, 41.495766, -86.323380, 53.84, 53.91, 13, -3.56, 2000, 2000, 1428, 15832.50, 12286.25, 11398.75, 12486.25
3646, 1, 41.495770, -86.323372, 53.35, 53.76, 13, -3.59, 2000, 2000, 1428, 16401.25, 12245.00, 11398.75, 12513.75
3647, 1, 41.495773, -86.323364, 52.56, 53.60, 13, -4.00, 2000, 2000, 1420, 15835.00, 12281.25, 11341.25, 12466.25
3648, 1, 41.495777, -86.323357, 54.98, 53.44, 13, -3.96, 2000, 2000, 1420, 15322.50, 12256.25, 11405.00, 12493.75
3649, 1, 41.495781, -86.323349, 54.27, 53.27, 13, -4.33, 2000, 2000, 1413, 15821.25, 12293.75, 11437.50, 12463.75
3650, 1, 41.495785, -86.323341, 53.72, 53.08, 13, -5.11, 2000, 2000, 1397, 15378.75, 12260.00, 11443.75, 12491.25
3652, 1, 41.495789, -86.323334, 54.95, 52.89, 13, -5.44, 2000, 2000, 1391, 16027.50, 12301.25, 11432.50, 12552.50
3653, 1, 41.495792, -86.323326, 54.83, 52.68, 13, -5.59, 2000, 2000, 1388, 15196.25, 12226.25, 11432.50, 12516.25
3654, 1, 41.495796, -86.323318, 54.83, 52.46, 13, -6.53, 2000, 2000, 1369, 15795.00, 12298.75, 11408.75, 12546.25
3655, 1, 41.495802, -86.323303, 54.71, 51.60, 13, -6.94, 2000, 2000, 1361, 15710.00, 12286.25, 11396.25, 12497.50
3656, 1, 41.495806, -86.323296, 57.49, 51.32, 13, -6.83, 2000, 2000, 1363, 15820.00, 12238.75, 11368.75, 12451.25
3657, 1, 41.495810, -86.323288, 55.23, 51.02, 13, -7.50, 2000, 2000, 1350, 15205.00, 12280.00, 11377.50, 12533.75
3658, 1, 41.495813, -86.323280, 53.77, 50.70, 13, -7.96, 2000, 2000, 1340, 15632.50, 12238.75, 11395.00, 12453.75
3659, 1, 41.495817, -86.323273, 56.18, 50.36, 13, -7.74, 2000, 2000, 1345, 16418.75, 12268.75, 11393.75, 12493.75
3660, 1, 41.495819, -86.323265, 53.72, 49.54, 13, -8.43, 2000, 2000, 1331, 15311.25, 12188.75, 11413.75, 12565.00
3661, 1, 41.495823, -86.323257, 53.27, 49.12, 13, -9.39, 2000, 2000, 1312, 15837.50, 12293.75, 11457.50, 12532.50
3662, 1, 41.495827, -86.323257, 54.04, 50.05, 13, -9.16, 2000, 2000, 1316, 15518.75, 12248.75, 11412.50, 12526.25
3663, 1, 41.495831, -86.323250, 54.32, 49.63, 13, -10.01, 2000, 2000, 1299, 15517.50, 12228.75, 11405.00, 12530.00
3665, 1, 41.495832, -86.323242, 53.79, 48.67, 13, -10.33, 2000, 2000, 1293, 16132.50, 12220.00, 11416.25, 12490.00
3666, 1, 41.495836, -86.323235, 53.89, 48.14, 13, -10.84, 2000, 2000, 1283, 15935.00, 12248.75, 11401.25, 12422.50
3667, 1, 41.495840, -86.323227, 49.50, 47.57, 13, -10.25, 2000, 2000, 1295, 15657.50, 12273.75, 11400.00, 12503.75
3668, 1, 41.495844, -86.323219, 52.07, 46.94, 13, -10.28, 2000, 2000, 1294, 16081.25, 12272.50, 11395.00, 12461.25
3669, 1, 41.495852, -86.323204, 49.19, 45.45, 13, -9.85, 2000, 2000, 1302, 16047.50, 12222.50, 11337.50, 12521.25
3670, 1, 41.495855, -86.323196, 47.73, 44.58, 13, -10.35, 2000, 2000, 1292, 15688.75, 12183.75, 11312.50, 12437.50
3671, 1, 41.495859, -86.323189, 47.26, 43.59, 13, -10.07, 2000, 2000, 1298, 15612.50, 12230.00, 11302.50, 12462.50
3672, 1, 41.495863, -86.323181, 44.69, 275.26, 14, -48.29, 2000, 2000, 534, 15467.50, 12262.50, 11293.75, 12488.75
3673, 1, 41.495867, -86.323174, 38.85, 275.10, 14, -100.00, 1850, 2000, 500, 12142.50, 12658.75, 11232.50, 12886.25
3674, 1, 41.495871, -86.323174, 28.83, 274.97, 14, -100.00, 1675, 2000, 500, 9665.00, 12943.75, 11092.50, 13186.25
3675, 1, 41.495876, -86.323166, 17.81, 274.74, 14, -100.00, 1500, 2000, 500, 8983.75, 13115.00, 11113.75, 13281.25
3676, 1, 41.495880, -86.323158, 9.40, 274.58, 14, -100.00, 1350, 2000, 500, 10020.00, 13067.50, 11141.25, 13282.50
3677, 1, 41.495884, -86.323158, 359.57, 274.45, 14, -96.70, 1175, 2000, 500, 12186.25, 12800.00, 11191.25, 13010.00
3679, 1, 41.495886, -86.323158, 350.47, 274.38, 14, -93.10, 1138, 2000, 500, 12603.75, 12531.25, 11223.75, 12822.50
3680, 1, 41.495890, -86.323151, 337.39, 274.23, 14, -88.46, 1230, 2000, 500, 11513.75, 12852.50, 11230.00, 12986.25
3681, 1, 41.495892, -86.323151, 324.07, 274.16, 14, -80.27, 1378, 2000, 500, 9507.50, 13011.25, 11181.25, 13225.00
3682, 1, 41.495897, -86.323151, 310.23, 273.95, 14, -71.48, 1553, 2000, 500, 8355.00, 13183.75, 11230.00, 13318.75
3683, 1, 41.495901, -86.323158, 295.87, 273.83, 14, -63.83, 1703, 2000, 500, 9920.00, 13061.25, 11273.75, 13240.00
3684, 1, 41.495903, -86.323158, 285.92, 273.77, 14, -56.62, 1853, 2000, 500, 12273.75, 12662.50, 11273.75, 12836.25
3685, 1, 41.495905, -86.323166, 277.31, 273.71, 14, -49.28, 2000, 2000, 514, 16262.50, 12277.50, 11296.25, 12473.75
3686, 1, 41.495907, -86.323174, 266.47, 273.66, 14, -39.70, 2000, 2000, 706, 17061.25, 12172.50, 11300.00, 12352.50
3687, 1, 41.495907, -86.323174, 255.55, 273.66, 14, -31.75, 2000, 2000, 865, 16457.50, 12213.75, 11316.25, 12401.25
3688, 1, 41.495905, -86.323181, 243.74, 273.74, 14, -23.77, 2000, 2000, 1024, 15910.00, 12292.50, 11288.75, 12508.75
3689, 1, 41.495905, -86.323189, 236.65, 273.76, 14, -14.98, 2000, 2000, 1200, 16417.50, 12232.50, 11308.75, 12518.75
3690, 1, 41.495901, -86.323196, 231.64, 273.91, 14, -9.46, 2000, 2000, 1310, 15947.50, 12227.50, 11333.75, 12460.00
3692, 1, 41.495897, -86.323204, 229.33, 274.07, 14, -5.75, 2000, 2000, 1385, 15832.50, 12250.00, 11346.25, 12457.50
3693, 1, 41.495893, -86.323212, 232.01, 274.23, 14, -3.29, 2000, 2000, 1434, 16020.00, 12228.75, 11322.50, 12470.00
3694, 1, 41.495888, -86.323219, 231.39, 274.46, 14, -2.31, 2000, 2000, 1453, 16073.75, 12286.25, 11351.25, 12446.25
3695, 1, 41.495878, -86.323227, 234.00, 274.83, 14, -1.04, 2000, 2000, 1479, 15400.00, 12246.25, 11333.75, 12476.25
3696, 1, 41.495874, -86.323235, 237.09, 274.99, 14, -0.48, 2000, 2000, 1490, 15832.50, 12237.50, 11328.75, 12450.00
3697, 1, 41.495869, -86.323242, 237.19, 275.23, 14, -0.71, 2000, 2000, 1485, 15535.00, 12193.75, 11327.50, 12496.25
3698, 1, 41.495865, -86.323242, 241.25, 275.37, 14, -0.64, 2000, 2000, 1487, 15835.00, 12282.50, 11310.00, 12515.00
3699, 1, 41.495861, -86.323250, 240.35, 275.53, 14, -0.06, 2000, 2000, 1498, 15685.00, 12177.50, 11320.00, 12430.00
3700, 1, 41.495855, -86.323257, 243.70, 275.77, 14, -1.44, 2000, 2000, 1471, 15866.25, 12255.00, 11302.50, 12483.75
3701, 1, 41.495852, -86.323265, 246.01, 275.94, 14, -1.85, 2000, 2000, 1463, 15635.00, 12263.75, 11315.00, 12568.75
3702, 1, 41.495848, -86.323273, 248.66, 276.11, 14, -2.48, 2000, 2000, 1450, 15767.50, 12251.25, 11273.75, 12483.75
3703, 1, 41.495844, -86.323280, 255.46, 276.28, 14, -3.68, 2000, 2000, 1426, 16108.75, 12275.00, 11318.75, 12503.75
3704, 1, 41.495842, -86.323288, 255.23, 276.38, 14, -4.35, 2000, 2000, 1413, 16096.25, 12231.25, 11280.00, 12510.00
3706, 1, 41.495838, -86.323296, 259.16, 276.56, 14, -5.02, 2000, 2000, 1399, 15561.25, 12172.50, 11321.25, 12483.75
3707, 1, 41.495836, -86.323303, 259.25, 276.66, 14, -5.34, 2000, 2000, 1393, 15611.25, 12226.25, 11323.75, 12550.00
3708, 1, 41.495832, -86.323311, 258.57, 276.84, 14, -6.39, 2000, 2000, 1372, 15383.75, 12210.00, 11275.00, 12525.00
3709, 1, 41.495829, -86.323334, 263.05, 277.08, 14, -6.96, 2000, 2000, 1360, 16011.25, 12245.00, 11250.00, 12450.00
3710, 1, 41.495827, -86.323341, 263.02, 277.18, 14, -7.07, 2000, 2000, 1358, 15290.00, 12238.75, 11333.75, 12430.00
3711, 1, 41.495825, -86.323349, 264.81, 277.29, 14, -7.05, 2000, 2000, 1358, 15673.75, 12276.25, 11311.25, 12497.50
3712, 1, 41.495823, -86.323357, 265.02, 277.40, 14, -6.96, 2000, 2000, 1360, 16267.50, 12277.50, 11251.25, 12413.75
3713, 1, 41.495821, -86.323364, 267.21, 277.51, 14, -6.76, 2000, 2000, 1364, 15802.50, 12150.00, 11338.75, 12486.25
3714, 1, 41.495819, -86.323372, 267.87, 277.62, 14, -7.04, 2000, 2000, 1359, 16035.00, 12226.25, 11270.00, 12457.50
3715, 1, 41.495819, -86.323380, 267.84, 277.65, 14, -7.43, 2000, 2000, 1351, 15743.75, 12282.50, 11281.25, 12505.00
3716, 1, 41.495817, -86.323395, 271.78, 277.80, 14, -7.02, 2000, 2000, 1359, 16131.25, 12280.00, 11333.75, 12502.50
3717, 1, 41.495815, -86.323402, 271.50, 277.92, 14, -6.83, 2000, 2000, 1363, 15611.25, 12161.25, 11291.25, 12463.75
3719, 1, 41.495813, -86.323410, 270.83, 278.03, 14, -7.37, 2000, 2000, 1352, 15766.25, 12262.50, 11252.50, 12477.50
3720, 1, 41.495813, -86.323418, 272.49, 278.07, 14, -7.85, 2000, 2000, 1343, 16087.50, 12190.00, 11310.00, 12450.00
3721, 1, 41.495811, -86.323425, 271.76, 278.18, 14, -7.34, 2000, 2000, 1353, 15693.75, 12305.00, 11315.00, 12478.75
3722, 1, 41.495808, -86.323441, 272.52, 278.42, 14, -7.57, 2000, 2000, 1348, 15545.00, 12253.75, 11292.50, 12507.50
3723, 1, 41.495808, -86.323456, 271.40, 278.50, 14, -7.31, 2000, 2000, 1353, 16320.00, 12227.50, 11283.75, 12505.00
3724, 1, 41.495806, -86.323463, 271.81, 278.62, 14, -7.39, 2000, 2000, 1352, 15778.75, 12261.25, 11282.50, 12463.75
3725, 1, 41.495806, -86.323471, 271.79, 278.66, 14, -7.40, 2000, 2000, 1351, 15718.75, 12231.25, 11305.00, 12455.00
3726, 1, 41.495806, -86.323479, 276.61, 278.70, 14, -7.65, 2000, 2000, 1346, 15668.75, 12198.75, 11313.75, 12512.50
3727, 1, 41.495806, -86.323486, 273.90, 278.75, 14, -8.78, 2000, 2000, 1324, 15293.75, 12251.25, 11265.00, 12467.50
3728, 1, 41.495806, -86.323494, 274.24, 278.79, 14, -8.60, 2000, 2000, 1327, 16213.75, 12256.25, 11285.00, 12451.25
3729, 1, 41.495806, -86.323509, 274.94, 278.88, 14, -8.01, 2000, 2000, 1339, 16417.50, 12237.50, 11300.00, 12445.00
3730, 1, 41.495804, -86.323517, 274.24, 279.00, 14, -8.20, 2000, 2000, 1336, 15673.75, 12271.25, 11276.25, 12461.25
3732, 1, 41.495804, -86.323524, 274.59, 279.05, 14, -7.03, 2000, 2000, 1359, 15720.00, 12332.50, 11277.50, 12477.50
3733, 1, 41.495802, -86.323532, 272.50, 279.18, 14, -7.69, 2000, 2000, 1346, 15558.75, 12218.75, 11321.25, 12452.50
3734, 1, 41.495802, -86.323540, 273.89, 279.22, 14, -6.73, 2000, 2000, 1365, 15510.00, 12221.25, 11331.25, 12455.00
3735, 1, 41.495802, -86.323555, 275.96, 279.32, 14, -6.78, 2000, 2000, 1364, 16002.50, 12257.50, 11335.00, 12457.50
3736, 1, 41.495802, -86.323563, 274.60, 279.37, 14, -7.42, 2000, 2000, 1351, 15313.75, 12253.75, 11298.75, 12513.75
3737, 1, 41.495802, -86.323578, 275.32, 279.46, 14, -6.20, 2000, 2000, 1376, 15207.50, 12252.50, 11323.75, 12437.50
3738, 1, 41.495802, -86.323593, 275.99, 279.56, 14, -6.23, 2000, 2000, 1375, 15706.25, 12188.75, 11281.25, 12511.25
3739, 1, 41.495802, -86.323601, 274.25, 279.61, 14, -6.33, 2000, 2000, 1373, 16081.25, 12227.50, 11273.75, 12455.00
3740, 1, 41.495800, -86.323608, 276.95, 279.75, 14, -8.23, 2000, 2000, 1335, 15788.75, 12236.25, 11285.00, 12516.25
3741, 1, 41.495800, -86.323616, 279.23, 279.80, 14, -7.94, 2000, 2000, 1341, 15361.25, 12321.25, 11287.50, 12445.00
3742, 1, 41.495802, -86.323624, 278.81, 279.76, 14, -7.98, 2000, 2000, 1340, 16592.50, 12263.75, 11322.50, 12400.00
3743, 1, 41.495802, -86.323639, 277.34, 279.87, 14, -8.29, 2000, 2000, 1334, 15847.50, 12327.50, 11298.75, 12577.50
3744, 1, 41.495802, -86.323647, 279.19, 279.92, 14, -8.40, 2000, 2000, 1331, 15408.75, 12148.75, 11303.75, 12466.25
3745, 1, 41.495802, -86.323654, 279.29, 279.98, 14, -8.87, 2000, 2000, 1322, 15756.25, 12177.50, 11288.75, 12435.00
3747, 1, 41.495802, -86.323662, 280.41, 280.03, 14, -8.98, 2000, 2000, 1320, 16581.25, 12272.50, 11278.75, 12432.50
3748, 1, 41.495802, -86.323669, 279.43, 280.09, 14, -9.13, 2000, 2000, 1317, 16066.25, 12301.25, 11272.50, 12530.00
3749, 1, 41.495802, -86.323685, 280.46, 280.20, 14, -8.96, 2000, 2000, 1320, 15866.25, 12192.50, 11271.25, 12473.75
3750, 1, 41.495804, -86.323700, 280.50, 280.22, 14, -8.58, 2000, 2000, 1328, 15990.00, 12311.25, 11258.75, 12446.25
3751, 1, 41.495804, -86.323708, 280.71, 280.28, 14, -8.61, 2000, 2000, 1327, 16271.25, 12213.75, 11291.25, 12372.50
3752, 1, 41.495806, -86.323715, 280.89, 280.24, 14, -8.37, 2000, 2000, 1332, 16096.25, 12293.75, 11300.00, 12442.50
3753, 1, 41.495806, -86.323723, 280.50, 280.30, 14, -8.32, 2000, 2000, 1333, 15572.50, 12278.75, 11308.75, 12520.00
3754, 1, 41.495806, -86.323730, 279.58, 280.36, 14, -9.00, 2000, 2000, 1319, 15891.25, 12270.00, 11272.50, 12517.50
3755, 1, 41.495806, -86.323746, 280.98, 280.48, 14, -8.97, 2000, 2000, 1320, 16000.00, 12253.75, 11311.25, 12443.75
3756, 1, 41.495806, -86.323753, 277.94, 280.54, 14, -8.94, 2000, 2000, 1321, 15730.00, 12191.25, 11252.50, 12481.25
3757, 1, 41.495806, -86.323761, 279.36, 280.60, 14, -9.36, 2000, 2000, 1312, 15375.00, 12207.50, 11286.25, 12403.75
3758, 1, 41.495808, -86.323769, 281.05, 280.57, 14, -8.81, 2000, 2000, 1323, 15378.75, 12240.00, 11311.25, 12523.75
3759, 1, 41.495808, -86.323776, 280.62, 280.63, 14, -9.94, 2000, 2000, 1301, 15660.00, 12218.75, 11275.00, 12487.50
3761, 1, 41.495810, -86.323784, 280.62, 280.60, 14, -9.28, 2000, 2000, 1314, 16045.00, 12165.00, 11252.50, 12436.25
3762, 1, 41.495810, -86.323799, 283.07, 280.72, 14, -9.01, 2000, 2000, 1319, 15632.50, 12141.25, 11278.75, 12420.00
3763, 1, 41.495810, -86.323814, 282.32, 280.86, 14, -8.80, 2000, 2000, 1324, 15167.50, 12236.25, 11316.25, 12491.25
3764, 1, 41.495811, -86.323822, 279.66, 280.82, 14, -9.29, 2000, 2000, 1314, 16070.00, 12278.75, 11338.75, 12555.00
3765, 1, 41.495811, -86.323830, 280.03, 280.89, 14, -9.29, 2000, 2000, 1314, 16668.75, 12265.00, 11262.50, 12365.00
3766, 1, 41.495811, -86.323837, 279.77, 280.96, 14, -9.86, 2000, 2000, 1302, 16282.50, 12256.25, 11281.25, 12443.75
3767, 1, 41.495813, -86.323845, 280.75, 280.92, 14, -8.96, 2000, 2000, 1320, 15928.75, 12196.25, 11283.75, 12420.00
3768, 1, 41.495813, -86.323853, 281.53, 280.99, 14, -8.92, 2000, 2000, 1321, 15900.00, 12228.75, 11336.25, 12488.75
3769, 1, 41.495813, -86.323868, 280.37, 281.13, 14, -9.44, 2000, 2000, 1311, 15872.50, 12282.50, 11291.25, 12473.75
3770, 1, 41.495813, -86.323875, 283.39, 281.20, 14, -10.50, 2000, 2000, 1290, 15881.25, 12270.00, 11292.50, 12431.25
3771, 1, 41.495813, -86.323883, 279.39, 281.28, 14, -8.72, 2000, 2000, 1325, 15398.75, 12228.75, 11295.00, 12517.50
3772, 1, 41.495813, -86.323891, 280.03, 281.35, 14, -8.72, 2000, 2000, 1325, 15602.50, 12247.50, 11273.75, 12451.25
3774, 1, 41.495815, -86.323898, 280.46, 281.31, 14, -8.56, 2000, 2000, 1328, 15863.75, 12242.50, 11266.25, 12487.50
3775, 1, 41.495815, -86.323914, 280.41, 281.47, 14, -7.84, 2000, 2000, 1343, 15671.25, 12238.75, 11228.75, 12481.25
3776, 1, 41.495817, -86.323929, 279.15, 281.51, 14, -7.17, 2000, 2000, 1356, 16016.25, 12307.50, 11283.75, 12518.75
3777, 1, 41.495817, -86.323936, 279.80, 281.59, 14, -8.16, 2000, 2000, 1336, 15802.50, 12172.50, 11292.50, 12545.00
3778, 1, 41.495817, -86.323944, 278.37, 281.67, 14, -7.50, 2000, 2000, 1349, 15205.00, 12192.50, 11290.00, 12523.75
3779, 1, 41.495817, -86.323959, 278.89, 281.83, 14, -7.49, 2000, 2000, 1350, 15323.75, 12227.50, 11311.25, 12456.25
3780, 1, 41.495819, -86.323967, 279.97, 281.80, 14, -6.92, 2000, 2000, 1361, 16158.75, 12301.25, 11308.75, 12495.00
3781, 1, 41.495819, -86.323975, 279.23, 281.88, 14, -6.26, 2000, 2000, 1374, 15545.00, 12207.50, 11275.00, 12458.75
3782, 1, 41.495819, -86.323982, 280.80, 281.96, 14, -6.96, 2000, 2000, 1360, 15560.00, 12176.25, 11278.75, 12402.50
3783, 1, 41.495819, -86.323990, 280.80, 282.05, 14, -6.37, 2000, 2000, 1372, 16056.25, 12242.50, 11323.75, 12458.75
3784, 1, 41.495821, -86.323997, 280.41, 282.02, 14, -6.14, 2000, 2000, 1377, 15322.50, 12258.75, 11222.50, 12506.25
3786, 1, 41.495821, -86.324013, 279.70, 282.19, 14, -7.01, 2000, 2000, 1359, 15871.25, 12270.00, 11306.25, 12527.50
3787, 1, 41.495821, -86.324020, 282.21, 282.28, 14, -6.41, 2000, 2000, 1371, 16110.00, 12157.50, 11288.75, 12472.50
3788, 1, 41.495823, -86.324028, 279.73, 282.25, 14, -6.25, 2000, 2000, 1375, 16447.50, 12172.50, 11290.00, 12501.25
3789, 1, 41.495823, -86.324043, 280.03, 282.43, 14, -5.93, 2000, 2000, 1381, 15666.25, 12285.00, 11338.75, 12556.25
3790, 1, 41.495823, -86.324051, 283.33, 282.53, 14, -6.24, 2000, 2000, 1375, 15581.25, 12286.25, 11230.00, 12505.00
3791, 1, 41.495825, -86.324066, 280.46, 282.59, 14, -6.35, 2000, 2000, 1372, 14791.25, 12206.25, 11292.50, 12437.50
3792, 1, 41.495825, -86.324074, 281.23, 282.69, 14, -6.89, 2000, 2000, 1362, 16173.75, 12256.25, 11275.00, 12522.50
3793, 1, 41.495825, -86.324081, 282.72, 282.79, 14, -6.60, 2000, 2000, 1367, 15431.25, 12236.25, 11321.25, 12461.25
3794, 1, 41.495825, -86.324089, 281.82, 282.89, 14, -6.76, 2000, 2000, 1364, 16655.00, 12253.75, 11276.25, 12522.50
3795, 1, 41.495825, -86.324097, 281.90, 282.99, 14, -7.84, 2000, 2000, 1343, 16575.00, 12303.75, 11222.50, 12518.75
3796, 1, 41.495827, -86.324112, 282.55, 283.07, 14, -7.42, 2000, 2000, 1351, 16137.50, 12230.00, 11303.75, 12402.50
3797, 1, 41.495829, -86.324120, 283.29, 283.04, 14, -7.71, 2000, 2000, 1345, 15200.00, 12202.50, 11333.75, 12501.25
3799, 1, 41.495829, -86.324127, 284.25, 283.15, 14, -7.47, 2000, 2000, 1350, 16358.75, 12298.75, 11268.75, 12443.75
3800, 1, 41.495831, -86.324135, 283.22, 283.12, 14, -8.85, 2000, 2000, 1322, 16190.00, 12255.00, 11260.00, 12513.75
3801, 1, 41.495831, -86.324142, 286.59, 283.23, 14, -8.23, 2000, 2000, 1335, 15068.75, 12141.25, 11282.50, 12496.25
3802, 1, 41.495832, -86.324158, 284.72, 283.31, 14, -9.23, 2000, 2000, 1315, 15978.75, 12346.25, 11305.00, 12496.25
3803, 1, 41.495834, -86.324173, 283.70, 283.40, 14, -8.96, 2000, 2000, 1320, 16046.25, 12232.50, 11280.00, 12465.00
3804, 1, 41.495834, -86.324181, 284.65, 283.52, 14, -9.28, 2000, 2000, 1314, 15973.75, 12262.50, 11267.50, 12461.25
3805, 1, 41.495836, -86.324188, 284.58, 283.49, 14, -9.17, 2000, 2000, 1316, 16496.25, 12260.00, 11313.75, 12480.00
3806, 1, 41.495838, -86.324196, 285.31, 283.46, 14, -9.57, 2000, 2000, 1308, 15653.75, 12222.50, 11271.25, 12467.50
3807, 1, 41.495840, -86.324203, 284.97, 283.44, 14, -9.86, 2000, 2000, 1302, 16207.50, 12305.00, 11270.00, 12388.75
3808, 1, 41.495840, -86.324219, 288.40, 283.68, 14, -8.98, 2000, 2000, 1320, 15561.25, 12198.75, 11355.00, 12508.75
3809, 1, 41.495842, -86.324226, 283.97, 283.65, 14, -9.88, 2000, 2000, 1302, 16076.25, 12233.75, 11227.50, 12515.00
3811, 1, 41.495844, -86.324234, 286.07, 283.63, 14, -9.59, 2000, 2000, 1308, 15518.75, 12243.75, 11251.25, 12478.75
3812, 1, 41.495844, -86.324242, 285.37, 283.76, 14, -9.93, 2000, 2000, 1301, 16377.50, 12300.00, 11256.25, 12513.75
3813, 1, 41.495846, -86.324257, 286.76, 283.86, 14, -9.53, 2000, 2000, 1309, 16171.25, 12171.25, 11311.25, 12376.25
3814, 1, 41.495848, -86.324265, 283.41, 283.84, 14, -10.06, 2000, 2000, 1298, 15895.00, 12211.25, 11265.00, 12443.75
3815, 1, 41.495848, -86.324280, 283.63, 284.11, 14, -8.77, 2000, 2000, 1324, 16071.25, 12303.75, 11310.00, 12468.75
3816, 1, 41.495850, -86.324287, 284.65, 284.08, 14, -8.99, 2000, 2000, 1320, 15296.25, 12217.50, 11260.00, 12528.75
3817, 1, 41.495852, -86.324295, 284.78, 284.06, 14, -8.83, 2000, 2000, 1323, 15376.25, 12323.75, 11271.25, 12440.00
3818, 1, 41.495853, -86.324303, 286.12, 284.04, 14, -8.69, 2000, 2000, 1326, 15398.75, 12267.50, 11291.25, 12526.25
3819, 1, 41.495853, -86.324310, 283.39, 284.18, 14, -7.36, 2000, 2000, 1352, 15408.75, 12273.75, 11250.00, 12507.50
3820, 1, 41.495855, -86.324318, 284.18, 284.16, 14, -8.20, 2000, 2000, 1335, 15775.00, 12298.75, 11268.75, 12453.75
3821, 1, 41.495855, -86.324333, 283.99, 284.45, 14, -7.78, 2000, 2000, 1344, 16405.00, 12255.00, 11285.00, 12396.25
3823, 1, 41.495855, -86.324341, 284.39, 284.61, 14, -8.02, 2000, 2000, 1339, 15590.00, 12253.75, 11260.00, 12541.25
3824, 1, 41.495857, -86.324348, 284.25, 284.59, 14, -8.28, 2000, 2000, 1334, 16137.50, 12276.25, 11310.00, 12453.75
3825, 1, 41.495859, -86.324364, 283.51, 284.73, 14, -7.57, 2000, 2000, 1348, 15888.75, 12198.75, 11291.25, 12432.50
3826, 1, 41.495859, -86.324371, 284.12, 284.89, 14, -8.75, 2000, 2000, 1324, 16272.50, 12247.50, 11296.25, 12408.75
3827, 1, 41.495861, -86.324387, 283.97, 285.04, 14, -7.70, 2000, 2000, 1345, 16193.75, 12195.00, 11273.75, 12457.50
3828, 1, 41.495863, -86.324394, 285.52, 285.03, 14, -8.36, 2000, 2000, 1332, 15067.50, 12245.00, 11286.25, 12422.50
3829, 1, 41.495863, -86.324402, 283.85, 285.20, 14, -7.67, 2000, 2000, 1346, 15503.75, 12230.00, 11263.75, 12435.00
3830, 1, 41.495865, -86.324409, 275.63, 285.19, 14, -7.92, 2000, 2000, 1341, 15965.00, 12190.00, 11265.00, 12441.25
3831, 1, 41.495867, -86.324417, 283.91, 285.17, 14, -7.91, 2000, 2000, 1341, 15735.00, 12198.75, 11262.50, 12398.75
3832, 1, 41.495867, -86.324432, 284.31, 285.54, 14, -6.91, 2000, 2000, 1361, 16300.00, 12188.75, 11268.75, 12401.25
3833, 1, 41.495869, -86.324440, 283.49, 285.53, 14, -7.68, 2000, 2000, 1346, 15962.50, 12230.00, 11258.75, 12442.50
3835, 1, 41.495871, -86.324448, 286.49, 285.52, 14, -7.79, 2000, 2000, 1344, 15476.25, 12171.25, 11257.50, 12490.00
3836, 1, 41.495871, -86.324455, 284.72, 285.72, 14, -8.38, 2000, 2000, 1332, 15732.50, 12260.00, 11276.25, 12507.50
3837, 1, 41.495872, -86.324463, 286.51, 285.71, 14, -8.32, 2000, 2000, 1333, 15628.75, 12211.25, 11303.75, 12443.75
3838, 1, 41.495874, -86.324478, 285.92, 285.91, 14, -8.67, 2000, 2000, 1326, 15497.50, 12238.75, 11225.00, 12472.50
3839, 1, 41.495876, -86.324486, 287.73, 285.90, 14, -8.90, 2000, 2000, 1321, 15515.00, 12245.00, 11233.75, 12452.50
3840, 1, 41.495878, -86.324501, 287.33, 286.12, 14, -9.07, 2000, 2000, 1318, 15597.50, 12233.75, 11255.00, 12458.75
3841, 1, 41.495880, -86.324509, 286.43, 286.11, 14, -9.78, 2000, 2000, 1304, 15453.75, 12265.00, 11278.75, 12557.50
3842, 1, 41.495882, -86.324516, 287.83, 286.11, 14, -9.03, 2000, 2000, 1319, 15817.50, 12185.00, 11322.50, 12465.00
3843, 1, 41.495882, -86.324524, 288.06, 286.34, 14, -9.18, 2000, 2000, 1316, 16020.00, 12183.75, 11282.50, 12455.00
3844, 1, 41.495884, -86.324532, 287.83, 286.34, 14, -10.25, 2000, 2000, 1295, 15833.75, 12242.50, 11218.75, 12471.25
3846, 1, 41.495886, -86.324539, 288.82, 286.34, 14, -10.08, 2000, 2000, 1298, 15628.75, 12247.50, 11291.25, 12502.50
3847, 1, 41.495886, -86.324547, 288.88, 286.59, 14, -10.38, 2000, 2000, 1292, 16061.25, 12193.75, 11238.75, 12431.25
3848, 1, 41.495888, -86.324554, 289.34, 286.59, 14, -10.97, 2000, 2000, 1280, 16042.50, 12247.50, 11263.75, 12442.50
3849, 1, 41.495892, -86.324577, 288.88, 286.86, 14, -10.67, 2000, 2000, 1286, 16455.00, 12258.75, 11277.50, 12475.00
3850, 1, 41.495893, -86.324585, 288.49, 286.87, 14, -10.45, 2000, 2000, 1290, 15853.75, 12207.50, 11292.50, 12442.50
3851, 1, 41.495895, -86.324593, 288.79, 286.88, 14, -9.52, 2000, 2000, 1309, 15487.50, 12233.75, 11283.75, 12463.75
3852, 1, 41.495897, -86.324600, 287.82, 286.89, 14, -9.84, 2000, 2000, 1303, 14913.75, 12218.75, 11267.50, 12517.50
3853, 1, 41.495897, -86.324608, 285.96, 287.18, 14, -9.74, 2000, 2000, 1305, 15800.00, 12242.50, 11278.75, 12485.00
3854, 1, 41.495899, -86.324615, 288.88, 287.20, 14, -9.23, 2000, 2000, 1315, 16203.75, 12251.25, 11288.75, 12463.75
3855, 1, 41.495901, -86.324623, 286.84, 287.21, 14, -9.17, 2000, 2000, 1316, 15922.50, 12157.50, 11275.00, 12447.50
3856, 1, 41.495901, -86.324638, 286.53, 287.85, 14, -8.72, 2000, 2000, 1325, 15610.00, 12227.50, 11236.25, 12415.00
3858, 1, 41.495905, -86.324646, 286.60, 287.57, 14, -7.23, 2000, 2000, 1355, 15005.00, 12211.25, 11257.50, 12490.00
3859, 1, 41.495905, -86.324654, 286.33, 287.91, 14, -7.96, 2000, 2000, 1340, 16460.00, 12256.25, 11263.75, 12502.50
3860, 1, 41.495909, -86.324669, 285.40, 287.97, 14, -7.18, 2000, 2000, 1356, 15975.00, 12235.00, 11261.25, 12357.50
3861, 1, 41.495909, -86.324677, 286.25, 288.34, 14, -7.02, 2000, 2000, 1359, 16193.75, 12245.00, 11278.75, 12447.50
3862, 1, 41.495911, -86.324684, 285.35, 288.38, 14, -5.69, 2000, 2000, 1386, 16293.75, 12251.25, 11271.25, 12470.00
3863, 1, 41.495913, -86.324692, 286.18, 288.43, 14, -6.20, 2000, 2000, 1375, 15368.75, 12247.50, 11265.00, 12488.75
3864, 1, 41.495913, -86.324707, 284.39, 289.24, 14, -6.35, 2000, 2000, 1372, 15495.00, 12197.50, 11252.50, 12496.25
3865, 1, 41.495914, -86.324715, 286.18, 289.31, 14, -5.51, 2000, 2000, 1389, 16063.75, 12236.25, 11280.00, 12466.25
3866, 1, 41.495916, -86.324722, 284.06, 289.38, 14, -5.22, 2000, 2000, 1395, 15965.00, 12247.50, 11263.75, 12525.00
3867, 1, 41.495916, -86.324730, 287.00, 289.84, 14, -5.03, 2000, 2000, 1399, 15321.25, 12165.00, 11298.75, 12418.75
3868, 1, 41.495918, -86.324738, 287.08, 289.93, 14, -5.78, 2000, 2000, 1384, 15877.50, 12172.50, 11252.50, 12397.50
3870, 1, 41.495920, -86.324745, 288.73, 290.03, 14, -4.83, 2000, 2000, 1403, 15897.50, 12260.00, 11280.00, 12491.25
3871, 1, 41.495920, -86.324753, 286.93, 290.54, 14, -5.32, 2000, 2000, 1393, 16172.50, 12242.50, 11287.50, 12472.50
3872, 1, 41.495922, -86.324768, 287.41, 291.21, 14, -5.44, 2000, 2000, 1391, 15503.75, 12148.75, 11256.25, 12481.25
3873, 1, 41.495926, -86.324783, 288.93, 291.50, 14, -5.46, 2000, 2000, 1390, 15566.25, 12175.00, 11262.50, 12473.75
3874, 1, 41.495928, -86.324791, 290.20, 291.66, 14, -5.30, 2000, 2000, 1394, 15921.25, 12216.25, 11207.50, 12430.00
3875, 1, 41.495930, -86.324799, 289.53, 291.84, 14, -5.68, 2000, 2000, 1386, 16247.50, 12255.00, 11261.25, 12496.25
3876, 1, 41.495930, -86.324806, 292.69, 292.51, 14, -5.79, 2000, 2000, 1384, 15968.75, 12232.50, 11262.50, 12503.75
3877, 1, 41.495932, -86.324814, 291.22, 292.73, 14, -5.96, 2000, 2000, 1380, 16135.00, 12253.75, 11283.75, 12546.25
3878, 1, 41.495934, -86.324821, 293.03, 292.95, 14, -5.67, 2000, 2000, 1386, 16042.50, 12245.00, 11267.50, 12401.25
3879, 1, 41.495935, -86.324837, 293.11, 294.02, 14, -6.60, 2000, 2000, 1368, 16006.25, 12205.00, 11272.50, 12441.25
3880, 1, 41.495937, -86.324844, 294.25, 294.32, 14, -6.52, 2000, 2000, 1369, 15780.00, 12226.25, 11262.50, 12473.75
3882, 1, 41.495939, -86.324852, 294.16, 294.65, 14, -6.29, 2000, 2000, 1374, 16282.50, 12152.50, 11275.00, 12428.75
3883, 1, 41.495941, -86.324860, 295.32, 295.01, 14, -5.98, 2000, 2000, 1380, 16247.50, 12303.75, 11256.25, 12526.25
3884, 1, 41.495945, -86.324875, 296.02, 295.82, 14, -6.66, 2000, 2000, 1366, 15133.75, 12251.25, 11266.25, 12432.50
3885, 1, 41.495947, -86.324883, 296.69, 296.28, 14, -5.71, 2000, 2000, 1385, 16057.50, 12262.50, 11281.25, 12508.75
3886, 1, 41.495949, -86.324890, 296.46, 296.79, 14, -6.42, 2000, 2000, 1371, 15316.25, 12166.25, 11277.50, 12446.25
3887, 1, 41.495953, -86.324898, 297.55, 296.57, 14, -5.94, 2000, 2000, 1381, 15825.00, 12318.75, 11253.75, 12447.50
3888, 1, 41.495955, -86.324905, 295.76, 297.16, 14, -6.43, 2000, 2000, 1371, 15897.50, 12132.50, 11288.75, 12402.50
3889, 1, 41.495956, -86.324913, 295.63, 297.82, 14, -5.79, 2000, 2000, 1384, 15472.50, 12265.00, 11272.50, 12496.25
3890, 1, 41.495960, -86.324921, 299.34, 66.02, 15, 52.55, 2000, 1975, 2500, 15817.50, 12275.00, 11195.00, 12470.00
3891, 1, 0.012500, 0.000000, 310.04, 301.65, 15, -6.29, 2000, 1950, 1374, 13592.50, 12426.25, 11171.25, 12701.25
3892, 1, 41.495962, -86.324928, 319.61, 66.26, 15, 81.56, 2000, 1950, 2500, 15273.75, 12251.25, 11161.25, 12500.00
3894, 1, 41.495964, -86.324936, 334.35, 66.49, 15, 76.66, 2000, 1800, 2500, 10907.50, 12770.00, 11232.50, 13020.00
3895, 1, 41.495966, -86.324944, 348.19, 66.72, 15, 68.98, 2000, 1625, 2500, 8755.00, 13117.50, 11207.50, 13316.25
3896, 1, 41.495970, -86.324944, 2.65, 66.91, 15, 62.31, 2000, 1753, 2500, 10045.00, 13012.50, 11133.75, 13173.75
3897, 1, 41.495981, -86.324951, 16.23, 67.61, 15, 55.33, 2000, 1891, 2500, 13418.75, 12585.00, 11141.25, 12807.50
3898, 1, 41.495987, -86.324951, 29.66, 67.89, 15, 47.15, 2000, 2000, 2443, 16755.00, 12215.00, 11105.00, 12418.75
3899, 1, 41.495993, -86.324951, 40.64, 68.17, 15, 38.86, 2000, 2000, 2277, 15893.75, 12218.75, 11200.00, 12413.75
3900, 1, 41.495998, -86.324944, 56.25, 68.33, 15, 29.99, 2000, 2000, 2099, 16270.00, 12236.25, 11307.50, 12533.75
3901, 1, 41.496004, -86.324944, 69.29, 68.62, 15, 20.32, 2000, 2000, 1906, 16523.75, 12265.00, 11452.50, 12525.00
3902, 1, 41.496008, -86.324936, 81.87, 68.68, 15, 11.05, 2000, 2000, 1720, 15913.75, 12280.00, 11483.75, 12457.50
3903, 1, 41.496010, -86.324928, 89.45, 68.65, 15, 3.17, 2000, 2000, 1563, 15725.00, 12237.50, 11515.00, 12522.50
3905, 1, 41.496012, -86.324921, 93.45, 68.62, 15, -2.98, 2000, 2000, 1440, 15993.75, 12225.00, 11551.25, 12496.25
3906, 1, 41.496012, -86.324913, 97.89, 68.48, 15, -5.46, 2000, 2000, 1390, 15797.50, 12211.25, 11550.00, 12428.75
3907, 1, 41.496012, -86.324905, 98.26, 68.35, 15, -8.18, 2000, 2000, 1336, 16348.75, 12293.75, 11541.25, 12448.75
3908, 1, 41.496010, -86.324890, 97.00, 67.98, 15, -9.03, 2000, 2000, 1319, 15548.75, 12205.00, 11536.25, 12511.25
3909, 1, 41.496010, -86.324883, 94.63, 67.84, 15, -10.41, 2000, 2000, 1291, 15452.50, 12177.50, 11558.75, 12452.50
3910, 1, 41.496008, -86.324875, 96.74, 67.60, 15, -9.66, 2000, 2000, 1306, 16171.25, 12195.00, 11532.50, 12546.25
3911, 1, 41.496008, -86.324867, 94.21, 67.46, 15, -10.80, 2000, 2000, 1284, 16500.00, 12248.75, 11550.00, 12467.50
3912, 1, 41.496008, -86.324860, 93.45, 67.32, 15, -10.98, 2000, 2000, 1280, 15675.00, 12207.50, 11576.25, 12458.75
3913, 1, 41.496006, -86.324852, 89.69, 67.07, 15, -10.37, 2000, 2000, 1292, 15702.50, 12307.50, 11535.00, 12522.50
3914, 1, 41.496006, -86.324844, 86.59, 66.92, 15, -9.87, 2000, 2000, 1302, 16246.25, 12302.50, 11495.00, 12451.25
3915, 1, 41.496006, -86.324837, 87.08, 66.77, 15, -9.22, 2000, 2000, 1315, 15718.75, 12246.25, 11491.25, 12460.00
3917, 1, 41.496006, -86.324829, 82.90, 66.62, 15, -8.90, 2000, 2000, 1322, 15843.75, 12223.75, 11498.75, 12553.75
3918, 1, 41.496006, -86.324814, 82.65, 66.31, 15, -8.62, 2000, 2000, 1327, 15247.50, 12238.75, 11521.25, 12530.00
3919, 1, 41.496006, -86.324799, 79.55, 66.00, 15, -7.48, 2000, 2000, 1350, 15887.50, 12218.75, 11493.75, 12511.25
3920, 1, 41.496008, -86.324791, 78.08, 65.94, 15, -6.14, 2000, 2000, 1377, 16250.00, 12272.50, 11487.50, 12518.75
3921, 1, 41.496008, -86.324783, 77.69, 65.78, 15, -5.84, 2000, 2000, 1383, 15788.75, 12230.00, 11435.00, 12540.00
3922, 1, 41.496010, -86.324776, 75.99, 65.72, 15, -4.72, 2000, 2000, 1405, 16192.50, 12246.25, 11506.25, 12455.00
3923, 1, 41.496010, -86.324768, 72.76, 65.55, 15, -4.80, 2000, 2000, 1403, 15353.75, 12203.75, 11467.50, 12550.00
3924, 1, 41.496012, -86.324760, 73.25, 65.49, 15, -3.73, 2000, 2000, 1425, 16086.25, 12202.50, 11466.25, 12482.50
3925, 1, 41.496012, -86.324753, 71.34, 65.32, 15, -3.64, 2000, 2000, 1427, 15752.50, 12215.00, 11452.50, 12495.00
3926, 1, 41.496014, -86.324745, 70.93, 65.26, 15, -3.87, 2000, 2000, 1422, 16242.50, 12306.25, 11503.75, 12551.25
3927, 1, 41.496016, -86.324738, 71.27, 65.20, 15, -3.49, 2000, 2000, 1430, 15938.75, 12143.75, 11422.50, 12405.00
3929, 1, 41.496017, -86.324730, 71.83, 65.13, 15, -3.33, 2000, 2000, 1433, 15832.50, 12237.50, 11432.50, 12485.00
3930, 1, 41.496019, -86.324722, 70.56, 65.07, 15, -3.07, 2000, 2000, 1438, 15718.75, 12330.00, 11478.75, 12576.25
3931, 1, 41.496021, -86.324715, 69.18, 65.00, 15, -3.36, 2000, 2000, 1432, 15975.00, 12271.25, 11460.00, 12440.00
3932, 1, 41.496025, -86.324699, 68.74, 64.87, 15, -3.39, 2000, 2000, 1432, 16196.25, 12247.50, 11460.00, 12476.25
3933, 1, 41.496027, -86.324692, 68.12, 64.80, 15, -4.07, 2000, 2000, 1418, 15896.25, 12263.75, 11448.75, 12473.75
3934, 1, 41.496029, -86.324684, 70.08, 64.73, 15, -4.23, 2000, 2000, 1415, 16060.00, 12228.75, 11391.25, 12433.75
3935, 1, 41.496031, -86.324677, 71.27, 64.66, 15, -4.92, 2000, 2000, 1401, 16255.00, 12240.00, 11433.75, 12485.00
3936, 1, 41.496033, -86.324669, 67.72, 64.58, 15, -5.72, 2000, 2000, 1385, 15895.00, 12256.25, 11391.25, 12498.75
3937, 1, 41.496035, -86.324661, 69.35, 64.51, 15, -5.49, 2000, 2000, 1390, 15400.00, 12255.00, 11476.25, 12481.25
3938, 1, 41.496037, -86.324654, 68.93, 64.43, 15, -5.83, 2000, 2000, 1383, 15966.25, 12260.00, 11398.75, 12452.50
3939, 1, 41.496038, -86.324646, 72.40, 64.36, 15, -6.51, 2000, 2000, 1369, 15671.25, 12186.25, 11406.25, 12467.50
3941, 1, 41.496042, -86.324638, 71.27, 64.40, 15, -5.90, 2000, 2000, 1382, 15457.50, 12211.25, 11392.50, 12510.00
3942, 1, 41.496044, -86.324631, 70.24, 64.32, 15, -6.25, 2000, 2000, 1375, 15513.75, 12253.75, 11446.25, 12508.75
3943, 1, 41.496044, -86.324623, 69.08, 64.12, 15, -6.48, 2000, 2000, 1370, 15333.75, 12261.25, 11428.75, 12446.25
3944, 1, 41.496048, -86.324608, 68.25, 63.96, 15, -6.89, 2000, 2000, 1362, 15706.25, 12220.00, 11446.25, 12472.50
3945, 1, 41.496050, -86.324600, 68.93, 63.87, 15, -5.48, 2000, 2000, 1390, 15580.00, 12241.25, 11403.75, 12465.00
3946, 1, 41.496052, -86.324593, 68.50, 63.79, 15, -6.85, 2000, 2000, 1363, 15836.25, 12213.75, 11487.50, 12445.00
3947, 1, 41.496054, -86.324585, 69.22, 63.70, 15, -6.07, 2000, 2000, 1378, 16306.25, 12215.00, 11412.50, 12458.75
3948, 1, 41.496056, -86.324577, 66.60, 63.61, 15, -7.33, 2000, 2000, 1353, 16262.50, 12260.00, 11428.75, 12450.00
3949, 1, 41.496058, -86.324570, 67.60, 63.52, 15, -6.97, 2000, 2000, 1360, 15667.50, 12161.25, 11431.25, 12487.50
3950, 1, 41.496058, -86.324562, 68.74, 63.30, 15, -6.91, 2000, 2000, 1361, 16845.00, 12257.50, 11400.00, 12443.75
3951, 1, 41.496059, -86.324554, 67.70, 63.20, 15, -6.64, 2000, 2000, 1367, 16227.50, 12216.25, 11335.00, 12533.75
3952, 1, 41.496063, -86.324547, 66.75, 63.24, 15, -4.95, 2000, 2000, 1400, 15432.50, 12212.50, 11362.50, 12476.25
3954, 1, 41.496065, -86.324539, 68.82, 63.14, 15, -6.22, 2000, 2000, 1375, 15406.25, 12277.50, 11372.50, 12495.00
3955, 1, 41.496069, -86.324524, 64.57, 62.94, 15, -7.42, 2000, 2000, 1351, 15611.25, 12242.50, 11453.75, 12486.25
3956, 1, 41.496071, -86.324509, 66.76, 62.59, 15, -6.46, 2000, 2000, 1370, 16058.75, 12230.00, 11377.50, 12448.75
3957, 1, 41.496075, -86.324501, 62.76, 62.63, 15, -6.69, 2000, 2000, 1366, 15722.50, 12137.50, 11360.00, 12537.50
3958, 1, 41.496077, -86.324493, 67.24, 62.52, 15, -5.94, 2000, 2000, 1381, 15476.25, 12172.50, 11277.50, 12507.50
3959, 1, 41.496078, -86.324486, 59.94, 62.41, 15, -5.63, 2000, 2000, 1387, 15712.50, 12197.50, 11473.75, 12451.25
3960, 1, 41.496080, -86.324478, 63.83, 62.29, 15, -5.14, 2000, 2000, 1397, 16458.75, 12250.00, 11392.50, 12493.75
3961, 1, 41.496084, -86.324471, 63.87, 62.32, 15, -5.95, 2000, 2000, 1381, 15743.75, 12273.75, 11351.25, 12427.50
3962, 1, 41.496086, -86.324471, 62.21, 62.47, 15, -5.80, 2000, 2000, 1383, 16041.25, 12288.75, 11423.75, 12440.00
3963, 1, 41.496090, -86.324463, 64.60, 62.50, 15, -5.46, 2000, 2000, 1390, 16297.50, 12280.00, 11301.25, 12391.25
3964, 1, 41.496092, -86.324455, 63.56, 62.39, 15, -5.61, 2000, 2000, 1387, 15732.50, 12221.25, 11363.75, 12425.00
3966, 1, 41.496094, -86.324448, 63.20, 62.27, 15, -4.67, 2000, 2000, 1406, 15308.75, 12152.50, 11276.25, 12466.25
3967, 1, 41.496098, -86.324440, 63.34, 62.30, 15, -4.22, 2000, 2000, 1415, 15700.00, 12242.50, 11356.25, 12476.25
3968, 1, 41.496099, -86.324432, 60.87, 62.18, 15, -3.93, 2000, 2000, 1421, 16352.50, 12305.00, 11436.25, 12508.75
3969, 1, 41.496105, -86.324417, 61.91, 62.08, 15, -4.02, 2000, 2000, 1419, 15950.00, 12186.25, 11261.25, 12445.00
3970, 1, 41.496109, -86.324402, 60.12, 61.82, 15, -4.02, 2000, 2000, 1419, 16288.75, 12322.50, 11363.75, 12467.50
3971, 1, 41.496113, -86.324394, 62.15, 61.85, 15, -3.26, 2000, 2000, 1434, 15675.00, 12216.25, 11355.00, 12471.25
3972, 1, 41.496115, -86.324387, 60.83, 61.71, 15, -2.46, 2000, 2000, 1450, 15361.25, 12205.00, 11290.00, 12462.50
3973, 1, 41.496117, -86.324379, 60.98, 61.57, 15, -4.18, 2000, 2000, 1416, 15881.25, 12300.00, 11368.75, 12426.25
3974, 1, 41.496120, -86.324379, 60.87, 61.91, 15, -4.20, 2000, 2000, 1415, 15615.00, 12206.25, 11471.25, 12485.00
3975, 1, 41.496124, -86.324371, 63.67, 61.94, 15, -4.10, 2000, 2000, 1417, 15827.50, 12238.75, 11281.25, 12443.75
3976, 1, 41.496126, -86.324364, 60.60, 61.80, 15, -5.15, 2000, 2000, 1396, 16756.25, 12253.75, 11408.75, 12511.25
3978, 1, 41.496130, -86.324356, 63.98, 61.83, 15, -5.03, 2000, 2000, 1399, 15932.50, 12303.75, 11373.75, 12532.50
3979, 1, 41.496132, -86.324348, 62.88, 61.68, 15, -6.02, 2000, 2000, 1379, 15343.75, 12245.00, 11425.00, 12493.75
3980, 1, 41.496136, -86.324341, 62.93, 61.71, 15, -6.27, 2000, 2000, 1374, 16183.75, 12268.75, 11400.00, 12436.25
3981, 1, 41.496141, -86.324326, 61.66, 61.59, 15, -5.19, 2000, 2000, 1396, 15600.00, 12215.00, 11337.50, 12495.00
3982, 1, 41.496143, -86.324318, 58.99, 61.43, 15, -5.11, 2000, 2000, 1397, 15851.25, 12256.25, 11455.00, 12525.00
3983, 1, 41.496147, -86.324310, 62.08, 61.46, 15, -4.64, 2000, 2000, 1407, 15287.50, 12246.25, 11265.00, 12465.00
3984, 1, 41.496149, -86.324303, 60.23, 61.30, 15, -4.79, 2000, 2000, 1404, 15917.50, 12213.75, 11436.25, 12455.00
3985, 1, 41.496153, -86.324295, 61.06, 61.32, 15, -3.74, 2000, 2000, 1425, 16423.75, 12273.75, 11328.75, 12501.25
3986, 1, 41.496155, -86.324287, 62.74, 61.15, 15, -4.72, 2000, 2000, 1405, 15742.50, 12216.25, 11397.50, 12515.00
3987, 1, 41.496159, -86.324280, 64.04, 61.18, 15, -5.74, 2000, 2000, 1385, 16130.00, 12213.75, 11336.25, 12392.50
3988, 1, 41.496161, -86.324272, 62.08, 61.00, 15, -5.69, 2000, 2000, 1386, 15855.00, 12202.50, 11348.75, 12527.50
3990, 1, 41.496162, -86.324265, 62.74, 60.82, 15, -5.57, 2000, 2000, 1388, 16088.75, 12241.25, 11383.75, 12487.50
3991, 1, 41.496166, -86.324257, 58.67, 60.84, 15, -6.53, 2000, 2000, 1369, 16078.75, 12200.00, 11400.00, 12450.00
3992, 1, 41.496168, -86.324249, 61.22, 60.65, 15, -6.19, 2000, 2000, 1376, 15901.25, 12203.75, 11362.50, 12428.75
3993, 1, 41.496172, -86.324234, 64.15, 60.25, 15, -5.76, 2000, 2000, 1384, 15813.75, 12157.50, 11320.00, 12393.75
3994, 1, 41.496176, -86.324226, 62.40, 60.26, 15, -6.01, 2000, 2000, 1379, 15811.25, 12192.50, 11398.75, 12418.75
3995, 1, 41.496178, -86.324219, 61.14, 60.05, 15, -6.91, 2000, 2000, 1361, 16185.00, 12205.00, 11438.75, 12432.50
3996, 1, 41.496180, -86.324211, 61.13, 59.84, 15, -5.47, 2000, 2000, 1390, 16040.00, 12245.00, 11290.00, 12463.75
3997, 1, 41.496181, -86.324203, 59.20, 59.61, 15, -6.19, 2000, 2000, 1376, 14970.00, 12233.75, 11408.75, 12523.75
3998, 1, 41.496185, -86.324196, 60.08, 59.61, 15, -6.38, 2000, 2000, 1372, 15968.75, 12250.00, 11348.75, 12410.00
3999, 1, 41.496187, -86.324188, 59.40, 59.38, 15, -5.85, 2000, 2000, 1382, 15381.25, 12280.00, 11385.00, 12423.75
4000, 1, 41.496191, -86.324181, 60.10, 59.37, 15, -5.69, 2000, 2000, 1386, 15642.50, 12216.25, 11333.75, 12548.75
4002, 1, 41.496195, -86.324173, 60.12, 59.37, 15, -6.52, 2000, 2000, 1369, 15365.00, 12176.25, 11413.75, 12421.25
4003, 1, 41.496197, -86.324165, 57.91, 59.12, 15, -6.13, 2000, 2000, 1377, 16295.00, 12285.00, 11336.25, 12487.50
4004, 1, 41.496204, -86.324150, 59.60, 59.09, 15, -5.27, 2000, 2000, 1394, 15791.25, 12236.25, 11333.75, 12482.50
4005, 1, 41.496206, -86.324142, 59.00, 58.82, 15, -4.67, 2000, 2000, 1406, 15682.50, 12208.75, 11360.00, 12512.50
4006, 1, 41.496210, -86.324135, 55.74, 58.80, 15, -5.48, 2000, 2000, 1390, 15902.50, 12243.75, 11391.25, 12446.25
4007, 1, 41.496214, -86.324127, 60.06, 58.79, 15, -4.81, 2000, 2000, 1403, 15797.50, 12180.00, 11281.25, 12432.50
4008, 1, 41.496218, -86.324120, 59.30, 58.77, 15, -5.73, 2000, 2000, 1385, 16047.50, 12263.75, 11396.25, 12471.25
4009, 1, 41.496220, -86.324112, 59.77, 58.46, 15, -6.06, 2000, 2000, 1378, 16022.50, 12287.50, 11342.50, 12406.25
4010, 1, 41.496223, -86.324104, 56.47, 58.44, 15, -6.45, 2000, 2000, 1371, 16220.00, 12282.50, 11366.25, 12521.25
4011, 1, 41.496227, -86.324097, 58.62, 58.41, 15, -5.03, 2000, 2000, 1399, 15823.75, 12212.50, 11250.00, 12443.75
4012, 1, 41.496231, -86.324089, 56.93, 58.38, 15, -6.21, 2000, 2000, 1375, 16430.00, 12232.50, 11375.00, 12460.00
4013, 1, 41.496233, -86.324081, 55.75, 58.04, 15, -6.74, 2000, 2000, 1365, 16298.75, 12276.25, 11357.50, 12445.00
4015, 1, 41.496235, -86.324074, 59.50, 57.68, 15, -5.52, 2000, 2000, 1389, 16432.50, 12258.75, 11343.75, 12423.75
4016, 1, 41.496239, -86.324066, 57.70, 57.63, 15, -6.47, 2000, 2000, 1370, 15456.25, 12213.75, 11345.00, 12502.50
4017, 1, 41.496244, -86.324051, 56.85, 57.18, 15, -7.12, 2000, 2000, 1357, 15446.25, 12257.50, 11360.00, 12567.50
4018, 1, 41.496248, -86.324043, 59.87, 57.11, 15, -6.09, 2000, 2000, 1378, 15853.75, 12263.75, 11275.00, 12498.75
4019, 1, 41.496252, -86.324036, 57.94, 57.03, 15, -6.12, 2000, 2000, 1377, 15221.25, 12240.00, 11260.00, 12426.25
4020, 1, 41.496254, -86.324028, 58.18, 56.59, 15, -6.32, 2000, 2000, 1373, 16213.75, 12238.75, 11346.25, 12500.00
4021, 1, 41.496258, -86.324020, 59.20, 56.49, 15, -6.14, 2000, 2000, 1377, 16427.50, 12282.50, 11237.50, 12487.50
4022, 1, 41.496260, -86.324013, 58.29, 56.01, 15, -7.14, 2000, 2000, 1357, 16442.50, 12235.00, 11351.25, 12483.75
4023, 1, 41.496264, -86.324005, 60.46, 55.89, 15, -6.82, 2000, 2000, 1363, 15912.50, 12172.50, 11281.25, 12426.25
4024, 1, 41.496267, -86.323997, 58.81, 55.76, 15, -7.44, 2000, 2000, 1351, 16161.25, 12328.75, 11345.00, 12561.25
4025, 1, 41.496271, -86.323990, 58.59, 55.62, 15, -7.05, 2000, 2000, 1358, 16036.25, 12233.75, 11280.00, 12523.75
4026, 1, 41.496275, -86.323982, 57.41, 55.48, 15, -7.66, 2000, 2000, 1346, 15866.25, 12170.00, 11245.00, 12421.25
4028, 1, 41.496279, -86.323975, 57.16, 55.32, 15, -7.29, 2000, 2000, 1354, 15676.25, 12315.00, 11313.75, 12408.75
4029, 1, 41.496281, -86.323967, 58.27, 54.68, 15, -6.66, 2000, 2000, 1366, 16126.25, 12268.75, 11255.00, 12363.75
4030, 1, 41.496288, -86.323952, 56.71, 54.26, 15, -8.08, 2000, 2000, 1338, 15636.25, 12206.25, 11395.00, 12436.25
4031, 1, 41.496290, -86.323944, 55.53, 53.50, 15, -7.30, 2000, 2000, 1353, 14995.00, 12202.50, 11282.50, 12435.00
4032, 1, 41.496294, -86.323936, 54.96, 53.22, 15, -7.70, 2000, 2000, 1345, 15961.25, 12145.00, 11255.00, 12403.75
4033, 1, 41.496296, -86.323929, 55.68, 52.35, 15, -8.24, 2000, 2000, 1335, 15372.50, 12196.25, 11343.75, 12446.25
4034, 1, 41.496302, -86.323921, 55.11, 52.56, 15, -8.96, 2000, 2000, 1320, 15970.00, 12215.00, 11260.00, 12505.00
4035, 1, 41.496305, -86.323914, 55.69, 52.18, 15, -8.14, 2000, 2000, 1337, 15421.25, 12205.00, 11291.25, 12471.25
4036, 1, 41.496307, -86.323906, 51.63, 51.12, 15, -9.18, 2000, 2000, 1316, 15988.75, 12207.50, 11302.50, 12442.50
4037, 1, 41.496311, -86.323898, 53.40, 50.62, 15, -8.11, 2000, 2000, 1337, 15576.25, 12175.00, 11215.00, 12471.25
4038, 1, 41.496317, -86.323891, 51.40, 50.76, 15, -8.32, 2000, 2000, 1333, 15455.00, 12265.00, 11266.25, 12440.00
4039, 1, 41.496319, -86.323883, 49.99, 49.40, 15, -9.39, 2000, 2000, 1312, 15920.00, 12306.25, 11230.00, 12457.50
4041, 1, 41.496323, -86.323875, 48.48, 70.03, 16, 6.62, 2000, 2000, 1632, 16302.50, 12276.25, 11266.25, 12431.25
4042, 1, 41.496326, -86.323868, 56.18, 70.12, 16, 6.98, 2000, 2000, 1639, 16371.25, 12268.75, 11186.25, 12463.75
4043, 1, 41.496334, -86.323853, 63.48, 70.28, 16, 5.17, 2000, 2000, 1603, 15946.25, 12227.50, 11201.25, 12407.50
4044, 1, 41.496340, -86.323853, 63.98, 70.62, 16, 0.48, 2000, 2000, 1509, 16292.50, 12271.25, 11543.75, 12403.75
4045, 1, 41.496342, -86.323845, 64.54, 70.59, 16, -1.07, 2000, 2000, 1478, 16510.00, 12243.75, 11445.00, 12516.25
4046, 1, 41.496344, -86.323837, 69.66, 70.57, 16, -3.19, 2000, 2000, 1436, 15498.75, 12170.00, 11348.75, 12448.75
4047, 1, 41.496346, -86.323830, 73.75, 70.55, 16, -6.10, 2000, 2000, 1377, 16365.00, 12273.75, 11466.25, 12493.75
4048, 1, 41.496347, -86.323822, 73.50, 70.52, 16, -6.17, 2000, 2000, 1376, 15708.75, 12232.50, 11390.00, 12486.25
4049, 1, 41.496349, -86.323807, 72.96, 70.36, 16, -6.90, 2000, 2000, 1361, 16528.75, 12277.50, 11445.00, 12423.75
4050, 1, 41.496349, -86.323799, 73.50, 70.22, 16, -6.24, 2000, 2000, 1375, 15722.50, 12181.25, 11473.75, 12496.25
4051, 1, 41.496351, -86.323792, 71.92, 70.19, 16, -5.48, 2000, 2000, 1390, 15526.25, 12195.00, 11461.25, 12442.50
4052, 1, 41.496351, -86.323784, 72.83, 70.05, 16, -6.20, 2000, 2000, 1376, 16073.75, 12208.75, 11390.00, 12452.50
4054, 1, 41.496353, -86.323776, 69.66, 70.02, 16, -6.18, 2000, 2000, 1376, 15742.50, 12225.00, 11457.50, 12508.75
4055, 1, 41.496353, -86.323769, 71.62, 69.87, 16, -6.18, 2000, 2000, 1376, 15453.75, 12291.25, 11403.75, 12516.25
4056, 1, 41.496357, -86.323753, 69.85, 69.81, 16, -6.46, 2000, 2000, 1370, 16432.50, 12257.50, 11427.50, 12497.50
4057, 1, 41.496359, -86.323746, 72.86, 69.78, 16, -5.72, 2000, 2000, 1385, 15622.50, 12176.25, 11392.50, 12458.75
4058, 1, 41.496361, -86.323738, 69.41, 69.75, 16, -5.50, 2000, 2000, 1390, 15495.00, 12241.25, 11411.25, 12537.50
4059, 1, 41.496361, -86.323730, 69.41, 69.59, 16, -5.79, 2000, 2000, 1384, 16096.25, 12282.50, 11410.00, 12556.25
4060, 1, 41.496363, -86.323715, 69.00, 69.40, 16, -5.91, 2000, 2000, 1381, 16135.00, 12228.75, 11503.75, 12516.25
4061, 1, 41.496365, -86.323708, 70.36, 69.36, 16, -6.10, 2000, 2000, 1377, 16018.75, 12262.50, 11406.25, 12506.25
4062, 1, 41.496367, -86.323700, 71.62, 69.33, 16, -6.16, 2000, 2000, 1376, 15282.50, 12198.75, 11443.75, 12498.75
4063, 1, 41.496367, -86.323692, 68.93, 69.16, 16, -6.15, 2000, 2000, 1377, 16236.25, 12225.00, 11417.50, 12522.50
4064, 1, 41.496368, -86.323685, 69.45, 69.12, 16, -6.15, 2000, 2000, 1377, 16110.00, 12246.25, 11507.50, 12446.25
4065, 1, 41.496368, -86.323677, 72.58, 68.95, 16, -5.16, 2000, 2000, 1396, 16278.75, 12217.50, 11367.50, 12455.00
4067, 1, 41.496372, -86.323669, 68.85, 69.04, 16, -5.49, 2000, 2000, 1390, 16300.00, 12242.50, 11475.00, 12483.75
4068, 1, 41.496372, -86.323662, 69.12, 68.87, 16, -5.26, 2000, 2000, 1394, 15836.25, 12240.00, 11405.00, 12382.50
4069, 1, 41.496376, -86.323647, 70.79, 68.78, 16, -5.70, 2000, 2000, 1385, 15563.75, 12107.50, 9038.75, 12271.25
4070, 1, 41.496378, -86.323639, 70.18, 68.74, 16, -6.13, 2000, 2000, 1377, 16271.25, 12195.00, 11402.50, 12461.25
4071, 1, 41.496380, -86.323631, 70.10, 68.69, 16, -6.05, 2000, 2000, 1379, 15432.50, 12160.00, 11430.00, 12476.25
4072, 1, 41.496380, -86.323624, 66.96, 68.51, 16, -5.63, 2000, 2000, 1387, 16436.25, 12242.50, 11478.75, 12496.25
4073, 1, 41.496382, -86.323616, 66.59, 68.46, 16, -4.47, 2000, 2000, 1410, 15913.75, 12223.75, 11385.00, 12478.75
4074, 1, 41.496384, -86.323608, 66.43, 68.41, 16, -5.24, 2000, 2000, 1395, 15071.25, 12236.25, 11400.00, 12508.75
4075, 1, 41.496386, -86.323601, 67.78, 68.36, 16, -4.27, 2000, 2000, 1414, 15980.00, 12260.00, 11420.00, 12421.25
4076, 1, 41.496389, -86.323586, 67.96, 68.26, 16, -4.38, 2000, 2000, 1412, 16051.25, 12266.25, 11360.00, 12452.50
4077, 1, 41.496391, -86.323578, 65.63, 68.21, 16, -4.59, 2000, 2000, 1408, 15893.75, 12231.25, 11322.50, 12452.50
4078, 1, 41.496393, -86.323578, 65.95, 68.35, 16, -3.07, 2000, 2000, 1438, 16216.25, 12257.50, 11283.75, 12518.75
4080, 1, 41.496395, -86.323570, 65.77, 68.30, 16, -1.82, 2000, 2000, 1463, 15381.25, 12222.50, 11375.00, 12457.50
4081, 1, 41.496397, -86.323563, 66.75, 68.25, 16, -1.32, 2000, 2000, 1473, 16016.25, 12191.25, 11306.25, 12422.50
4082, 1, 41.496403, -86.323547, 63.35, 68.29, 16, -2.24, 2000, 2000, 1455, 15742.50, 12270.00, 11466.25, 12537.50
4083, 1, 41.496405, -86.323540, 65.95, 68.24, 16, -1.12, 2000, 2000, 1477, 16148.75, 12218.75, 11363.75, 12511.25
4084, 1, 41.496407, -86.323532, 65.33, 68.18, 16, -1.20, 2000, 2000, 1475, 16006.25, 12250.00, 11313.75, 12457.50
4085, 1, 41.496408, -86.323524, 65.24, 68.12, 16, -1.74, 2000, 2000, 1465, 15943.75, 12246.25, 11413.75, 12497.50
4086, 1, 41.496412, -86.323517, 66.27, 68.22, 16, -1.84, 2000, 2000, 1463, 16395.00, 12277.50, 11426.25, 12506.25
4087, 1, 41.496414, -86.323509, 67.08, 68.16, 16, -2.50, 2000, 2000, 1449, 15563.75, 12271.25, 11355.00, 12503.75
4088, 1, 41.496416, -86.323502, 69.33, 68.10, 16, -3.07, 2000, 2000, 1438, 15812.50, 12261.25, 11342.50, 12467.50
4089, 1, 41.496418, -86.323494, 68.28, 68.04, 16, -5.18, 2000, 2000, 1396, 15510.00, 12227.50, 11431.25, 12507.50
4090, 1, 41.496420, -86.323486, 69.20, 67.98, 16, -6.07, 2000, 2000, 1378, 15596.25, 12212.50, 11442.50, 12515.00
4091, 1, 41.496420, -86.323479, 69.18, 67.75, 16, -6.00, 2000, 2000, 1380, 16443.75, 12265.00, 7751.25, 11930.00
4093, 1, 41.496422, -86.323471, 68.43, 67.68, 16, -5.93, 2000, 2000, 1381, 15953.75, 12305.00, 11460.00, 12537.50
4094, 1, 41.496424, -86.323463, 69.80, 67.61, 16, -6.38, 2000, 2000, 1372, 15617.50, 12240.00, 11371.25, 12471.25
4095, 1, 41.496426, -86.323456, 68.65, 67.54, 16, -7.19, 2000, 2000, 1356, 15858.75, 12260.00, 11443.75, 12471.25
4096, 1, 41.496429, -86.323433, 69.12, 67.15, 16, -6.11, 2000, 2000, 1377, 15315.00, 12245.00, 11382.50, 12513.75
4097, 1, 41.496429, -86.323425, 71.00, 66.89, 16, -6.14, 2000, 2000, 1377, 15407.50, 12247.50, 11293.75, 12393.75
4098, 1, 41.496431, -86.323418, 68.10, 66.80, 16, -6.54, 2000, 2000, 1369, 16245.00, 12260.00, 11400.00, 12492.50
4099, 1, 41.496433, -86.323410, 68.52, 66.72, 16, -5.06, 2000, 2000, 1398, 15941.25, 12280.00, 11358.75, 12437.50
4100, 1, 41.496435, -86.323402, 69.10, 66.63, 16, -5.48, 2000, 2000, 1390, 16151.25, 12206.25, 11325.00, 12443.75
4101, 1, 41.496437, -86.323395, 69.12, 66.54, 16, -6.80, 2000, 2000, 1363, 16631.25, 12278.75, 11458.75, 12452.50
4102, 1, 41.496439, -86.323387, 66.43, 66.45, 16, -6.10, 2000, 2000, 1378, 15440.00, 12158.75, 11407.50, 12526.25
4103, 1, 41.496441, -86.323380, 67.56, 66.36, 16, -6.26, 2000, 2000, 1374, 15391.25, 12215.00, 11400.00, 12522.50
4104, 1, 41.496443, -86.323372, 65.12, 66.26, 16, -6.01, 2000, 2000, 1379, 16251.25, 12268.75, 11323.75, 12522.50
4105, 1, 41.496445, -86.323364, 68.37, 66.16, 16, -5.08, 2000, 2000, 1398, 15435.00, 12182.50, 11348.75, 12438.75
4107, 1, 41.496447, -86.323357, 65.76, 66.06, 16, -4.66, 2000, 2000, 1406, 15737.50, 12222.50, 11455.00, 12486.25
4108, 1, 41.496449, -86.323341, 63.38, 65.64, 16, -5.36, 2000, 2000, 1392, 15420.00, 12268.75, 11316.25, 12448.75
4109, 1, 41.496450, -86.323334, 64.47, 65.53, 16, -4.98, 2000, 2000, 1400, 15660.00, 12181.25, 11337.50, 12481.25
4110, 1, 41.496452, -86.323326, 66.27, 65.41, 16, -4.14, 2000, 2000, 1417, 15953.75, 12230.00, 11346.25, 12395.00
4111, 1, 41.496458, -86.323311, 63.97, 65.39, 16, -4.25, 2000, 2000, 1415, 15470.00, 12185.00, 11323.75, 12411.25
4112, 1, 41.496460, -86.323303, 65.29, 65.26, 16, -3.77, 2000, 2000, 1424, 15775.00, 12221.25, 11390.00, 12453.75
4113, 1, 41.496462, -86.323296, 64.30, 65.14, 16, -4.51, 2000, 2000, 1409, 15657.50, 12237.50, 11385.00, 12397.50
4114, 1, 41.496466, -86.323288, 65.64, 65.23, 16, -4.32, 2000, 2000, 1413, 16188.75, 12260.00, 11352.50, 12393.75
4115, 1, 41.496468, -86.323280, 65.32, 65.10, 16, -3.56, 2000, 2000, 1428, 15078.75, 12201.25, 11370.00, 12432.50
4116, 1, 41.496469, -86.323273, 63.83, 64.96, 16, -4.06, 2000, 2000, 1418, 15777.50, 12191.25, 11356.25, 12448.75
4117, 1, 41.496473, -86.323265, 63.20, 65.06, 16, -4.42, 2000, 2000, 1411, 15885.00, 12256.25, 11317.50, 12491.25
4118, 1, 41.496475, -86.323257, 62.49, 64.92, 16, -3.72, 2000, 2000, 1425, 16210.00, 12215.00, 11420.00, 12457.50
4119, 1, 41.496477, -86.323250, 64.82, 64.77, 16, -4.56, 2000, 2000, 1408, 16550.00, 12265.00, 11353.75, 12431.25
4120, 1, 41.496479, -86.323242, 64.62, 64.62, 16, -4.75, 2000, 2000, 1405, 15981.25, 12173.75, 11370.00, 12486.25
4121, 1, 41.496481, -86.323235, 65.14, 64.46, 16, -4.88, 2000, 2000, 1402, 15978.75, 12247.50, 11378.75, 12478.75
4122, 1, 41.496485, -86.323227, 64.50, 64.56, 16, -4.53, 2000, 2000, 1409, 15805.00, 12273.75, 11388.75, 12470.00
4123, 1, 41.496487, -86.323219, 66.27, 64.39, 16, -5.58, 2000, 2000, 1388, 15758.75, 12227.50, 11336.25, 12458.75
4124, 1, 41.496489, -86.323212, 64.97, 64.22, 16, -5.82, 2000, 2000, 1383, 15700.00, 12262.50, 11373.75, 12422.50
4125, 1, 41.496492, -86.323204, 64.90, 64.32, 16, -5.91, 2000, 2000, 1381, 15956.25, 12197.50, 11362.50, 12486.25
4126, 1, 41.496494, -86.323196, 64.84, 64.14, 16, -6.06, 2000, 2000, 1378, 15687.50, 12280.00, 11297.50, 12488.75
4128, 1, 41.496496, -86.323189, 68.49, 63.96, 16, -5.50, 2000, 2000, 1390, 15362.50, 12220.00, 11311.25, 12476.25
4129, 1, 41.496500, -86.323181, 66.11, 64.05, 16, -6.12, 2000, 2000, 1377, 15881.25, 12180.00, 11365.00, 12456.25
4130, 1, 41.496502, -86.323174, 66.75, 63.86, 16, -6.16, 2000, 2000, 1376, 15418.75, 12168.75, 11362.50, 12506.25
4131, 1, 41.496504, -86.323166, 65.94, 63.66, 16, -6.44, 2000, 2000, 1371, 15858.75, 12183.75, 11371.25, 12471.25
4132, 1, 41.496506, -86.323158, 63.98, 63.45, 16, -5.94, 2000, 2000, 1381, 16187.50, 12231.25, 11365.00, 12465.00
4133, 1, 41.496510, -86.323143, 63.43, 63.00, 16, -6.80, 2000, 2000, 1364, 15710.00, 12196.25, 11432.50, 12432.50
4134, 1, 41.496511, -86.323135, 63.98, 62.76, 16, -7.00, 2000, 2000, 1359, 15858.75, 12221.25, 11405.00, 12383.75
4135, 1, 41.496513, -86.323128, 64.30, 62.51, 16, -7.23, 2000, 2000, 1355, 15348.75, 12173.75, 11338.75, 12526.25
4136, 1, 41.496515, -86.323120, 63.34, 62.24, 16, -6.82, 2000, 2000, 1363, 15985.00, 12235.00, 11348.75, 12413.75
4137, 1, 41.496515, -86.323112, 64.57, 61.63, 16, -7.23, 2000, 2000, 1355, 15842.50, 12223.75, 11303.75, 12398.75
4138, 1, 41.496519, -86.323105, 61.90, 61.68, 16, -7.15, 2000, 2000, 1357, 15367.50, 12161.25, 11327.50, 12393.75
4139, 1, 41.496519, -86.323097, 61.77, 61.02, 16, -6.39, 2000, 2000, 1372, 15941.25, 12271.25, 11346.25, 12513.75
4140, 1, 41.496521, -86.323090, 62.45, 60.70, 16, -6.40, 2000, 2000, 1372, 15800.00, 12226.25, 11330.00, 12457.50
4141, 1, 41.496525, -86.323082, 63.25, 60.73, 16, -7.03, 2000, 2000, 1359, 16100.00, 12215.00, 11330.00, 12402.50
4142, 1, 41.496527, -86.323067, 64.74, 59.61, 16, -6.72, 2000, 2000, 1365, 16020.00, 12245.00, 11311.25, 12470.00
4143, 1, 41.496529, -86.323059, 60.27, 59.21, 16, -6.79, 2000, 2000, 1364, 16283.75, 12270.00, 11336.25, 12485.00
4144, 1, 41.496531, -86.323051, 61.65, 58.79, 16, -7.01, 2000, 2000, 1359, 16423.75, 12261.25, 11327.50, 12452.50
4145, 1, 41.496534, -86.323044, 59.50, 58.76, 16, -7.79, 2000, 2000, 1344, 15470.00, 12177.50, 11323.75, 12415.00
4146, 1, 41.496536, -86.323036, 57.20, 58.29, 16, -7.46, 2000, 2000, 1350, 15497.50, 12216.25, 11298.75, 12502.50
4147, 1, 41.496540, -86.323029, 61.13, 58.24, 16, -6.52, 2000, 2000, 1369, 15920.00, 12215.00, 11286.25, 12496.25
4149, 1, 41.496544, -86.323021, 61.29, 58.19, 16, -7.42, 2000, 2000, 1351, 15768.75, 12122.50, 11333.75, 12463.75
4150, 1, 41.496546, -86.323013, 61.14, 57.65, 16, -7.47, 2000, 2000, 1350, 15333.75, 12261.25, 11281.25, 12517.50
4151, 1, 41.496548, -86.323006, 59.00, 57.08, 16, -7.70, 2000, 2000, 1346, 15700.00, 12176.25, 11337.50, 12380.00
4152, 1, 41.496553, -86.322990, 57.77, 56.32, 16, -6.83, 2000, 2000, 1363, 16242.50, 12195.00, 11278.75, 12428.75
4153, 1, 41.496555, -86.322983, 57.45, 55.62, 16, -7.57, 2000, 2000, 1348, 16055.00, 12167.50, 11300.00, 12387.50
4154, 1, 41.496557, -86.322975, 55.77, 54.87, 16, -7.65, 2000, 2000, 1347, 16112.50, 12286.25, 11245.00, 12485.00
4155, 1, 41.496561, -86.322968, 56.33, 54.63, 16, -7.15, 2000, 2000, 1356, 16333.75, 12233.75, 11276.25, 12440.00
4156, 1, 41.496565, -86.322960, 56.11, 54.37, 16, -7.61, 2000, 2000, 1347, 15651.25, 12273.75, 11248.75, 12463.75
4157, 1, 41.496569, -86.322952, 53.72, 54.08, 16, -7.28, 2000, 2000, 1354, 15941.25, 12222.50, 11268.75, 12462.50
4158, 1, 41.496572, -86.322952, 52.85, 55.40, 16, -5.73, 2000, 2000, 1385, 16396.25, 12213.75, 11246.25, 12382.50
4159, 1, 41.496574, -86.322945, 52.68, 54.45, 16, -4.80, 2000, 2000, 1404, 15487.50, 12181.25, 11232.50, 12465.00
4161, 1, 41.496578, -86.322937, 54.16, 54.12, 16, -5.42, 2000, 2000, 1391, 15838.75, 12262.50, 11222.50, 12446.25
4162, 1, 41.496582, -86.322929, 51.17, 53.76, 16, -5.73, 2000, 2000, 1385, 15532.50, 12206.25, 11241.25, 12483.75
4163, 1, 41.496588, -86.322922, 49.65, 54.18, 16, -4.61, 2000, 2000, 1407, 15841.25, 12171.25, 11227.50, 12436.25
4164, 1, 41.496593, -86.322906, 49.95, 52.30, 16, -4.85, 2000, 2000, 1403, 15765.00, 12236.25, 11236.25, 12468.75
4165, 1, 41.496597, -86.322899, 48.93, 51.63, 16, -4.91, 2000, 2000, 1401, 15670.00, 12136.25, 11192.50, 12381.25
4166, 1, 41.496603, -86.322891, 49.47, 51.98, 16, -5.30, 2000, 2000, 1393, 15461.25, 12301.25, 11195.00, 12515.00
4167, 1, 41.496607, -86.322884, 49.92, 51.12, 16, -4.39, 2000, 2000, 1412, 16002.50, 12280.00, 11218.75, 12493.75
4168, 1, 41.496611, -86.322876, 50.94, 50.05, 16, -5.44, 2000, 2000, 1391, 16630.00, 12281.25, 11220.00, 12405.00
4169, 1, 41.496614, -86.322868, 48.68, 48.67, 16, -6.60, 2000, 2000, 1367, 15638.75, 12175.00, 11207.50, 12466.25
4170, 1, 41.496618, -86.322861, 49.67, 46.83, 16, -8.07, 2000, 2000, 1338, 15441.25, 12142.50, 11191.25, 12490.00
4171, 1, 41.496622, -86.322853, 48.70, 44.26, 16, -10.26, 2000, 2000, 1294, 15630.00, 12223.75, 11183.75, 12368.75
4173, 1, 41.496626, -86.322845, 49.90, 40.45, 16, -13.16, 2000, 2000, 1236, 15587.50, 12155.00, 11178.75, 12381.25
4174, 1, 41.496630, -86.322838, 47.27, 34.30, 16, -17.14, 2000, 2000, 1157, 15868.75, 12253.75, 11146.25, 12417.50
4175, 1, 41.496637, -86.322823, 42.47, 0.00, 16, -24.85, 2000, 2000, 1003, 15486.25, 12153.75, 11123.75, 12387.50
4176, 1, 41.496641, -86.322823, 36.47, 0.00, 16, -38.79, 2000, 2000, 724, 15513.75, 12191.25, 11105.00, 12472.50
4177, 1, 41.496645, -86.322815, 27.99, 300.39, 16, -43.23, 2000, 2000, 635, 16807.50, 12225.00, 11051.25, 12401.25
4178, 1, 41.496649, -86.322807, 20.53, 270.00, 16, -80.37, 1850, 2000, 500, 11741.25, 12611.25, 11046.25, 12871.25
4179, 1, 41.496653, -86.322800, 12.37, 258.94, 16, -100.00, 1675, 2000, 500, 10010.00, 12937.50, 11068.75, 13106.25
4180, 1, 41.496656, -86.322800, 4.20, 248.65, 16, -100.00, 1500, 2000, 500, 8465.00, 13042.50, 11108.75, 13312.50
4181, 1, 41.496660, -86.322792, 355.65, 246.26, 16, -100.00, 1350, 2000, 500, 9562.50, 13080.00, 11136.25, 13248.75
4182, 1, 41.496666, -86.322792, 346.05, 236.59, 16, -100.00, 1175, 2000, 500, 11477.50, 12738.75, 11162.50, 13000.00
4183, 1, 41.496668, -86.322784, 337.25, 239.61, 16, -100.00, 1000, 2000, 500, 15595.00, 12165.00, 11161.25, 12416.25
4184, 1, 41.496672, -86.322784, 327.82, 234.87, 16, -100.00, 1000, 2000, 500, 16233.75, 12122.50, 11126.25, 12455.00
4186, 1, 41.496674, -86.322792, 314.19, 226.38, 16, -100.00, 1000, 2000, 500, 16287.50, 12187.50, 11132.50, 12421.25
4187, 1, 41.496675, -86.322792, 299.20, 224.26, 16, -100.00, 1000, 2000, 500, 15225.00, 12196.25, 11173.75, 12483.75
4188, 1, 41.496675, -86.322792, 286.51, 224.26, 16, -100.00, 1000, 2000, 500, 16066.25, 12191.25, 11181.25, 12468.75
4189, 1, 41.496679, -86.322792, 271.16, 220.45, 16, -95.09, 1072, 2000, 500, 15018.75, 12293.75, 11226.25, 12490.00
4190, 1, 41.496679, -86.322792, 259.68, 220.45, 16, -88.28, 1217, 2000, 500, 11651.25, 12727.50, 11210.00, 12913.75
4191, 1, 41.496681, -86.322792, 246.15, 218.75, 16, -80.75, 1367, 2000, 500, 9258.75, 13020.00, 11233.75, 13233.75
4192, 1, 41.496681, -86.322792, 234.23, 218.75, 16, -73.40, 1520, 2000, 500, 9285.00, 13113.75, 11225.00, 13243.75
4193, 1, 41.496683, -86.322800, 223.16, 209.62, 16, -68.28, 1634, 2000, 500, 8968.75, 13065.00, 11280.00, 13260.00
4194, 1, 41.496681, -86.322800, 214.19, 211.04, 16, -64.44, 1692, 2000, 500, 9638.75, 13026.25, 11338.75, 13181.25
4195, 1, 41.496679, -86.322800, 199.68, 212.60, 16, -54.34, 1867, 2000, 500, 9383.75, 13138.75, 11378.75, 13255.00
4196, 1, 41.496677, -86.322800, 187.86, 214.30, 16, -42.07, 2000, 2000, 658, 9288.75, 13112.50, 11407.50, 13260.00
4197, 1, 41.496674, -86.322807, 173.62, 207.69, 16, -36.30, 2000, 2000, 773, 9197.50, 13042.50, 11466.25, 13213.75
4198, 1, 41.496672, -86.322807, 160.43, 209.62, 16, -21.90, 2000, 2000, 1061, 9741.25, 13103.75, 11456.25, 13273.75
4200, 1, 41.496668, -86.322807, 150.42, 214.30, 16, -7.15, 2000, 2000, 1357, 8765.00, 13202.50, 11480.00, 13348.75
4201, 1, 41.496664, -86.322807, 141.41, 220.45, 16, 5.68, 2000, 2000, 1613, 15965.00, 12177.50, 11496.25, 12425.00
4202, 1, 41.496660, -86.322800, 147.86, 239.61, 16, 22.45, 2000, 2000, 1949, 16983.75, 12266.25, 11490.00, 12457.50
4203, 1, 41.496655, -86.322792, 162.51, 257.60, 16, 21.86, 2000, 2000, 1937, 16477.50, 12201.25, 11430.00, 12502.50
4204, 1, 41.496651, -86.322784, 175.59, 266.64, 16, 25.69, 2000, 2000, 2013, 16475.00, 12258.75, 11421.25, 12396.25
4205, 1, 41.496643, -86.322777, 190.78, 278.34, 16, 24.69, 2000, 2000, 1993, 15572.50, 12282.50, 11398.75, 12508.75
4206, 1, 41.496637, -86.322777, 207.76, 286.34, 16, 27.97, 2000, 2000, 2059, 16412.50, 12253.75, 11350.00, 12450.00
4207, 1, 41.496630, -86.322777, 221.87, 296.04, 16, 26.56, 2000, 2000, 2031, 15887.50, 12267.50, 11290.00, 12461.25
4208, 1, 41.496624, -86.322777, 235.20, 302.43, 16, 26.98, 2000, 2000, 2039, 15527.50, 12220.00, 11251.25, 12473.75
4209, 1, 41.496620, -86.322777, 248.30, 306.24, 16, 22.80, 2000, 2000, 1956, 15718.75, 12181.25, 11217.50, 12433.75
4210, 1, 41.496614, -86.322784, 261.82, 316.55, 16, 23.20, 2000, 2000, 1963, 15353.75, 12228.75, 11230.00, 12453.75
4211, 1, 41.496611, -86.322792, 274.63, 325.70, 16, 21.37, 2000, 2000, 1927, 16002.50, 12201.25, 11230.00, 12440.00
4213, 1, 41.496609, -86.322800, 288.38, 334.02, 16, 19.80, 2000, 2000, 1896, 15015.00, 12197.50, 11146.25, 12440.00
4214, 1, 41.496609, -86.322807, 299.49, 342.00, 16, 19.46, 2000, 2000, 1889, 15465.00, 12186.25, 11221.25, 12435.00
4215, 1, 41.496609, -86.322815, 311.14, 350.77, 16, 17.90, 2000, 2000, 1857, 16070.00, 12273.75, 11167.50, 12523.75
4216, 1, 41.496611, -86.322830, 321.12, 9.68, 16, 19.39, 2000, 2000, 1887, 15843.75, 12245.00, 11120.00, 12488.75
4217, 1, 41.496614, -86.322838, 334.32, 20.75, 16, 20.31, 2000, 2000, 1906, 16442.50, 12253.75, 11145.00, 12462.50
4218, 1, 41.496618, -86.322845, 342.60, 32.60, 16, 24.64, 2000, 2000, 1992, 15515.00, 12253.75, 11171.25, 12433.75
4219, 1, 41.496624, -86.322845, 352.96, 38.21, 16, 26.99, 2000, 2000, 2039, 15987.50, 12185.00, 11138.75, 12466.25
4220, 1, 41.496630, -86.322853, 6.38, 53.76, 16, 30.82, 2000, 2000, 2116, 15296.25, 12182.50, 11098.75, 12376.25
4221, 1, 41.496635, -86.322853, 15.18, 62.84, 16, 35.12, 2000, 2000, 2202, 15593.75, 12266.25, 11058.75, 12380.00
4222, 1, 41.496643, -86.322853, 28.81, 77.60, 16, 39.76, 2000, 2000, 2295, 16365.00, 12133.75, 11047.50, 12298.75
4223, 1, 41.496649, -86.322853, 42.16, 90.00, 16, 42.52, 2000, 2000, 2350, 15481.25, 12233.75, 11107.50, 12413.75
4225, 1, 41.496655, -86.322845, 51.66, 106.34, 16, 46.47, 2000, 2000, 2429, 15412.50, 12242.50, 11238.75, 12526.25
4226, 1, 41.496660, -86.322845, 72.05, 120.39, 16, 48.46, 2000, 2000, 2469, 16066.25, 12297.50, 11381.25, 12488.75
4227, 1, 41.496666, -86.322838, 86.20, 142.84, 16, 57.04, 2000, 1875, 2500, 13020.00, 12656.25, 11490.00, 12873.75
4228, 1, 41.496674, -86.322830, 103.53, 165.30, 16, 49.13, 2000, 1987, 2482, 14996.25, 12412.50, 11505.00, 12646.25
4229, 1, 41.496674, -86.322823, 123.68, 180.00, 16, 50.79, 2000, 1965, 2500, 15147.50, 12418.75, 11501.25, 12643.75
4230, 1, 41.496674, -86.322823, 141.57, 180.00, 16, 50.91, 2000, 1967, 2500, 14658.75, 12362.50, 11450.00, 12518.75
4231, 1, 41.496672, -86.322815, 157.41, 195.87, 16, 42.38, 2000, 2000, 2347, 15907.50, 12137.50, 11445.00, 12431.25
4232, 1, 41.496670, -86.322807, 172.19, 211.80, 16, 43.97, 2000, 2000, 2379, 16182.50, 12145.00, 11418.75, 12478.75
4233, 1, 41.496666, -86.322807, 190.68, 217.16, 16, 44.06, 2000, 2000, 2381, 15446.25, 12247.50, 11367.50, 12477.50
4234, 1, 41.496660, -86.322800, 206.22, 239.61, 16, 49.48, 2000, 2000, 2489, 16972.50, 12133.75, 11347.50, 12333.75
4235, 1, 41.496656, -86.322800, 221.81, 248.65, 16, 46.58, 2000, 2000, 2431, 15963.75, 12216.25, 11260.00, 12473.75
4236, 1, 41.496653, -86.322800, 239.54, 258.94, 16, 44.55, 2000, 2000, 2390, 16456.25, 12232.50, 11212.50, 12401.25
4237, 1, 41.496647, -86.322800, 253.16, 275.58, 16, 44.91, 2000, 2000, 2398, 15663.75, 12156.25, 11196.25, 12398.75
4239, 1, 41.496643, -86.322807, 271.05, 293.74, 16, 48.10, 2000, 2000, 2461, 16260.00, 12318.75, 11231.25, 12540.00
4240, 1, 41.496639, -86.322807, 287.17, 306.24, 16, 47.19, 2000, 2000, 2443, 16201.25, 12192.50, 11192.50, 12397.50
4241, 1, 41.496639, -86.322815, 300.38, 325.70, 16, 49.75, 2000, 1988, 2495, 14895.00, 12302.50, 11143.75, 12448.75
4242, 1, 41.496637, -86.322830, 317.80, 29.62, 16, 65.36, 2000, 1850, 2500, 11728.75, 12746.25, 11111.25, 12862.50
4243, 1, 41.496639, -86.322838, 330.92, 53.76, 16, 80.95, 2000, 1700, 2500, 9581.25, 12976.25, 11113.75, 13178.75
4244, 1, 41.496643, -86.322845, 344.25, 73.66, 16, 94.08, 2000, 1525, 2500, 8441.25, 13122.50, 11141.25, 13331.25
4245, 1, 41.496645, -86.322845, 358.15, 78.94, 16, 100.00, 2000, 1350, 2500, 9047.50, 13062.50, 11120.00, 13245.00
4246, 1, 41.496651, -86.322853, 12.52, 94.19, 16, 100.00, 2000, 1200, 2500, 11721.25, 12751.25, 11060.00, 12896.25
4247, 1, 41.496655, -86.322853, 23.05, 102.40, 16, 100.00, 2000, 1025, 2500, 15817.50, 12195.00, 11016.25, 12451.25
4248, 1, 41.496658, -86.322853, 41.57, 110.13, 16, 100.00, 2000, 1000, 2500, 15935.00, 12165.00, 11096.25, 12447.50
4249, 1, 41.496664, -86.322853, 58.40, 120.39, 16, 100.00, 2000, 1000, 2500, 16612.50, 12263.75, 11282.50, 12448.75
4250, 1, 41.496668, -86.322853, 81.01, 126.24, 16, 93.65, 2000, 1117, 2500, 14146.25, 12440.00, 11437.50, 12656.25
4251, 1, 41.496672, -86.322853, 108.07, 131.33, 16, 81.37, 2000, 1292, 2500, 10606.25, 12913.75, 11423.75, 13102.50
4253, 1, 41.496675, -86.322845, 133.54, 143.84, 16, 72.80, 2000, 1442, 2500, 8908.75, 13140.00, 11465.00, 13353.75
4254, 1, 41.496677, -86.322845, 152.53, 145.70, 16, 55.49, 2000, 1617, 2500, 8503.75, 13132.50, 11430.00, 13363.75
4255, 1, 41.496677, -86.322838, 175.34, 155.55, 16, 47.08, 2000, 1792, 2441, 9383.75, 13056.25, 11386.25, 13235.00
4256, 1, 41.496674, -86.322830, 193.70, 165.30, 16, 40.71, 2000, 1942, 2314, 8825.00, 13175.00, 11347.50, 13291.25
4257, 1, 41.496668, -86.322830, 211.94, 161.17, 16, 23.83, 2000, 2000, 1976, 17235.00, 12158.75, 11305.00, 12367.50
4258, 1, 41.496664, -86.322823, 225.08, 180.00, 16, 14.25, 2000, 2000, 1785, 16713.75, 12216.25, 11265.00, 12391.25
4259, 1, 41.496660, -86.322830, 234.97, 150.38, 16, 4.88, 2000, 2000, 1597, 15433.75, 12356.25, 11215.00, 12598.75
4260, 1, 41.496656, -86.322830, 235.38, 139.55, 16, -22.64, 2000, 2000, 1047, 16993.75, 12122.50, 11213.75, 12420.00
4261, 1, 41.496653, -86.322838, 231.44, 106.34, 16, -47.45, 2000, 2000, 551, 15362.50, 12320.00, 11225.00, 12470.00
4262, 1, 41.496649, -86.322845, 220.06, 90.00, 16, -60.97, 1881, 2000, 500, 13237.50, 12580.00, 11265.00, 12790.00
4263, 1, 41.496645, -86.322853, 207.68, 81.66, 16, -100.00, 1706, 2000, 500, 10075.00, 12958.75, 11311.25, 13180.00
4264, 1, 41.496641, -86.322853, 192.54, 73.66, 16, -100.00, 1531, 2000, 500, 8693.75, 13056.25, 11367.50, 13315.00
4266, 1, 41.496635, -86.322861, 176.64, 67.68, 16, -100.00, 1381, 2000, 500, 9247.50, 13123.75, 11402.50, 13295.00
4267, 1, 41.496630, -86.322861, 162.94, 59.61, 16, -100.00, 1206, 2000, 500, 10671.25, 12848.75, 11423.75, 13060.00
4268, 1, 41.496622, -86.322861, 141.94, 50.62, 16, -100.00, 1031, 2000, 500, 15341.25, 12382.50, 11467.50, 12596.25
4269, 1, 41.496618, -86.322861, 120.54, 46.83, 16, -100.00, 1000, 2000, 500, 16310.00, 12273.75, 11532.50, 12548.75
4270, 1, 41.496616, -86.322861, 98.42, 45.09, 16, -100.00, 1000, 2000, 500, 16372.50, 12342.50, 11482.50, 12568.75
4271, 1, 41.496614, -86.322861, 73.96, 43.45, 16, -100.00, 1000, 2000, 500, 16275.00, 12185.00, 11416.25, 12415.00
4272, 1, 41.496613, -86.322853, 56.33, 35.68, 16, -100.00, 1000, 2000, 500, 16292.50, 12291.25, 11237.50, 12465.00
4273, 1, 41.496611, -86.322853, 39.51, 34.30, 16, -100.00, 1000, 2000, 500, 15411.25, 12208.75, 11035.00, 12511.25
4274, 1, 41.496611, -86.322853, 20.50, 34.30, 16, -90.21, 1142, 2000, 500, 13490.00, 12573.75, 11023.75, 12715.00
4275, 1, 41.496611, -86.322853, 5.41, 34.30, 16, -78.36, 1292, 2000, 500, 10313.75, 12962.50, 11070.00, 13168.75
4276, 1, 41.496611, -86.322845, 351.11, 27.09, 16, -70.27, 1467, 2000, 500, 9377.50, 13140.00, 11121.25, 13300.00
4278, 1, 41.496614, -86.322845, 337.51, 29.62, 16, -56.56, 1642, 2000, 500, 8670.00, 13116.25, 11158.75, 13278.75
4279, 1, 41.496616, -86.322845, 327.25, 31.04, 16, -44.75, 1792, 2000, 604, 11236.25, 12805.00, 11076.25, 13033.75
4280, 1, 41.496620, -86.322845, 312.10, 34.30, 16, -28.97, 1967, 2000, 920, 14313.75, 12343.75, 11096.25, 12581.25
4281, 1, 41.496628, -86.322853, 301.37, 51.12, 16, -13.43, 2000, 2000, 1231, 16455.00, 12202.50, 11113.75, 12381.25
4282, 1, 41.496630, -86.322861, 299.64, 59.61, 16, 3.06, 2000, 2000, 1561, 16322.50, 12210.00, 11113.75, 12433.75
4283, 1, 41.496634, -86.322868, 303.97, 68.65, 16, 13.72, 2000, 2000, 1774, 16040.00, 12236.25, 11163.75, 12456.25
4284, 1, 41.496634, -86.322876, 317.35, 71.47, 16, 19.40, 2000, 2000, 1888, 16155.00, 12228.75, 11166.25, 12440.00
4285, 1, 41.496637, -86.322884, 326.44, 77.60, 16, 20.82, 2000, 2000, 1916, 15461.25, 12276.25, 11111.25, 12540.00
4286, 1, 41.496641, -86.322891, 335.59, 82.58, 16, 22.12, 2000, 2000, 1942, 15950.00, 12223.75, 11167.50, 12453.75
4287, 1, 41.496647, -86.322899, 349.30, 88.32, 16, 23.03, 2000, 2000, 1960, 15987.50, 12128.75, 11147.50, 12383.75
4288, 1, 41.496653, -86.322899, 355.55, 93.36, 16, 23.32, 2000, 2000, 1966, 16497.50, 12245.00, 11103.75, 12491.25
4289, 1, 41.496658, -86.322906, 7.06, 97.59, 16, 22.46, 2000, 2000, 1949, 16000.00, 12251.25, 11091.25, 12426.25
4291, 1, 41.496666, -86.322906, 19.80, 103.49, 16, 22.99, 2000, 2000, 1959, 15375.00, 12206.25, 11035.00, 12503.75
4292, 1, 41.496674, -86.322906, 29.23, 109.11, 16, 23.47, 2000, 2000, 1969, 15585.00, 12192.50, 11006.25, 12483.75
4293, 1, 41.496687, -86.322899, 38.23, 120.39, 16, 22.59, 2000, 2000, 1951, 15761.25, 12255.00, 11057.50, 12475.00
4294, 1, 41.496695, -86.322899, 51.69, 125.13, 16, 21.93, 2000, 2000, 1938, 16258.75, 12180.00, 11160.00, 12515.00
4295, 0, 41.496700, -86.322891, 61.02, 125.13, 16, 22.41, 1900, 1900, 1500, 11520.00, 12796.25, 11255.00, 13018.75
4296, 0, 41.496704, -86.322884, 63.90, 125.13, 16, 22.41, 1725, 1725, 1500, 3521.25, 13786.25, 11253.75, 13906.25
4297, 0, 41.496708, -86.322876, 63.66, 125.13, 16, 22.41, 1550, 1550, 1500, 218.75, 14212.50, 11257.50, 14320.00
4298, 0, 41.496710, -86.322868, 66.27, 125.13, 16, 22.41, 1500, 1500, 1500, 146.25, 14237.50, 11265.00, 14340.00
4299, 0, 41.496714, -86.322868, 67.58, 125.13, 16, 22.41, 1500, 1500, 1500, 138.75, 14246.25, 11317.50, 14352.50
4300, 0, 41.496716, -86.322861, 69.95, 125.13, 16, 22.41, 1500, 1500, 1500, 207.50, 14248.75, 11282.50, 14353.75
4302, 0, 41.496719, -86.322861, 70.93, 125.13, 16, 22.41, 1500, 1500, 1520, 318.75, 14240.00, 11312.50, 14350.00
4303, 0, 41.496725, -86.322853, 83.37, 125.13, 16, 22.41, 1500, 1500, 1520, 141.25, 13296.25, 10.00, 13291.25
4304, 0, 41.496727, -86.322853, 76.17, 125.13, 16, 22.41, 1525, 1525, 1500, 136.25, 14083.75, 1887.50, 13336.25
4305, 0, 41.496729, -86.322853, 74.34, 125.13, 16, 22.41, 1500, 1500, 1500, 161.25, 14275.00, 11332.50, 14380.00
4306, 0, 41.496729, -86.322845, 78.06, 125.13, 16, 22.41, 1325, 1675, 500, 1862.50, 14062.50, 11372.50, 14185.00
4307, 0, 41.496731, -86.322845, 76.49, 125.13, 16, 22.41, 1150, 1850, 500, 8276.25, 13208.75, 11342.50, 13397.50
4308, 0, 41.496731, -86.322845, 65.33, 125.13, 16, 22.41, 1000, 2000, 500, 17453.75, 12195.00, 11278.75, 12458.75
4309, 0, 41.496731, -86.322845, 51.86, 125.13, 16, 22.41, 1000, 2000, 500, 17401.25, 12212.50, 11122.50, 12447.50
4311, 0, 41.496731, -86.322838, 34.20, 125.13, 16, 22.41, 1000, 2000, 500, 16301.25, 12073.75, 10996.25, 12440.00
4312, 0, 41.496731, -86.322838, 21.19, 125.13, 16, 22.41, 1000, 2000, 500, 16526.25, 12140.00, 11003.75, 12445.00
4313, 0, 41.496731, -86.322838, 7.66, 125.13, 16, 22.41, 1000, 2000, 500, 16790.00, 12183.75, 11052.50, 12413.75
4314, 0, 41.496733, -86.322830, 351.59, 125.13, 16, 22.41, 1000, 2000, 500, 15872.50, 12227.50, 11110.00, 12475.00
4315, 0, 41.496733, -86.322823, 338.38, 125.13, 16, 22.41, 1000, 2000, 500, 15925.00, 12185.00, 11150.00, 12382.50
4316, 0, 41.496733, -86.322823, 327.50, 125.13, 16, 22.41, 1000, 2000, 500, 15742.50, 12185.00, 10993.75, 12475.00
4317, 0, 41.496731, -86.322815, 313.84, 125.13, 16, 22.41, 1000, 2000, 500, 16392.50, 12157.50, 11076.25, 12411.25
4318, 0, 41.496731, -86.322815, 307.28, 125.13, 16, 22.41, 1000, 2000, 500, 16070.00, 12220.00, 11158.75, 12423.75
4320, 0, 41.496733, -86.322815, 293.54, 125.13, 16, 22.41, 1100, 2000, 500, 14513.75, 12358.75, 11103.75, 12591.25
4321, 0, 41.496733, -86.322815, 286.41, 125.13, 16, 22.41, 1275, 2000, 500, 10518.75, 12920.00, 11196.25, 13096.25
4322, 0, 41.496735, -86.322815, 276.27, 125.13, 16, 22.41, 1450, 2000, 1500, 9003.75, 13158.75, 11112.50, 13276.25
4323, 0, 41.496735, -86.322815, 265.12, 125.13, 16, 22.41, 1500, 2000, 500, 8892.50, 13063.75, 11158.75, 13300.00
4324, 0, 41.496735, -86.322815, 257.50, 125.13, 16, 22.41, 1525, 2000, 500, 9347.50, 13108.75, 11157.50, 13272.50
4325, 0, 41.496735, -86.322823, 244.44, 125.13, 16, 22.41, 1500, 2000, 500, 8472.50, 13195.00, 11160.00, 13272.50
4326, 0, 41.496735, -86.322823, 237.09, 125.13, 16, 22.41, 1675, 2000, 1500, 9561.25, 13100.00, 11180.00, 13207.50
4327, 0, 41.496733, -86.322830, 232.83, 125.13, 16, 22.41, 1850, 2000, 1500, 11835.00, 12870.00, 11185.00, 13066.25
4329, 0, 41.496733, -86.322830, 233.71, 125.13, 16, 22.41, 2000, 2000, 1500, 15570.00, 12218.75, 11186.25, 12503.75
4330, 0, 41.496725, -86.322838, 233.42, 125.13, 16, 22.41, 2000, 2000, 1500, 15823.75, 12203.75, 11186.25, 12470.00
4331, 0, 41.496717, -86.322845, 237.17, 125.13, 16, 22.41, 1875, 2000, 500, 13065.00, 12645.00, 11156.25, 12816.25
4332, 0, 41.496717, -86.322845, 222.82, 125.13, 16, 22.41, 1700, 2000, 500, 9706.25, 12932.50, 11232.50, 13176.25
4333, 0, 41.496710, -86.322861, 213.14, 125.13, 16, 22.41, 1525, 2000, 500, 9068.75, 13147.50, 11288.75, 13325.00
4334, 0, 41.496706, -86.322861, 197.69, 125.13, 16, 22.41, 1535, 2000, 1500, 10201.25, 12980.00, 11340.00, 13126.25
4335, 0, 41.496702, -86.322861, 189.84, 125.13, 16, 22.41, 1710, 2000, 960, 12232.50, 12737.50, 11352.50, 12945.00
4337, 0, 41.496696, -86.322868, 178.52, 125.13, 16, 22.41, 1635, 2000, 1500, 10840.00, 12897.50, 11381.25, 13096.25
4338, 0, 41.496693, -86.322868, 171.41, 125.13, 16, 22.41, 1810, 2000, 1500, 11107.50, 12918.75, 11378.75, 13033.75
4339, 0, 41.496683, -86.322861, 169.07, 125.13, 16, 22.41, 1985, 2000, 1500, 15112.50, 12396.25, 11361.25, 12581.25
4340, 0, 41.496677, -86.322861, 172.45, 125.13, 16, 22.41, 2000, 2000, 1500, 16275.00, 12266.25, 11366.25, 12433.75
4341, 0, 41.496672, -86.322853, 173.25, 125.13, 16, 22.41, 2000, 2000, 1500, 15971.25, 12288.75, 11368.75, 12548.75
4342, 0, 41.496672, -86.322853, 174.91, 125.13, 16, 22.41, 2000, 2000, 1500, 15603.75, 12216.25, 11367.50, 12450.00
4343, 0, 41.496658, -86.322853, 176.11, 125.13, 16, 22.41, 2000, 2000, 1500, 16096.25, 12271.25, 11390.00, 12498.75
4344, 0, 41.496653, -86.322853, 176.73, 125.13, 16, 22.41, 2000, 2000, 1500, 15470.00, 12201.25, 11365.00, 12462.50
4346, 0, 41.496645, -86.322845, 177.79, 125.13, 16, 22.41, 2000, 2000, 1500, 15670.00, 12246.25, 11395.00, 12487.50
4347, 0, 41.496639, -86.322845, 179.49, 125.13, 16, 22.41, 2000, 2000, 1500, 15812.50, 12251.25, 11352.50, 12537.50
4348, 0, 41.496632, -86.322845, 182.31, 125.13, 16, 22.41, 2000, 2000, 1500, 16018.75, 12252.50, 11365.00, 12528.75
4349, 0, 41.496618, -86.322845, 185.41, 125.13, 16, 22.41, 2000, 2000, 780, 16932.50, 11930.00, 11372.50, 12295.00
4350, 0, 41.496613, -86.322845, 174.77, 125.13, 16, 22.41, 1825, 2000, 500, 12417.50, 12738.75, 11397.50, 12875.00
4351, 0, 41.496605, -86.322845, 166.54, 125.13, 16, 22.41, 2000, 2000, 1500, 15313.75, 12306.25, 11401.25, 12540.00
4352, 0, 41.496599, -86.322838, 166.99, 125.13, 16, 22.41, 2000, 2000, 1500, 15907.50, 12181.25, 11417.50, 12490.00
4354, 0, 41.496593, -86.322838, 165.97, 125.13, 16, 22.41, 2000, 2000, 1500, 15531.25, 12222.50, 11390.00, 12541.25
4355, 0, 41.496588, -86.322838, 167.62, 125.13, 16, 22.41, 2000, 2000, 1500, 15380.00, 12248.75, 11390.00, 12471.25
4356, 0, 41.496574, -86.322830, 169.53, 125.13, 16, 22.41, 2000, 2000, 1500, 16310.00, 12306.25, 11362.50, 12421.25
4357, 0, 41.496569, -86.322830, 170.15, 125.13, 16, 22.41, 2000, 2000, 1500, 15983.75, 12248.75, 11378.75, 12503.75
4358, 0, 41.496561, -86.322823, 172.57, 125.13, 16, 22.41, 2000, 2000, 1500, 15363.75, 12282.50, 11372.50, 12432.50
4359, 0, 41.496553, -86.322823, 173.55, 125.13, 16, 22.41, 2000, 2000, 1500, 15670.00, 12338.75, 11373.75, 12493.75
4360, 0, 41.496548, -86.322823, 172.30, 125.13, 16, 22.41, 2000, 2000, 1500, 16023.75, 12227.50, 11383.75, 12490.00
4362, 0, 41.496542, -86.322815, 174.70, 125.13, 16, 22.41, 2000, 2000, 1500, 16405.00, 12295.00, 11377.50, 12415.00
4363, 0, 41.496534, -86.322815, 175.60, 125.13, 16, 22.41, 2000, 2000, 1500, 15617.50, 12240.00, 11381.25, 12538.75
4364, 0, 41.496529, -86.322815, 177.38, 125.13, 16, 22.41, 2000, 2000, 1220, 17135.00, 12005.00, 11376.25, 12345.00
4365, 0, 41.496521, -86.322815, 170.05, 125.13, 16, 22.41, 1825, 2000, 500, 11800.00, 12681.25, 11390.00, 12892.50
4366, 0, 41.496508, -86.322807, 158.49, 125.13, 16, 22.41, 1950, 2000, 1500, 14540.00, 12523.75, 11430.00, 12655.00
4367, 0, 41.496502, -86.322807, 159.51, 125.13, 16, 22.41, 2000, 2000, 1500, 15921.25, 12291.25, 11408.75, 12468.75
4368, 0, 41.496498, -86.322807, 149.12, 125.13, 16, 22.41, 1975, 2000, 1500, 15185.00, 12417.50, 11466.25, 12598.75
4370, 0, 41.496490, -86.322800, 145.06, 125.13, 16, 22.41, 2000, 2000, 1500, 15812.50, 12276.25, 11405.00, 12485.00
4371, 0, 41.496485, -86.322792, 147.30, 125.13, 16, 22.41, 2000, 2000, 1500, 15716.25, 12272.50, 11450.00, 12538.75
4372, 0, 41.496475, -86.322784, 146.85, 125.13, 16, 22.41, 2000, 2000, 1500, 15537.50, 12206.25, 11400.00, 12517.50
4373, 0, 41.496469, -86.322777, 145.56, 125.13, 16, 22.41, 1900, 2000, 500, 13805.00, 12475.00, 11450.00, 12743.75
4374, 0, 41.496464, -86.322769, 136.46, 125.13, 16, 22.41, 1975, 2000, 500, 16835.00, 12018.75, 11416.25, 12275.00
4375, 0, 41.496458, -86.322769, 121.53, 125.13, 16, 22.41, 1800, 2000, 500, 11853.75, 12770.00, 11487.50, 12911.25
4376, 0, 41.496452, -86.322762, 114.11, 125.13, 16, 22.41, 1925, 2000, 1500, 13137.50, 12537.50, 11471.25, 12816.25
4378, 0, 41.496452, -86.322762, 102.22, 125.13, 16, 22.41, 1760, 2000, 500, 11116.25, 12868.75, 11431.25, 13022.50
4379, 0, 41.496443, -86.322746, 88.51, 125.13, 16, 22.41, 1885, 2000, 1500, 12683.75, 12637.50, 11446.25, 12883.75
4380, 0, 41.496443, -86.322739, 85.61, 125.13, 16, 22.41, 2000, 2000, 1500, 15738.75, 12186.25, 11390.00, 12458.75
4381, 0, 41.496443, -86.322731, 86.83, 125.13, 16, 22.41, 2000, 2000, 1500, 16207.50, 12282.50, 11442.50, 12457.50
4382, 0, 41.496445, -86.322723, 85.90, 125.13, 16, 22.41, 2000, 2000, 1500, 16192.50, 12251.25, 11398.75, 12467.50
4383, 0, 41.496445, -86.322716, 87.00, 125.13, 16, 22.41, 1950, 2000, 500, 15977.50, 12308.75, 11360.00, 12482.50
4385, 0, 41.496445, -86.322708, 83.37, 125.13, 16, 22.41, 2000, 2000, 1500, 15736.25, 12233.75, 11335.00, 12471.25
4386, 0, 41.496445, -86.322693, 87.00, 125.13, 16, 22.41, 2000, 2000, 1500, 15552.50, 12268.75, 11462.50, 12493.75
4387, 0, 41.496445, -86.322685, 81.56, 125.13, 16, 22.41, 1950, 2000, 500, 15631.25, 12318.75, 11463.75, 12532.50
4388, 0, 41.496445, -86.322678, 74.10, 125.13, 16, 22.41, 1875, 2000, 1500, 12485.00, 12563.75, 11346.25, 12817.50
4389, 0, 41.496445, -86.322662, 67.60, 125.13, 16, 22.41, 2000, 2000, 1500, 15838.75, 12217.50, 11296.25, 12493.75
4390, 0, 41.496447, -86.322655, 69.90, 125.13, 16, 22.41, 1925, 2000, 500, 14196.25, 12410.00, 11288.75, 12652.50
4391, 0, 41.496447, -86.322647, 61.29, 125.13, 16, 22.41, 2000, 2000, 1500, 15510.00, 12268.75, 11250.00, 12430.00
4393, 0, 41.496449, -86.322639, 62.40, 125.13, 16, 22.41, 2000, 2000, 1160, 17647.50, 12122.50, 11286.25, 12251.25
4394, 0, 41.496450, -86.322632, 58.51, 125.13, 16, 22.41, 2000, 2000, 1500, 15643.75, 12223.75, 11223.75, 12443.75
4395, 0, 41.496456, -86.322617, 59.59, 125.13, 16, 22.41, 2000, 2000, 1500, 15857.50, 12187.50, 11245.00, 12470.00
4396, 0, 41.496460, -86.322609, 61.31, 125.13, 16, 22.41, 1975, 2000, 500, 16887.50, 12077.50, 11216.25, 12162.50
4397, 0, 41.496464, -86.322601, 54.49, 125.13, 16, 22.41, 2000, 2000, 1500, 15412.50, 12236.25, 11202.50, 12403.75
4398, 0, 41.496466, -86.322594, 56.73, 125.13, 16, 22.41, 2000, 2000, 1500, 15695.00, 12218.75, 11158.75, 12457.50
4399, 0, 41.496471, -86.322586, 53.30, 125.13, 16, 22.41, 1975, 2000, 1500, 15161.25, 12302.50, 11155.00, 12548.75
4400, 0, 41.496473, -86.322578, 49.22, 125.13, 16, 22.41, 2000, 2000, 1500, 15182.50, 12242.50, 11152.50, 12472.50
4401, 0, 41.496477, -86.322571, 50.89, 125.13, 16, 22.41, 2000, 1975, 2500, 16312.50, 12220.00, 11151.25, 12473.75
4403, 0, 41.496481, -86.322571, 60.49, 125.13, 16, 22.41, 2000, 1975, 2500, 14873.75, 12308.75, 11248.75, 12567.50
4404, 0, 41.496485, -86.322563, 68.22, 125.13, 16, 22.41, 1900, 1900, 1520, 11505.00, 12858.75, 11316.25, 12971.25
4405, 0, 41.496490, -86.322548, 70.30, 125.13, 16, 22.41, 1725, 1725, 1520, 3500.00, 13777.50, 11318.75, 13907.50
4406, 0, 41.496492, -86.322540, 72.62, 125.13, 16, 22.41, 1600, 1600, 1520, 2107.50, 13903.75, 11321.25, 14042.50
4407, 0, 41.496494, -86.322533, 80.36, 125.13, 16, 22.41, 1450, 1550, 500, 347.50, 14098.75, 11376.25, 13915.00
4408, 0, 41.496492, -86.322533, 80.65, 125.13, 16, 22.41, 1425, 1575, 1360, 1561.25, 14053.75, 11345.00, 14187.50
4409, 0, 41.496492, -86.322525, 82.23, 125.13, 16, 22.41, 1500, 1500, 1500, 161.25, 14258.75, 11392.50, 14365.00
4410, 0, 41.496492, -86.322525, 80.23, 125.13, 16, 22.41, 1500, 1500, 1500, 152.50, 14263.75, 11377.50, 14370.00
4411, 0, 41.496494, -86.322525, 81.11, 125.13, 16, 22.41, 1500, 1500, 1500, 147.50, 14268.75, 11352.50, 14375.00
4412, 0, 41.496492, -86.322525, 84.01, 125.13, 16, 22.41, 1500, 1500, 1500, 146.25, 14273.75, 11348.75, 14382.50
4414, 0, 41.496492, -86.322525, 85.95, 125.13, 16, 22.41, 1500, 1500, 1500, 148.75, 14277.50, 11326.25, 14387.50
4415, 0, 41.496492, -86.322525, 86.60, 125.13, 16, 22.41, 1500, 1500, 1500, 165.00, 14283.75, 11323.75, 14392.50
4416, 0, 41.496490, -86.322517, 89.78, 125.13, 16, 22.41, 1500, 1500, 1500, 230.00, 14291.25, 11371.25, 14400.00
4417, 0, 41.496490, -86.322517, 87.23, 125.13, 16, 22.41, 1500, 1500, 1500, 152.50, 14272.50, 11375.00, 14357.50
4418, 0, 41.496489, -86.322517, 97.44, 125.13, 16, 22.41, 1500, 1500, 1500, 385.00, 13265.00, 8.75, 13261.25
4419, 0, 41.496489, -86.322517, 87.90, 125.13, 16, 22.41, 1500, 1500, 1500, 297.50, 14302.50, 11367.50, 14415.00
4420, 0, 41.496489, -86.322517, 91.06, 125.13, 16, 22.41, 1500, 1500, 1500, 160.00, 14317.50, 11407.50, 14423.75
4421, 0, 41.496489, -86.322517, 89.13, 125.13, 16, 22.41, 1500, 1500, 1500, 156.25, 14315.00, 11371.25, 14425.00
4422, 0, 41.496487, -86.322517, 90.59, 125.13, 16, 22.41, 1500, 1500, 1500, 148.75, 14320.00, 11362.50, 14426.25
4424, 0, 41.496487, -86.322517, 91.43, 125.13, 16, 22.41, 1500, 1500, 1500, 146.25, 14331.25, 11396.25, 14438.75
4425, 0, 41.496487, -86.322517, 90.28, 125.13, 16, 22.41, 1500, 1500, 1500, 160.00, 14333.75, 11371.25, 14441.25
4426, 0, 41.496487, -86.322517, 89.45, 125.13, 16, 22.41, 1500, 1500, 1520, 496.25, 14298.75, 9843.75, 13508.75
4427, 0, 41.496487, -86.322517, 100.67, 125.13, 16, 22.41, 1500, 1500, 1500, 262.50, 14336.25, 11377.50, 14443.75
4428, 0, 41.496485, -86.322525, 100.72, 125.13, 16, 22.41, 1500, 1500, 1500, 95.00, 13348.75, 8.75, 13393.75
4429, 0, 41.496485, -86.322525, 89.87, 125.13, 16, 22.41, 1500, 1500, 1500, 148.75, 14350.00, 11306.25, 14461.25
4430, 0, 41.496487, -86.322525, 88.54, 125.13, 16, 22.41, 1500, 1500, 1500, 156.25, 14362.50, 11335.00, 14468.75
4431, 0, 41.496487, -86.322525, 88.29, 125.13, 16, 22.41, 1500, 1500, 1500, 150.00, 14363.75, 11356.25, 14472.50
4432, 0, 41.496487, -86.322525, 89.87, 125.13, 16, 22.41, 1500, 1500, 1500, 156.25, 14031.25, 7685.00, 14105.00
4433, 0, 41.496487, -86.322525, 91.06, 125.13, 16, 22.41, 1500, 1500, 1500, 152.50, 13935.00, 6630.00, 13996.25
8, 1, 0.000000, 0.000000, 0.00, 0.00, 1, 0.00, 1500, 1500, 1500, 163.75, 13300.00, 1.25, 13301.25
9, 0, 0.000000, 0.000000, 26.24, 0.00, 1, 0.00, 1500, 1500, 1500, 172.50, 13302.50, 0.00, 13298.75
10, 0, 0.000000, 0.000000, 26.93, 0.00, 1, 0.00, 1500, 1500, 1500, 167.50, 13301.25, 0.00, 13296.25
11, 0, 0.000000, 0.000000, 29.91, 0.00, 1, 0.00, 1500, 1500, 1500, 162.50, 13300.00, 0.00, 13297.50
12, 0, 0.000000, 0.000000, 26.31, 0.00, 1, 0.00, 1500, 1500, 1500, 162.50, 13300.00, 0.00, 13297.50
13, 0, 0.000000, 0.000000, 26.07, 0.00, 1, 0.00, 1500, 1500, 1500, 165.00, 13302.50, 0.00, 13297.50
14, 0, 0.000000, 0.000000, 27.89, 0.00, 1, 0.00, 1500, 1500, 1500, 173.75, 13301.25, 0.00, 13296.25
15, 0, 0.000000, 0.000000, 30.12, 0.00, 1, 0.00, 1500, 1500, 1500, 161.25, 13300.00, 0.00, 13297.50
16, 0, 0.000000, 0.000000, 29.50, 0.00, 1, 0.00, 1500, 1500, 1500, 193.75, 13301.25, 0.00, 13297.50
17, 0, 0.000000, 0.000000, 27.34, 0.00, 1, 0.00, 1500, 1500, 1500, 161.25, 13300.00, 0.00, 13297.50
19, 0, 0.000000, 0.000000, 26.89, 0.00, 1, 0.00, 1500, 1500, 1500, 166.25, 13303.75, 0.00, 13298.75
20, 0, 0.000000, 0.000000, 30.54, 0.00, 1, 0.00, 1500, 1500, 1500, 156.25, 13298.75, 1.25, 13296.25
21, 0, 0.000000, 0.000000, 27.13, 0.00, 1, 0.00, 1500, 1500, 1500, 173.75, 13277.50, 0.00, 13275.00
22, 0, 0.000000, 0.000000, 27.64, 0.00, 1, 0.00, 1500, 1500, 1500, 162.50, 13267.50, 0.00, 13265.00
23, 0, 0.000000, 0.000000, 28.03, 0.00, 1, 0.00, 1500, 1500, 1500, 176.25, 13302.50, 0.00, 13300.00
24, 0, 0.000000, 0.000000, 27.83, 0.00, 1, 0.00, 1500, 1500, 1500, 170.00, 13300.00, 0.00, 13297.50
25, 0, 0.000000, 0.000000, 28.03, 0.00, 1, 0.00, 1500, 1500, 1500, 158.75, 13301.25, 1.25, 13298.75
26, 0, 0.000000, 0.000000, 25.40, 0.00, 1, 0.00, 1500, 1500, 1500, 168.75, 13300.00, 1.25, 13295.00
28, 0, 0.000000, 0.000000, 27.30, 0.00, 1, 0.00, 1500, 1500, 1500, 162.50, 13298.75, 0.00, 13297.50
29, 0, 0.000000, 0.000000, 28.49, 0.00, 1, 0.00, 1500, 1500, 1500, 163.75, 13300.00, 0.00, 13296.25
30, 0, 0.000000, 0.000000, 27.37, 0.00, 1, 0.00, 1500, 1500, 1500, 160.00, 13298.75, 0.00, 13298.75
31, 0, 0.000000, 0.000000, 27.08, 0.00, 1, 0.00, 1500, 1500, 1500, 175.00, 13301.25, 0.00, 13297.50
32, 0, 0.000000, 0.000000, 30.13, 0.00, 1, 0.00, 1500, 1500, 1500, 170.00, 13298.75, 0.00, 13298.75
33, 0, 0.000000, 0.000000, 28.89, 0.00, 1, 0.00, 1500, 1500, 1500, 175.00, 13298.75, 0.00, 13295.00
34, 0, 0.000000, 0.000000, 29.09, 0.00, 1, 0.00, 1500, 1500, 1500, 173.75, 13301.25, 0.00, 13297.50
35, 0, 0.000000, 0.000000, 26.37, 0.00, 1, 0.00, 1500, 1500, 1500, 162.50, 13298.75, 0.00, 13295.00
36, 0, 0.000000, 0.000000, 29.09, 0.00, 1, 0.00, 1500, 1500, 1500, 168.75, 13296.25, 0.00, 13295.00
37, 0, 0.000000, 0.000000, 28.32, 0.00, 1, 0.00, 1500, 1500, 1500, 163.75, 13300.00, 0.00, 13296.25End:blackbox.txt
depthlog.txt		4487
